method,scope,auroc,auprc,f1,sensitivity,specificity,ppv,npv,accuracy,balanced_accuracy,brier,threshold,n,n_pos,prevalence,f1_at_0.5,calib_intercept,calib_slope,ece,threshold_source,auroc_lo,auroc_hi,auprc_lo,auprc_hi,f1_lo,f1_hi,sensitivity_lo,sensitivity_hi,specificity_lo,specificity_hi,ppv_lo,ppv_hi,npv_lo,npv_hi,brier_lo,brier_hi,accuracy_lo,accuracy_hi,balanced_accuracy_lo,balanced_accuracy_hi,sens_at_spec_80,thresh_at_spec_80,sens_at_spec_90,thresh_at_spec_90,sens_at_spec_95,thresh_at_spec_95
centralized (upper bound),global,0.8700569776869187,0.4866545995914448,0.47124378109452736,0.540886249428963,0.9184076653331358,0.41748942172073344,0.9487244897959184,0.8815742556605456,0.7296469573810493,0.06606234206005525,0.22876012325286865,22436,2189,0.09756641112497771,0.31889204545454547,1.5144183388587855,1.0366662426510904,0.006713217379470733,validation,0.862403502446025,0.8780547944173154,0.46637951109183173,0.5076074274160205,0.45537839518562007,0.4873366260151131,0.5207629054362723,0.5619118318867062,0.9145058527189214,0.9219649824665382,0.4023815358253185,0.43296676905660264,0.9465084879437802,0.950979063670252,0.06481537445928871,0.06727966102232276,0.8774737029773578,0.8856313513995364,0.7192976434388433,0.7404627555604231,0.7715851987208772,0.13165056705474854,0.6007309273640932,0.2038217931985855,0.4563727729556875,0.2869434356689453
federated fedprox,global,0.8465177307849701,0.4407516532783031,0.4477413640389725,0.46185472818638645,0.93500271645182,0.4344649763644177,0.9414192650057188,0.8888393653057586,0.6984287223191032,0.06911141114703467,0.2456897795200348,22436,2189,0.09756641112497771,0.2741702741702742,0.9033360031470843,1.0098612235500735,0.0036972993332836106,validation,0.8376321440037374,0.8550208550486462,0.42047054131996897,0.4612552493418641,0.42926732927632105,0.4653029888743709,0.4403837368661489,0.4828688899040658,0.9312984639699708,0.9384106287351213,0.4166316584572,0.45238200125865324,0.9391984627142715,0.943553540210524,0.06782831291050871,0.07043465022957983,0.885005125690854,0.89271706186486,0.6873406629924904,0.7089112635628833,0.7300137048880767,0.12299671024084091,0.5577889447236181,0.19613143801689148,0.40749200548195524,0.27646660804748535
federated fedprox,Medical Intensive Care Unit (MICU),0.891596344490704,0.6523532646510918,0.6175637393767704,0.6666666666666666,0.9064497385241139,0.575197889182058,0.9346914319952067,0.8681640625,0.7865582025953903,0.08601124702940847,0.2910420596599579,2048,327,0.15966796875,0.49586776859504134,0.8880286966137103,1.2472299771283242,0.03165085176942739,validation,0.8722680078966961,0.9104846232988075,0.6021055363175453,0.703206456845346,0.5787198532240404,0.6572666983589425,0.617737003058104,0.7186544342507645,0.8925043579314352,0.9203951191167926,0.5348208748501261,0.6173976982097186,0.9257944759658562,0.9441748301262253,0.0805478952301929,0.09116755010483561,0.853515625,0.8828247070312499,0.760411502451281,0.8129988743121042,0.8501529051987767,0.1810380220413208,0.672782874617737,0.283665269613266,0.5107033639143731,0.3810693025588989
local-only (lower bound),Medical Intensive Care Unit (MICU),0.839539276467881,0.4966716085683541,0.5120643431635389,0.5840978593272171,0.8675188843695526,0.45584725536992843,0.9165131982811541,0.822265625,0.7258083718483849,0.10512088205058738,0.29968616366386414,2048,327,0.15966796875,0.16756756756756758,0.849389510424108,1.191254536679693,0.0242744154847685,validation,0.8188328384571235,0.86087892502581,0.44943179804305133,0.5479013627805035,0.4726727362746177,0.5520024357239514,0.5320336391437309,0.6391437308868502,0.8512492736780941,0.8826263800116212,0.4184384935191978,0.4944709655712567,0.9067231980617807,0.9267410155551583,0.10116502035128763,0.1090013781038541,0.8056640625,0.8379028320312499,0.6981927689434526,0.7537614590052366,0.709480122324159,0.25319838523864746,0.5137614678899083,0.32460299134254456,0.3302752293577982,0.3731704652309418
federated fedprox,Cardiac Vascular Intensive Care Unit (CVICU),0.8971052241492493,0.4520748695112676,0.46153846153846156,0.3888888888888889,0.9908519153802172,0.5675675675675675,0.9813137032842583,0.9728230726566833,0.6898704021345531,0.02184467972523695,0.23554223775863647,1803,54,0.029950083194675542,0.25396825396825395,1.4037515829767249,1.1477419789977719,0.008180328692277337,validation,0.8448272028460708,0.9431955826609915,0.3287830192243792,0.585363354062753,0.3209416863672182,0.5800161290322581,0.25925925925925924,0.5185185185185185,0.9862635791881075,0.9948542024013722,0.42105263157894735,0.7222701149425285,0.9773496225525267,0.9852104664391353,0.01950759556542803,0.024261326621208112,0.9667221297836939,0.978369384359401,0.6230472968680516,0.7543993393049997,0.8148148148148148,0.03592238575220108,0.7592592592592593,0.06867222487926483,0.6296296296296297,0.11309647560119629
local-only (lower bound),Cardiac Vascular Intensive Care Unit (CVICU),0.8687398089913811,0.29455404331356333,0.33870967741935487,0.3888888888888889,0.9719839908519153,0.3,0.9809578765147143,0.954520244037715,0.6804364398704021,0.024621187981835393,0.16089637577533722,1803,54,0.029950083194675542,0.0,0.7728074365298689,1.2157017216872066,0.009686022615695556,validation,0.8087751201744913,0.9227749190013341,0.2058852870486656,0.4299187045620911,0.2393162393162393,0.44628468122786297,0.25925925925925924,0.5185185185185185,0.9634076615208691,0.9799885648942253,0.21428571428571427,0.4035561877667138,0.9770375577597367,0.9850402761795167,0.02299822003303177,0.026207902714369055,0.9456461453133667,0.9633943427620633,0.6161862334032145,0.7486817864176354,0.7777777777777778,0.031874801963567734,0.7222222222222222,0.06897345930337906,0.5555555555555556,0.11766715347766876
federated fedprox,Medical/Surgical Intensive Care Unit (MICU/SICU),0.8636104025909124,0.5618163986312682,0.5344467640918581,0.5541125541125541,0.9100449775112444,0.5161290322580645,0.9217919514047077,0.8575079872204473,0.7320787658118992,0.09017773019273512,0.2945310175418854,1565,231,0.1476038338658147,0.4049079754601227,0.9731108306567906,1.0296541640846921,0.014011460300996155,validation,0.8390718601738092,0.8878779765961174,0.5023881421106497,0.6235231891148083,0.4833226495726496,0.5847457627118644,0.48917748917748916,0.6190476190476191,0.8950524737631185,0.9250374812593704,0.46743190904547727,0.5720725958516657,0.9112950908658612,0.9322688795223042,0.08405358125431348,0.09634457351414252,0.8415335463258786,0.8741214057507988,0.6993478098613031,0.7646358233221052,0.7575757575757576,0.17628012597560883,0.5844155844155844,0.273861289024353,0.43722943722943725,0.3769238591194153
local-only (lower bound),Medical/Surgical Intensive Care Unit (MICU/SICU),0.8066616042628036,0.4649430321298807,0.49242424242424243,0.5627705627705628,0.8748125937031485,0.4377104377104377,0.9203470031545742,0.8287539936102236,0.7187915782368557,0.10127677622343982,0.2900090217590332,1565,231,0.1476038338658147,0.3281733746130031,0.7477559197158654,0.8317041186380689,0.017540710387504484,validation,0.7769524328744719,0.8372257864574205,0.409514870748584,0.5285406696105867,0.44660194174757284,0.5399239543726235,0.5021645021645021,0.6277056277056277,0.8568028485757121,0.8913043478260869,0.3940274513992737,0.4809747118661706,0.9103663289166017,0.9312260389317004,0.0948878290612228,0.10765024057953797,0.810223642172524,0.8453674121405751,0.6879013415370236,0.7517204060307509,0.658008658008658,0.21036328375339508,0.5064935064935064,0.3236441910266876,0.31601731601731603,0.43051645159721375
federated fedprox,Surgical Intensive Care Unit (SICU),0.892199757712619,0.5165005971014701,0.5377049180327869,0.5815602836879432,0.9320066334991708,0.5,0.9501267962806424,0.8953229398663697,0.756783458593557,0.06679684013903832,0.28329378366470337,1347,141,0.10467706013363029,0.4095238095238095,1.402844330280066,0.9811771173736356,0.019771177315406584,validation,0.8657588240828952,0.916794867271209,0.4452912444173492,0.6026196802434562,0.4725999689675045,0.6012811991587633,0.5035460992907801,0.6595744680851063,0.917910447761194,0.9461028192371476,0.43902439024390244,0.5664393939393939,0.941027801179444,0.9594130908947569,0.06052805251583978,0.07286956774514618,0.8797327394209354,0.910913140311804,0.7158840107970784,0.7970400656293003,0.7730496453900709,0.1165095716714859,0.6666666666666666,0.2202959656715393,0.5177304964539007,0.33424583077430725
local-only (lower bound),Surgical Intensive Care Unit (SICU),0.8479823106688777,0.4644490058294915,0.4517647058823529,0.6808510638297872,0.8441127694859039,0.3380281690140845,0.9576669802445907,0.8270230141054195,0.7624819166578456,0.07197154240766118,0.1585080325603485,1347,141,0.10467706013363029,0.20987654320987653,0.7279932902142283,1.1490637539093984,0.02046667230498729,validation,0.811338990626066,0.8848149912376652,0.39516125917165007,0.5548365049001985,0.40301991880853977,0.5000290023201854,0.6028368794326241,0.7588652482269503,0.824212271973466,0.8640132669983416,0.30034101533020197,0.3799335321844159,0.9475609551063131,0.9678972601462001,0.06700546698445901,0.07686697826065929,0.807720861172977,0.8470861172976984,0.7207532814650153,0.804162917681098,0.75177304964539,0.13014690577983856,0.624113475177305,0.2106931060552597,0.45390070921985815,0.29326343536376953
federated fedprox,Coronary Care Unit (CCU),0.8726257838654223,0.5529448051620319,0.4963503649635036,0.48226950354609927,0.9362119725220804,0.5112781954887218,0.928919182083739,0.8810344827586207,0.7092407380340898,0.07679185492198502,0.3110341429710388,1160,141,0.12155172413793103,0.3880597014925373,0.9665544408727718,1.051019160946775,0.016506324604892264,validation,0.8436178912715149,0.9001411131758991,0.48088825345381003,0.6329950679750284,0.42747937700073874,0.5674938392982544,0.40407801418439715,0.5673758865248227,0.9205103042198234,0.9509322865554465,0.44078372285609124,0.5873015873015873,0.9185823754789272,0.9399616141732283,0.06972291807215567,0.08366527067215733,0.8637931034482759,0.8974137931034483,0.6682709372977261,0.7527780677760842,0.7801418439716312,0.14035336673259735,0.5673758865248227,0.24390505254268646,0.46099290780141844,0.3597145974636078
local-only (lower bound),Coronary Care Unit (CCU),0.7987736551618538,0.4171882562840751,0.42239185750636127,0.5886524822695035,0.8341511285574092,0.32936507936507936,0.9361233480176211,0.8043103448275862,0.7114018054134563,0.08891710592218359,0.18202263116836548,1160,141,0.12155172413793103,0.14102564102564102,0.4698696710956811,1.1040183770891718,0.009571967687626401,validation,0.7582108380487058,0.8363835355201525,0.34751048151722524,0.4955683146075972,0.36897311750252926,0.47500618811881185,0.5035460992907801,0.6737588652482269,0.8096172718351324,0.8567222767419038,0.2872630402384501,0.37239908429933455,0.9242586401889366,0.9487193763919821,0.08386326575676911,0.09418008169252053,0.7810344827586206,0.825883620689655,0.6681957697367047,0.7544551569818831,0.6524822695035462,0.16113249957561493,0.46099290780141844,0.2364419400691986,0.3120567375886525,0.32038405537605286
federated fedprox,Trauma SICU (TSICU),0.8849661991726364,0.5662692605695819,0.5486725663716815,0.5849056603773585,0.9379679144385027,0.5166666666666667,0.9522258414766558,0.9020172910662824,0.7614367874079306,0.06380827351876465,0.259910523891449,1041,106,0.10182516810758886,0.4172661870503597,1.0136017224405895,1.1777118800085158,0.019822501034165427,validation,0.8522512864493996,0.9145747149631721,0.47711057898318904,0.6541167064122365,0.4757183595280595,0.6168339679243104,0.49056603773584906,0.6792452830188679,0.9219251336898395,0.9529411764705882,0.4461344537815126,0.5925925925925926,0.9420589119185583,0.9628435561435186,0.0578946171208186,0.06987148589365033,0.8847262247838616,0.9183477425552353,0.7143604328523862,0.8096870901019069,0.7924528301886793,0.12371567636728287,0.660377358490566,0.20306165516376495,0.4811320754716981,0.3055649697780609
local-only (lower bound),Trauma SICU (TSICU),0.816406013520331,0.4442300516204756,0.41255605381165916,0.4339622641509434,0.9240641711229947,0.39316239316239315,0.935064935064935,0.8741594620557157,0.679013217636969,0.07405446322145906,0.2367909699678421,1041,106,0.10182516810758886,0.24193548387096775,0.7066135130017894,1.0789191731530858,0.019950664501349143,validation,0.7732410957521946,0.8554653919886994,0.35903760870444396,0.5343342308371448,0.33624819921794613,0.484588172473635,0.33962264150943394,0.5283018867924528,0.906951871657754,0.9411764705882353,0.3203125,0.4722222222222222,0.9254045986284792,0.9450433994884426,0.06891351443117535,0.07921751625940791,0.8568443804034582,0.8924111431316042,0.63237576934719,0.7251135102411461,0.6509433962264151,0.1495630145072937,0.4528301886792453,0.22091194987297058,0.3490566037735849,0.2711018919944763
federated fedprox,Neuro Intermediate,0.8675990675990677,0.10645038691807286,0.11764705882352941,0.07692307692307693,0.9954545454545455,0.25,0.9820627802690582,0.9777117384843982,0.5361888111888112,0.018453948024917323,0.2456897795200348,673,13,0.019316493313521546,0.0,0.9315536940093283,0.9704660542795518,0.002980955712857724,validation,0.8047785547785548,0.9271561771561772,0.06219213282678005,0.25800952892693646,0.0,0.33333333333333337,0.0,0.23076923076923078,0.9893939393939394,1.0,0.0,1.0,0.9805381927299823,0.9850299401197605,0.01703770368704257,0.019729702770605546,0.9717682020802377,0.9821693907875185,0.49619318181818184,0.6138694638694638,0.6153846153846154,0.027522018179297447,0.5384615384615384,0.04853866249322891,0.3076923076923077,0.08110591769218445
local-only (lower bound),Neuro Intermediate,0.8198135198135198,0.07648785756971119,0.05555555555555555,0.07692307692307693,0.9666666666666667,0.043478260869565216,0.9815384615384616,0.9494799405646359,0.5217948717948718,0.019143461839554385,0.1348557472229004,673,13,0.019316493313521546,0.0,0.6304862607570945,0.7919719153914003,0.007458838385880616,validation,0.7296008158508158,0.8952214452214452,0.045192870629995816,0.22882750366994695,0.0,0.17647058823529413,0.0,0.23076923076923078,0.953030303030303,0.9803030303030303,0.0,0.14285714285714285,0.9798441788242092,0.9846625766871165,0.017783432132093335,0.020280045881049757,0.9361069836552749,0.962852897473997,0.4787689393939394,0.6017482517482518,0.6153846153846154,0.02686702460050583,0.3076923076923077,0.0593813881278038,0.07692307692307693,0.10897161811590195
federated fedprox,eICU_Hospital_73,0.805664801089094,0.34228041782525953,0.26666666666666666,0.18181818181818182,0.9866888519134775,0.5,0.9427662957074722,0.931782945736434,0.5842535168658297,0.05545632131909476,0.24706770479679108,645,44,0.06821705426356589,0.044444444444444446,0.8297928698291752,1.1238259324253692,0.015025161912253258,validation,0.7356423007109363,0.8690884510664043,0.22837642038634243,0.4885854062425393,0.10904220779220779,0.40625,0.06818181818181818,0.29545454545454547,0.9767054908485857,0.9950083194675541,0.25,0.739402173913042,0.9353286762250761,0.9504,0.05164991305317528,0.059194882815333,0.9193798449612403,0.9426356589147287,0.5274145363787627,0.6419036454394191,0.6136363636363636,0.09602869302034378,0.5227272727272727,0.1278146356344223,0.38636363636363635,0.1677526980638504
local-only (lower bound),eICU_Hospital_73,0.7766601119346543,0.18955839616703743,0.2280701754385965,0.29545454545454547,0.9051580698835274,0.18571428571428572,0.9460869565217391,0.8635658914728682,0.6003063076690365,0.059882168831108994,0.15666480362415314,645,44,0.06821705426356589,0.0,0.5627513547380514,0.8878392001770716,0.017403476612368064,validation,0.7066215398578127,0.8345607699289063,0.1383987301445765,0.2835507580484851,0.13556877444589313,0.32144370460048416,0.18125000000000005,0.4318181818181818,0.8818635607321131,0.9267886855241264,0.11107305936073059,0.26317616959064316,0.9368573699717044,0.9562171628721541,0.056181604118098895,0.06376996171577057,0.8387596899224806,0.8852713178294573,0.5359868968386023,0.6701520193616699,0.5,0.09135870635509491,0.29545454545454547,0.14569929242134094,0.22727272727272727,0.22703905403614044
federated fedprox,eICU_Hospital_264,0.7566184830274484,0.24830641612004598,0.2678571428571429,0.3191489361702128,0.9045801526717557,0.23076923076923078,0.9367588932806324,0.8563922942206655,0.6118645444209843,0.06995192523743864,0.16412316262722015,571,47,0.08231173380035026,0.08,0.5366537623385348,0.8954311462945614,0.017041198886855912,validation,0.6885597693681988,0.820652306318012,0.16684742266586003,0.3642610795991217,0.1651376146788991,0.3703853046594981,0.19148936170212766,0.44680851063829785,0.8778625954198473,0.9293893129770993,0.14515544647031325,0.323539768019884,0.9253424000180657,0.9487204724409448,0.06465862034289489,0.07485717344607437,0.8283712784588442,0.882661996497373,0.5451721617670944,0.6823737209680039,0.48936170212765956,0.12789671123027802,0.3191489361702128,0.1582997590303421,0.19148936170212766,0.22307607531547546
local-only (lower bound),eICU_Hospital_264,0.772210492122787,0.24352448448750286,0.33599999999999997,0.44680851063829785,0.8912213740458015,0.2692307692307692,0.947261663286004,0.8546409807355516,0.6690149423420497,0.06933200339597656,0.17833997309207916,571,47,0.08231173380035026,0.07692307692307693,0.5394308334398876,0.8531759508388058,0.011825537366952403,validation,0.7017165421471495,0.8382349358453793,0.1787918773425541,0.3623018584940934,0.239982905982906,0.4310499875961299,0.3191489361702128,0.5957446808510638,0.8645038167938931,0.9179389312977099,0.1922945205479452,0.35001623376623364,0.9348268839103869,0.9607438016528925,0.0638291115189167,0.075035959547628,0.8283712784588442,0.8809106830122592,0.5985057657950301,0.7415746305018678,0.6170212765957447,0.11294637620449066,0.40425531914893614,0.19219885766506195,0.23404255319148937,0.25679534673690796
federated fedprox,eICU_Hospital_420,0.8525749858517261,0.6079899821617429,0.48000000000000004,0.631578947368421,0.868663594470046,0.3870967741935484,0.9472361809045227,0.8411405295315683,0.7501212709192335,0.07101036863085225,0.2573617696762085,491,57,0.11608961303462322,0.4819277108433735,0.6908596793223261,1.0121889985273869,0.03644499403842802,validation,0.7930986741046164,0.9051681623413372,0.5038537989942798,0.7176677334738275,0.39999999999999997,0.5652173913043478,0.5087719298245614,0.7543859649122807,0.836405529953917,0.9009216589861752,0.318646978021978,0.4683643196202531,0.9311996949927984,0.9645591995908451,0.060620510838809524,0.08126873902793147,0.8105906313645621,0.8737270875763747,0.688706645646374,0.8147248160724391,0.7543859649122807,0.19762654602527618,0.5964912280701754,0.3131466209888458,0.49122807017543857,0.3476478159427643
local-only (lower bound),eICU_Hospital_420,0.8345864661654135,0.5671662500839161,0.45086705202312144,0.6842105263157895,0.8225806451612904,0.33620689655172414,0.952,0.8065173116089613,0.7533955857385399,0.0766391444640539,0.18875375390052795,491,57,0.11608961303462322,0.3142857142857143,0.34905295373639467,1.2630603442252457,0.03649384791103557,validation,0.7708383862883015,0.894293192659067,0.4572113564794214,0.6826563212037209,0.37988826815642457,0.5283127304272391,0.5614035087719298,0.8070175438596491,0.7880184331797235,0.8594470046082949,0.2806917862838915,0.4036697247706422,0.9353938822543474,0.9696969696969697,0.06794830894277146,0.08528888041650015,0.7718940936863544,0.8431771894093686,0.6919920769666101,0.8159622847441182,0.6842105263157895,0.1889803558588028,0.543859649122807,0.28257519006729126,0.45614035087719296,0.357279896736145
federated fedprox,eICU_Hospital_458,0.8033062482488091,0.379191840388526,0.35443037974683544,0.32558139534883723,0.9337349397590361,0.3888888888888889,0.9144542772861357,0.864,0.6296581675539367,0.08877124691686386,0.25513139367103577,375,43,0.11466666666666667,0.21818181818181817,0.6865675584740925,0.8105146204419894,0.032834653097825746,validation,0.7354178341272065,0.8684522975623423,0.27314240961479513,0.5285789069749699,0.21533333333333335,0.4836080586080581,0.18604651162790697,0.46511627906976744,0.9066265060240963,0.9578313253012049,0.24388595912986155,0.5385135135135132,0.8980155518297971,0.9313483919687278,0.07724787560207633,0.10082231726744048,0.8346666666666667,0.8906666666666667,0.5583470509946763,0.7024376576071729,0.6744186046511628,0.13714449107646942,0.46511627906976744,0.19489982724189758,0.18604651162790697,0.3487545847892761
local-only (lower bound),eICU_Hospital_458,0.7883160549173438,0.4182121915302008,0.4264705882352941,0.6744186046511628,0.8072289156626506,0.3118279569892473,0.950354609929078,0.792,0.7408237601569068,0.08552285358143202,0.15708525478839874,375,43,0.11466666666666667,0.045454545454545456,0.3657529204217842,1.2352545821317302,0.030179416996737325,validation,0.7092305267581955,0.8679654665172316,0.30002767392752344,0.5697579894890019,0.3448161680749029,0.5142962184873948,0.5348837209302325,0.813953488372093,0.7620481927710844,0.8493975903614458,0.25,0.3820398113469273,0.9300699300699301,0.9717314487632509,0.07733276760923989,0.09305963406811162,0.7493333333333333,0.832,0.6680337629588119,0.8166363126926309,0.6046511627906976,0.16515350341796875,0.5116279069767442,0.21612896025180817,0.27906976744186046,0.2883409559726715
federated fedprox,eICU_Hospital_443,0.7846511627906977,0.3421947683080288,0.3829787234042554,0.4186046511627907,0.9057142857142857,0.35294117647058826,0.9269005847953217,0.8524173027989822,0.6621594684385382,0.09053650346129077,0.2808449864387512,393,43,0.10941475826972011,0.26229508196721313,1.2308486293085164,0.4992038527042764,0.041278634293769274,validation,0.7118887043189368,0.849436877076412,0.24184420140150992,0.4835320357161233,0.26370851370851367,0.49438202247191015,0.27906976744186046,0.5581395348837209,0.8742857142857143,0.9371428571428572,0.24527339237581824,0.4772727272727273,0.9101123595505618,0.94345657587961,0.07698874558730061,0.10537722454725997,0.8193384223918575,0.8854961832061069,0.5878812292358804,0.7333554817275747,0.5813953488372093,0.16399350762367249,0.4186046511627907,0.2818028926849365,0.23255813953488372,0.4189375340938568
local-only (lower bound),eICU_Hospital_443,0.6957475083056479,0.2795381193647616,0.3555555555555555,0.37209302325581395,0.9114285714285715,0.3404255319148936,0.9219653179190751,0.8524173027989822,0.6417607973421927,0.09822012839740632,0.32165396213531494,393,43,0.10941475826972011,0.2318840579710145,0.8794783240444746,0.42080620365625393,0.07516091163228703,validation,0.6079053156146179,0.778406976744186,0.1927486531999479,0.4078892033933052,0.23652751423149906,0.47727272727272724,0.23255813953488372,0.5122093023255783,0.8828571428571429,0.94,0.23072916666666668,0.4634571752694269,0.9061539714765521,0.9396577690070628,0.0849111729293556,0.1113387886841162,0.821882951653944,0.8829516539440203,0.5717632890365448,0.717472591362126,0.46511627906976744,0.17614132165908813,0.3953488372093023,0.29526305198669434,0.16279069767441862,0.5205345153808594
federated fedprox,eICU_Hospital_243,0.7625213559931661,0.3632358889456109,0.25688073394495414,0.42424242424242425,0.8160237388724035,0.18421052631578946,0.935374149659864,0.7810810810810811,0.6201330815574139,0.07031151818412054,0.136291041970253,370,33,0.0891891891891892,0.16666666666666666,0.5651854664867821,1.0829823362488191,0.02070067389616491,validation,0.6827623415160506,0.8369818361658122,0.2319439815058316,0.5210784091226098,0.16492310292377893,0.35296720458094727,0.2727272727272727,0.5757575757575758,0.7744807121661721,0.857566765578635,0.11840170278637771,0.2564102564102564,0.9182968739097062,0.9530201342281879,0.06274457709457665,0.07716228137748615,0.7405405405405405,0.8216216216216217,0.5369200161855949,0.7048006024638072,0.42424242424242425,0.12985515594482422,0.30303030303030304,0.16436251997947693,0.2727272727272727,0.2673039436340332
local-only (lower bound),eICU_Hospital_243,0.7638701555615502,0.24134948192386166,0.29268292682926833,0.36363636363636365,0.8902077151335311,0.24489795918367346,0.9345794392523364,0.8432432432432433,0.6269220393849474,0.07614284045328018,0.19608250260353088,370,33,0.0891891891891892,0.058823529411764705,0.43872471543183433,0.8682457773732946,0.020355054250339396,validation,0.6882452117615322,0.8345607409405629,0.16722467392108403,0.3641703841941003,0.17948717948717946,0.410958904109589,0.21212121212121213,0.5151515151515151,0.857566765578635,0.9228486646884273,0.1509433962264151,0.3488372093023256,0.9198813056379822,0.9504682184764743,0.06960574387901941,0.08236538538396761,0.8108108108108109,0.8756756756756757,0.549680784102149,0.7104419566585737,0.5454545454545454,0.12734182178974152,0.30303030303030304,0.21224050223827362,0.18181818181818182,0.2739506959915161
federated fedprox,eICU_Hospital_338,0.794655823409817,0.34012393691186577,0.3333333333333333,0.45454545454545453,0.9105431309904153,0.2631578947368421,0.9595959595959596,0.8805970149253731,0.6825442927679349,0.05338892849193902,0.12943331897258759,335,22,0.06567164179104477,0.08333333333333333,0.8225080387137016,0.9587323763410551,0.028478258525007467,validation,0.6921289573046762,0.8871805111821085,0.19271630430903092,0.5469464561901095,0.1923076923076923,0.4745762711864407,0.22727272727272727,0.6818181818181818,0.8785942492012779,0.939297124600639,0.15380434782608696,0.3846774193548384,0.9448228135067415,0.9756965470011534,0.046173228643944596,0.06006802536751439,0.8477611940298507,0.9134328358208955,0.5768642898634911,0.7898308161487072,0.6363636363636364,0.10203371196985245,0.4090909090909091,0.1354789137840271,0.2727272727272727,0.1599968820810318
local-only (lower bound),eICU_Hospital_338,0.730467615451641,0.2576255968007178,0.21739130434782608,0.22727272727272727,0.939297124600639,0.20833333333333334,0.9453376205787781,0.8925373134328358,0.5832849259366831,0.058091416965182545,0.20766879618167877,335,22,0.06567164179104477,0.08695652173913043,0.7095091649862688,0.7040013046643958,0.029330529006364847,validation,0.6184976764449609,0.8292223351728144,0.12338387673904429,0.43195530580241864,0.052631578947368425,0.3829787234042554,0.045454545454545456,0.4090909090909091,0.9136581469648563,0.9616613418530351,0.0625,0.3684210526315789,0.9341692789968652,0.9579321954274975,0.05128803299602392,0.06430577994918643,0.8656716417910447,0.9194029850746268,0.4987656113854197,0.6774288411269239,0.4090909090909091,0.07868552953004837,0.2727272727272727,0.12511952221393585,0.18181818181818182,0.23860664665699005
federated fedprox,eICU_Hospital_252,0.8356426182513139,0.5012432231251948,0.42000000000000004,0.5,0.8762541806020067,0.3620689655172414,0.9257950530035336,0.8299120234604106,0.6881270903010033,0.08500978503631315,0.21702107787132263,341,42,0.12316715542521994,0.17391304347826086,0.7284479372578601,1.229885578716621,0.03192056247095995,validation,0.7728917821309125,0.8922638955247651,0.3756585496914876,0.6330064147009374,0.3106796116504854,0.5272727272727272,0.35714285714285715,0.6428571428571429,0.8361204013377926,0.9130434782608695,0.26666666666666666,0.4643452380952378,0.9053980074965476,0.9466229381757167,0.07554185654784447,0.09450490745123064,0.7917888563049853,0.8651026392961877,0.6116817964644051,0.7645723841376015,0.7380952380952381,0.1650777906179428,0.42857142857142855,0.2597971260547638,0.3333333333333333,0.31791701912879944
local-only (lower bound),eICU_Hospital_252,0.7700270743749005,0.3807387260895179,0.4242424242424242,0.5,0.8795986622073578,0.3684210526315789,0.926056338028169,0.8328445747800587,0.689799331103679,0.09370406041321477,0.2065877914428711,341,42,0.12316715542521994,0.23076923076923078,0.4825452392539826,0.9745062890116896,0.01490811621251344,validation,0.6986781334607421,0.8405876731963687,0.2724803667630385,0.5164819354948792,0.3137254901960784,0.5294417767106842,0.35714285714285715,0.6428571428571429,0.8394648829431438,0.9130434782608695,0.2727272727272727,0.4706159822419532,0.9060323593880641,0.9471701435025246,0.08421589544859057,0.1031583171097491,0.7947214076246334,0.8680351906158358,0.6150262780697563,0.7664437012263099,0.5476190476190477,0.16189195215702057,0.42857142857142855,0.23112140595912933,0.21428571428571427,0.3169904053211212
federated fedprox,eICU_Hospital_208,0.7698019801980198,0.3530446402049558,0.34210526315789475,0.3611111111111111,0.9108910891089109,0.325,0.9230769230769231,0.8525073746312685,0.636001100110011,0.08301490590288554,0.23920659720897675,339,36,0.10619469026548672,0.14285714285714285,0.7773057010655613,0.8351393560947872,0.02866749767304033,validation,0.6877521085441878,0.8433282911624496,0.23519621534431823,0.5102080123563384,0.20774446142093203,0.47500000000000003,0.2222222222222222,0.5277777777777778,0.8778877887788779,0.9405940594059405,0.2,0.45652173913043476,0.9058411495911497,0.9421768707482994,0.0737074278310347,0.0930268668940771,0.8171091445427728,0.8849557522123894,0.5566384763476347,0.7203142189218921,0.5,0.14611071348190308,0.3611111111111111,0.22155344486236572,0.3055555555555556,0.2845709025859833
local-only (lower bound),eICU_Hospital_208,0.7228639530619728,0.21600645407687083,0.31055900621118016,0.6944444444444444,0.66996699669967,0.2,0.9485981308411215,0.672566371681416,0.6822057205720572,0.09064109405177448,0.14160598814487457,339,36,0.10619469026548672,0.0,0.011925766160282514,1.0370436696647019,0.029743894676411402,validation,0.6392464246424642,0.8008800880088008,0.16320808620719476,0.32980506929027675,0.24516129032258063,0.3718023255813953,0.5277777777777778,0.8333333333333334,0.6171617161716172,0.7227722772277227,0.15826391518364255,0.24271844660194175,0.9238084561178732,0.9714285714285714,0.08521196664916866,0.09613540683294765,0.6224188790560472,0.7227138643067846,0.6011860561056106,0.754950495049505,0.4722222222222222,0.1801273673772812,0.25,0.23231446743011475,0.08333333333333333,0.28445401787757874
federated fedprox,eICU_Hospital_122,0.8398258734233731,0.5583884565796428,0.3773584905660377,0.6451612903225806,0.8096885813148789,0.26666666666666666,0.9551020408163265,0.79375,0.7274249358187297,0.06126930776070294,0.11967285722494125,320,31,0.096875,0.43902439024390244,0.9438108541515153,1.0191639614448575,0.03936910069005534,validation,0.758231945529635,0.9087035383413327,0.39219823866436987,0.7136055135254059,0.27999999999999997,0.4706159822419533,0.45161290322580644,0.8064516129032258,0.7647058823529411,0.8546712802768166,0.19718309859154928,0.33846774193548385,0.9335872395833333,0.9752066115702479,0.04924285975611474,0.0743792337750914,0.746875,0.8375,0.6346550954347584,0.8127162629757785,0.6129032258064516,0.13330373167991638,0.5483870967741935,0.1771615743637085,0.5161290322580645,0.24436606466770172
local-only (lower bound),eICU_Hospital_122,0.8608103582989173,0.502761472108191,0.3913043478260869,0.2903225806451613,0.9792387543252595,0.6,0.9278688524590164,0.9125,0.6347806674852104,0.06688279601601906,0.3509793281555176,320,31,0.096875,0.3157894736842105,0.49661399477356793,1.3277712468014238,0.043411444930097784,validation,0.7750837147003012,0.9265543029355955,0.3633752450737079,0.6643213244476281,0.21612995974698102,0.5556666666666661,0.16129032258064516,0.45161290322580644,0.9619377162629758,0.9930795847750865,0.36363636363636365,0.8571428571428571,0.914466627583811,0.9435215946843853,0.05845607273254507,0.07559344750600543,0.890625,0.934375,0.5616000669717602,0.7171559325817614,0.7096774193548387,0.1525597721338272,0.5806451612903226,0.22105717658996582,0.41935483870967744,0.2648000419139862
federated fedprox,eICU_Hospital_167,0.9046875,0.59606112416463,0.5070422535211268,0.6,0.91015625,0.43902439024390244,0.9510204081632653,0.8776223776223776,0.755078125,0.066442770400813,0.1979033648967743,286,30,0.1048951048951049,0.32432432432432434,0.7643694943825912,1.6920575256376276,0.043733431232712144,validation,0.8528580729166667,0.946357421875,0.45601967622540823,0.7471195433079962,0.3767663043478261,0.6301730353280459,0.43333333333333335,0.7666666666666667,0.875,0.9453125,0.325,0.5714285714285714,0.929955863909702,0.9709573574294434,0.05719546311094243,0.07522898451624413,0.8426573426573427,0.9125874125874126,0.6628678385416666,0.8413020833333332,0.8333333333333334,0.1430167555809021,0.6333333333333333,0.19693228602409363,0.4666666666666667,0.2640877068042755
local-only (lower bound),eICU_Hospital_167,0.8072916666666667,0.4519842830018489,0.33333333333333337,0.6,0.765625,0.23076923076923078,0.9423076923076923,0.7482517482517482,0.6828125,0.07727574677956998,0.12990626692771912,286,30,0.1048951048951049,0.2857142857142857,0.460299779019572,1.2060926080230332,0.020669959267353887,validation,0.7268098958333333,0.883984375,0.2966818026504892,0.6181191895428567,0.239982905982906,0.4259920634920632,0.4,0.7666666666666667,0.7109375,0.81640625,0.16666666666666666,0.3030632411067192,0.9174746147679701,0.966824644549763,0.0667005814124065,0.08743956421239425,0.6958041958041958,0.8006993006993007,0.5886490885416666,0.7759114583333333,0.5,0.14117872714996338,0.43333333333333335,0.18444585800170898,0.3333333333333333,0.2715632915496826
federated fedprox,eICU_Hospital_199,0.8240740740740741,0.5531613901888248,0.5396825396825397,0.5666666666666667,0.9365079365079365,0.5151515151515151,0.9477911646586346,0.8971631205673759,0.7515873015873016,0.06955013498103156,0.2669186294078827,282,30,0.10638297872340426,0.32432432432432434,0.6086543969467115,1.1625810164093664,0.03747671415718892,validation,0.7284292328042327,0.9087466931216931,0.40695603319993223,0.7289058019525704,0.4067796610169491,0.6764819004524886,0.4,0.7333333333333333,0.9086309523809524,0.9642857142857143,0.3870967741935484,0.6666666666666666,0.9296806066176471,0.9673502571760412,0.058299975881718764,0.08030969695472416,0.8652482269503546,0.9290780141843972,0.6694345238095237,0.8381150793650791,0.7333333333333333,0.13487008213996887,0.5666666666666667,0.2328943908214569,0.5333333333333333,0.2799604833126068
local-only (lower bound),eICU_Hospital_199,0.7335978835978836,0.2565259287579123,0.163265306122449,0.13333333333333333,0.9404761904761905,0.21052631578947367,0.9011406844106464,0.8546099290780141,0.5369047619047619,0.0887554325121664,0.28572332859039307,282,30,0.10638297872340426,0.0,0.38906709436593756,0.8535658340269403,0.022753759743051327,validation,0.6368849206349206,0.8205257936507936,0.1819271505796277,0.4203887297480853,0.04166666666666667,0.31377708978328145,0.03333333333333333,0.26666666666666666,0.9126984126984127,0.9682539682539683,0.05555555555555555,0.4,0.8901504745254745,0.9157088122605364,0.08057281967867587,0.09602803495050516,0.8262411347517731,0.8829787234042553,0.48291666666666666,0.6075396825396825,0.5,0.17330273985862732,0.26666666666666666,0.22780947387218475,0.13333333333333333,0.28097662329673767
federated fedprox,eICU_Hospital_281,0.8391857506361324,0.2692607883699103,0.3,0.4,0.9274809160305344,0.24,0.9642857142857143,0.8989169675090253,0.6637404580152673,0.045985281735096244,0.12527643144130707,277,15,0.05415162454873646,0.0,0.6017995560053193,1.381656075764956,0.016212591882089036,validation,0.7218320610687021,0.9351208651399491,0.16905527352220542,0.5042767028686872,0.12241805813234385,0.4737468671679194,0.13333333333333333,0.6666666666666666,0.8931297709923665,0.9580152671755725,0.10526315789473684,0.4,0.9499951737451737,0.9798387096774194,0.04242091372906318,0.049267190266526525,0.8664259927797834,0.9314079422382672,0.5379930025445293,0.7970737913486006,0.8,0.07534729689359665,0.5333333333333333,0.09985379874706268,0.26666666666666666,0.1502057909965515
local-only (lower bound),eICU_Hospital_281,0.7155216284987277,0.18862171815034445,0.18666666666666668,0.4666666666666667,0.7977099236641222,0.11666666666666667,0.9631336405529954,0.779783393501805,0.6321882951653944,0.04973786955596495,0.07365648448467255,277,15,0.05415162454873646,0.0,0.049876576409749074,2.0616295908320286,0.01576674217190123,validation,0.5701526717557253,0.8501399491094147,0.0941819911592787,0.41848539824855807,0.08695652173913045,0.2857142857142857,0.2,0.7333333333333333,0.7480916030534351,0.8435114503816794,0.05555555555555555,0.18333333333333332,0.9461883408071748,0.9812206572769953,0.04837615494737573,0.05102228080844734,0.7292418772563177,0.8267148014440433,0.5026717557251908,0.7655216284987277,0.4666666666666667,0.07248346507549286,0.4,0.08509169518947601,0.2,0.09718547016382217
federated fedprox,eICU_Hospital_449,0.8810358255451713,0.43220668418229624,0.38888888888888895,0.2916666666666667,0.9766355140186916,0.5833333333333334,0.9247787610619469,0.907563025210084,0.6341510903426791,0.0726369285844613,0.41677844524383545,238,24,0.10084033613445378,0.34285714285714286,1.4268310262447552,0.8070595003693745,0.03654848834326806,validation,0.8237928348909658,0.9303056853582554,0.31074962491029456,0.6389696386994291,0.18181818181818182,0.5778070175438595,0.125,0.4583333333333333,0.9532710280373832,0.9953271028037384,0.3125,0.8571428571428571,0.9082969432314411,0.9422222222222222,0.05726168271995803,0.08889214583299612,0.8781512605042017,0.9327731092436975,0.548481308411215,0.724493769470405,0.6666666666666666,0.12832410633563995,0.5833333333333334,0.18191780149936676,0.3333333333333333,0.37951305508613586
local-only (lower bound),eICU_Hospital_449,0.7548676012461059,0.30759484451758395,0.2857142857142857,0.4166666666666667,0.8317757009345794,0.21739130434782608,0.9270833333333334,0.7899159663865546,0.6242211838006231,0.08307580363073316,0.20149073004722595,238,24,0.10084033613445378,0.0,0.5545513604298824,0.8063646494618085,0.025636118952137955,validation,0.6514359423676013,0.8440615264797506,0.1971917936213064,0.5152088131698125,0.1643835616438356,0.4057971014492754,0.20833333333333334,0.625,0.780373831775701,0.8785046728971962,0.1276595744680851,0.3170731707317073,0.9052565789473684,0.9513513513513514,0.07419937192725685,0.09194715051533447,0.7394957983193278,0.8362394957983188,0.5268642912772585,0.7260514018691588,0.4166666666666667,0.1945386677980423,0.2916666666666667,0.26455551385879517,0.25,0.3068893253803253
federated fedprox,eICU_Hospital_176,0.8050552922590837,0.5786574880081612,0.28205128205128205,0.7333333333333333,0.7535545023696683,0.1746031746031746,0.9754601226993865,0.7522123893805309,0.7434439178515008,0.04361519021512661,0.0705333948135376,226,15,0.06637168141592921,0.3333333333333333,0.7300310757226249,1.0671847942353625,0.031864943434031005,validation,0.6429304897314375,0.9469273301737756,0.3583564227631843,0.8061349016480595,0.1999450549450549,0.3661971830985915,0.5333333333333333,0.9333333333333333,0.6966824644549763,0.8104265402843602,0.12161138411138411,0.23214285714285715,0.9559748427672956,0.9938659658835852,0.03254711860249141,0.05388236046092072,0.6991150442477876,0.8053097345132744,0.6292219589257504,0.8505529225908373,0.6666666666666666,0.1278877854347229,0.6,0.15275610983371735,0.4666666666666667,0.21918652951717377
local-only (lower bound),eICU_Hospital_176,0.8031595576619273,0.3548043136228131,0.37209302325581395,0.5333333333333333,0.9052132701421801,0.2857142857142857,0.9646464646464646,0.8805309734513275,0.7192733017377567,0.05272148171165429,0.13973470032215118,226,15,0.06637168141592921,0.0,0.5860652668039803,1.1054155479220302,0.024099246223778587,validation,0.6464375987361769,0.9286018957345972,0.21106002893628986,0.6364189412399451,0.2127659574468085,0.5405405405405405,0.26666666666666666,0.8,0.8625592417061612,0.943127962085308,0.16666666666666666,0.4333695652173911,0.9468534543407907,0.9842125930008266,0.04559513630168404,0.06006894527969719,0.8407079646017699,0.9203539823008849,0.5953593996840443,0.8431872037914688,0.6666666666666666,0.10998274385929108,0.5333333333333333,0.1344328671693802,0.4666666666666667,0.18871645629405975
federated fedprox,eICU_Hospital_188,0.8292282430213465,0.3900261714193564,0.3050847457627119,0.5,0.8423645320197044,0.21951219512195122,0.95,0.8144796380090498,0.6711822660098522,0.06452294433250697,0.1676238477230072,221,18,0.08144796380090498,0.32,1.0250530769617097,0.7829583231463478,0.037799882051413526,validation,0.7408251231527093,0.9061371100164203,0.23315086409689362,0.6071940840809101,0.1739130434782609,0.44067796610169496,0.2777777777777778,0.7222222222222222,0.7881773399014779,0.8916256157635468,0.12759308510638298,0.325,0.9285615627466457,0.972531225604996,0.050598698976649197,0.07851200817794435,0.7601809954751131,0.8642533936651584,0.555083470169677,0.7946086480569239,0.5555555555555556,0.13661548495292664,0.3888888888888889,0.3214731216430664,0.3888888888888889,0.3214731216430664
local-only (lower bound),eICU_Hospital_188,0.7454844006568144,0.22886101406783121,0.2978723404255319,0.3888888888888889,0.8916256157635468,0.2413793103448276,0.9427083333333334,0.8506787330316742,0.6402572523262179,0.06973603346712325,0.1817975491285324,221,18,0.08144796380090498,0.0,0.2789009339219941,0.9498696966071364,0.021352684630999735,validation,0.6116447728516694,0.8599069512862615,0.14843703226797494,0.40469423545102784,0.14285714285714288,0.4444444444444444,0.16666666666666666,0.6111111111111112,0.8472906403940886,0.9310344827586207,0.12,0.37037037037037035,0.9238578680203046,0.9629629629629629,0.06329690661414031,0.07660948244258199,0.8054298642533937,0.8914027149321267,0.5316091954022989,0.7514299397920085,0.6111111111111112,0.11095744371414185,0.3333333333333333,0.1831764131784439,0.2222222222222222,0.2187538743019104
federated fedprox,eICU_Hospital_416,0.8488872936109116,0.3016902627490019,0.23076923076923075,0.21428571428571427,0.9547738693467337,0.25,0.945273631840796,0.9061032863849765,0.584529791816224,0.05609314626747551,0.2456897795200348,213,14,0.06572769953051644,0.125,0.9911118770556246,0.8718463210575111,0.03303468720580259,validation,0.7731335247666906,0.9124192390524049,0.16727613041199094,0.5206667012558562,0.0,0.4444444444444445,0.0,0.42857142857142855,0.9246231155778895,0.9798994974874372,0.0,0.5,0.9320388349514563,0.9601990049751243,0.045685171324943014,0.0650708762406174,0.8732394366197183,0.9342723004694836,0.4824120603015075,0.6992103374012921,0.7142857142857143,0.08957838267087936,0.2857142857142857,0.1537577360868454,0.14285714285714285,0.27513161301612854
local-only (lower bound),eICU_Hospital_416,0.8539124192390525,0.31174575877511046,0.3333333333333333,0.35714285714285715,0.9447236180904522,0.3125,0.9543147208121827,0.9061032863849765,0.6509332376166547,0.054925166244940274,0.2875189483165741,213,14,0.06572769953051644,0.0,0.7898549381265294,0.9267041624817419,0.020870801957188607,validation,0.7709888729361091,0.927494615936827,0.177907517279693,0.5371988525411325,0.12903225806451615,0.5454545454545454,0.14285714285714285,0.6428571428571429,0.914572864321608,0.9748743718592965,0.125,0.5384615384615384,0.9387755102040817,0.9738219895287958,0.04659754888545997,0.06310455070115502,0.8732394366197183,0.9389671361502347,0.5337401292175161,0.788765254845657,0.6428571428571429,0.09530221670866013,0.35714285714285715,0.28659766912460327,0.2857142857142857,0.3004281520843506
federated fedprox,Neuro Surgical Intensive Care Unit (Neuro SICU),0.873668188736682,0.743825119893597,0.7317073170731708,0.8333333333333334,0.8356164383561644,0.6521739130434783,0.9312977099236641,0.835,0.8344748858447488,0.11830664444654022,0.36867108941078186,200,54,0.27,0.6868686868686869,1.1166896029283473,0.7745433169926907,0.06451913028438866,validation,0.808843860984272,0.9272006595636734,0.6370226204835042,0.8498156879269232,0.6504065040650405,0.8032821913969453,0.7222222222222222,0.9259259259259259,0.773972602739726,0.8972602739726028,0.5692307692307692,0.746031746031746,0.891451671511628,0.968503937007874,0.09223286028014864,0.14500503375350646,0.78,0.885,0.7710553018772197,0.8886352105530189,0.8518518518518519,0.3132440149784088,0.6481481481481481,0.48376885056495667,0.4444444444444444,0.639819860458374
local-only (lower bound),Neuro Surgical Intensive Care Unit (Neuro SICU),0.8153221714865551,0.6581796061213592,0.606060606060606,0.5555555555555556,0.8972602739726028,0.6666666666666666,0.8451612903225807,0.805,0.7264079147640792,0.14678892224739634,0.48395830392837524,200,54,0.27,0.6122448979591837,0.5336095847160383,0.7798948918353998,0.08419186995830386,validation,0.7498668188736681,0.8802669964485033,0.5494726514773131,0.7662664738439574,0.48934988179669037,0.7115384615384615,0.42592592592592593,0.6851851851851852,0.8424657534246576,0.9452054794520548,0.5454545454545454,0.7948717948717948,0.8064465725806451,0.888131313131313,0.11934780109380631,0.17664952602190434,0.75,0.855,0.6537290715372908,0.7980720446473871,0.6481481481481481,0.3131680190563202,0.5555555555555556,0.48867642879486084,0.2962962962962963,0.67177414894104
federated fedprox,eICU_Hospital_283,0.8370165745856353,0.2673661231358337,0.25,0.21428571428571427,0.9613259668508287,0.3,0.9405405405405406,0.9076923076923077,0.5878058405682715,0.061277030000515306,0.2456897795200348,195,14,0.07179487179487179,0.0,0.4587850289414179,1.0633455279181576,0.048075134532215694,validation,0.7588792423046566,0.909234411996843,0.16438660186505683,0.5291162836800681,0.0,0.4827586206896552,0.0,0.5,0.9281767955801105,0.988950276243094,0.0,0.6003846153846133,0.9263157894736842,0.9606741573033708,0.05160841183049604,0.07134011713860572,0.8769230769230769,0.9384615384615385,0.4861878453038674,0.7223756906077348,0.6428571428571429,0.12153443694114685,0.2857142857142857,0.17983248829841614,0.21428571428571427,0.19547080993652344
local-only (lower bound),eICU_Hospital_283,0.7261247040252565,0.19427174665114755,0.16,0.14285714285714285,0.9502762430939227,0.18181818181818182,0.9347826086956522,0.8923076923076924,0.5465666929755327,0.06376750713659425,0.1611565798521042,195,14,0.07179487179487179,0.0,0.335624267784834,1.122822747968388,0.009848545377071088,validation,0.5974644830307814,0.846093133385951,0.10892999827691978,0.4259626212466195,0.0,0.35714285714285715,0.0,0.35714285714285715,0.9171270718232044,0.9779005524861878,0.0,0.42857142857142855,0.9234972677595629,0.95,0.05997860881883723,0.0673980095151573,0.8564102564102564,0.9230769230769231,0.46685082872928174,0.6509471191791634,0.35714285714285715,0.10952436923980713,0.21428571428571427,0.13294683396816254,0.14285714285714285,0.15372221171855927
federated fedprox,eICU_Hospital_394,0.8683397683397683,0.37221442156295775,0.17391304347826086,0.14285714285714285,0.9621621621621622,0.2222222222222222,0.9368421052631579,0.9045226130653267,0.5525096525096526,0.05537862761662582,0.2456897795200348,199,14,0.07035175879396985,0.125,0.29770727496074434,1.4152126706099089,0.04010997539100673,validation,0.7420656370656371,0.9528957528957529,0.23181401861732528,0.5891418740812754,0.0,0.3846153846153846,0.0,0.35714285714285715,0.9351351351351351,0.9891891891891892,0.0,0.5,0.9263157894736842,0.9518716577540107,0.0469584082777815,0.06276189250934334,0.8743718592964824,0.9296482412060302,0.4756756756756757,0.6596525096525097,0.7857142857142857,0.11016673594713211,0.7142857142857143,0.16448067128658295,0.14285714285714285,0.2255425900220871
local-only (lower bound),eICU_Hospital_394,0.7868725868725869,0.22954910542785753,0.30303030303030304,0.35714285714285715,0.9243243243243243,0.2631578947368421,0.95,0.8844221105527639,0.6407335907335907,0.06065827724932718,0.14899328351020813,199,14,0.07035175879396985,0.0,0.11387858461766553,1.5693551376025001,0.016755440351951065,validation,0.6745173745173745,0.8833976833976833,0.1431067766916227,0.446952386462403,0.11764705882352941,0.4848894348894347,0.14285714285714285,0.6428571428571429,0.8810810810810811,0.9567567567567568,0.10513157894736842,0.43767361111111014,0.9329608938547486,0.9700643356144852,0.05644158400857107,0.06448416910022761,0.8391959798994975,0.9195979899497487,0.5227799227799228,0.7640926640926641,0.5,0.10777750611305237,0.35714285714285715,0.12791363894939423,0.2857142857142857,0.16796639561653137
federated fedprox,eICU_Hospital_417,0.8293773649810802,0.367766079015463,0.37037037037037035,0.29411764705882354,0.9707602339181286,0.5,0.9325842696629213,0.9095744680851063,0.632438940488476,0.07175160320156074,0.19303423166275024,188,17,0.09042553191489362,0.0,0.8409365008873864,1.3464673185916183,0.025593140380496676,validation,0.729248366013072,0.9174492604059167,0.23333316954009006,0.6256918491588102,0.14814814814814817,0.5999999999999999,0.11764705882352941,0.5294117647058824,0.9415204678362573,0.9941520467836257,0.2222222222222222,0.8333333333333334,0.9157303370786517,0.9540295566502462,0.06465836694218755,0.07836032479453545,0.8829787234042553,0.9361702127659575,0.5354317165462676,0.7501590987272098,0.7058823529411765,0.08392394334077835,0.47058823529411764,0.1542193591594696,0.29411764705882354,0.18349355459213257
local-only (lower bound),eICU_Hospital_417,0.7038183694530444,0.24665234519146953,0.22222222222222224,0.17647058823529413,0.9590643274853801,0.3,0.9213483146067416,0.8882978723404256,0.5677674578603371,0.0782593873772523,0.17233410477638245,188,17,0.09042553191489362,0.0,0.5950398574904048,1.0063536976601992,0.021649036321174746,validation,0.5562349501203991,0.8355865153078774,0.1402184540538428,0.4734926827520311,0.0,0.42857142857142855,0.0,0.35294117647058826,0.9298245614035088,0.9824561403508771,0.0,0.6,0.9065934065934066,0.9382108781620738,0.07327177566212593,0.08311408735618418,0.8563829787234043,0.9202127659574468,0.4824561403508772,0.6648477812177499,0.47058823529411764,0.10367099195718765,0.35294117647058826,0.12752872705459595,0.17647058823529413,0.16572925448417664
federated fedprox,eICU_Hospital_411,0.8291791292788302,0.412335832280506,0.48148148148148157,0.7647058823529411,0.864406779661017,0.35135135135135137,0.9745222929936306,0.8556701030927835,0.814556331006979,0.06692123319731147,0.14675086736679077,194,17,0.08762886597938144,0.1111111111111111,0.4487249643586173,1.290267525501315,0.04524979835913814,validation,0.6699900299102692,0.9458291791292789,0.2634670434006011,0.6483339463041692,0.35553763440860214,0.608695652173913,0.5294117647058824,0.9411764705882353,0.8135593220338984,0.9152542372881356,0.25477941176470587,0.46875,0.9512195121951219,0.9936305732484076,0.05889364599150135,0.07542908928019362,0.8041237113402062,0.9020618556701031,0.705342306414091,0.9112662013958126,0.8235294117647058,0.12849394977092743,0.7058823529411765,0.16485744714736938,0.29411764705882354,0.2329397350549698
local-only (lower bound),eICU_Hospital_411,0.7597208374875374,0.271535846152804,0.3404255319148936,0.47058823529411764,0.8757062146892656,0.26666666666666666,0.9451219512195121,0.8402061855670103,0.6731472249916917,0.07417997622240753,0.1684446930885315,194,17,0.08762886597938144,0.0,0.32344655139966205,1.1344283032666735,0.02528809175164122,validation,0.6423894981721502,0.8634180790960451,0.15064238086208329,0.47184155612031464,0.1702127659574468,0.4908018867924515,0.23529411764705882,0.7058823529411765,0.8248587570621468,0.9209039548022598,0.13636363636363635,0.4001851851851842,0.92072477827051,0.968944099378882,0.06851220216070243,0.08000906587117212,0.788659793814433,0.8865979381443299,0.5442007311399136,0.7936191425722832,0.47058823529411764,0.14308500289916992,0.4117647058823529,0.1729057878255844,0.17647058823529413,0.21436220407485962
federated fedprox,eICU_Hospital_197,0.7678571428571428,0.27549979919137957,0.22222222222222224,0.14285714285714285,0.9880952380952381,0.5,0.9325842696629213,0.9230769230769231,0.5654761904761905,0.06468211328020639,0.2456897795200348,182,14,0.07692307692307693,0.13333333333333333,0.865459913422435,0.9099628492975279,0.044841757023407675,validation,0.6441113945578231,0.8728954081632653,0.13616748233607132,0.5049052549441388,0.0,0.4761904761904762,0.0,0.35714285714285715,0.9702380952380952,1.0,0.0,1.0,0.9217877094972067,0.9485714285714286,0.055301941357920485,0.07247177779991691,0.9010989010989011,0.945054945054945,0.49107142857142855,0.6726190476190477,0.35714285714285715,0.1004210114479065,0.2857142857142857,0.14028175175189972,0.21428571428571427,0.18447399139404297
local-only (lower bound),eICU_Hospital_197,0.6913265306122449,0.183263346716083,0.2758620689655172,0.2857142857142857,0.9345238095238095,0.26666666666666666,0.9401197604790419,0.8846153846153846,0.6101190476190477,0.06857063899684192,0.14039947092533112,182,14,0.07692307692307693,0.0,0.1891725282621648,1.1865718563826624,0.034736914048483086,validation,0.5211840986394557,0.8380102040816326,0.11119597526206333,0.3596657441190803,0.07142857142857142,0.4799999999999999,0.07142857142857142,0.5,0.8928571428571429,0.9702380952380952,0.07142857142857142,0.5,0.9226190476190477,0.9583333333333334,0.06517743384725182,0.07231883021412794,0.8461538461538461,0.9230769230769231,0.49702380952380953,0.7291666666666667,0.5,0.11101314425468445,0.35714285714285715,0.12351540476083755,0.07142857142857142,0.15877416729927063
federated fedprox,eICU_Hospital_110,0.8193521594684385,0.26821939111871895,0.1,0.07142857142857142,0.9709302325581395,0.16666666666666666,0.9277777777777778,0.9032258064516129,0.5211794019933554,0.06533606566702872,0.2456897795200348,186,14,0.07526881720430108,0.0,0.5800103249425916,1.0342998370784362,0.03136805273337109,validation,0.7333679401993356,0.8982765780730896,0.15585312473471963,0.46938355624327704,0.0,0.3,0.0,0.21428571428571427,0.9418604651162791,0.9941860465116279,0.0,0.5,0.9209039548022598,0.9388888888888889,0.05767962389933793,0.07214288284014873,0.8763440860215054,0.9247311827956989,0.4738372093023256,0.5984219269102989,0.5714285714285714,0.10939817130565643,0.2857142857142857,0.1444614976644516,0.07142857142857142,0.2230798751115799
local-only (lower bound),eICU_Hospital_110,0.8068936877076411,0.27710847055129745,0.375,0.42857142857142855,0.9302325581395349,0.3333333333333333,0.9523809523809523,0.8924731182795699,0.6794019933554817,0.06176225570243617,0.18947811424732208,186,14,0.07526881720430108,0.0,0.6018391965375969,1.07180547897547,0.004702810428395706,validation,0.6868666943521594,0.9065718438538206,0.16716188779993596,0.5380781490053304,0.16666666666666663,0.5714285714285714,0.14285714285714285,0.7142857142857143,0.8895348837209303,0.9651162790697675,0.16666666666666666,0.5384615384615384,0.9320917508417509,0.9753086419753086,0.054190396976662114,0.0693291989147352,0.8548387096774194,0.9301075268817204,0.5481727574750831,0.8164451827242525,0.5714285714285714,0.10865820199251175,0.42857142857142855,0.17367592453956604,0.21428571428571427,0.27270856499671936
federated fedprox,eICU_Hospital_248,0.8381672971836907,0.3761320465657455,0.32,0.3076923076923077,0.9562841530054644,0.3333333333333333,0.9510869565217391,0.9132653061224489,0.6319882303488861,0.056739442900452595,0.2456897795200348,196,13,0.0663265306122449,0.23529411764705882,2.6370769758611905,0.5287307277848455,0.04694391010031533,validation,0.7238125262715428,0.9314943253467844,0.19211112635001182,0.621200485800589,0.08333333333333334,0.5386363636363627,0.07692307692307693,0.5384615384615384,0.9289617486338798,0.9836065573770492,0.09090909090909091,0.6,0.9351351351351351,0.9679187051996814,0.04105656361315053,0.0716947709399425,0.8826530612244898,0.9438775510204082,0.5111391340899538,0.7638345943673808,0.6153846153846154,0.06400784105062485,0.5384615384615384,0.11816336214542389,0.3076923076923077,0.16545654833316803
local-only (lower bound),eICU_Hospital_248,0.8272383354350565,0.24944564732564686,0.14814814814814817,0.15384615384615385,0.9344262295081968,0.14285714285714285,0.9395604395604396,0.8826530612244898,0.5441361916771753,0.0696145663029002,0.33797359466552734,196,13,0.0663265306122449,0.09090909090909091,1.8240917386300852,0.5100061834001416,0.05625355618805807,validation,0.7503152585119798,0.8970155527532576,0.14143386725487447,0.4430516397736297,0.0,0.33333333333333337,0.0,0.38461538461538464,0.8961748633879781,0.9672131147540983,0.0,0.3333333333333333,0.9281767955801105,0.9550561797752809,0.0550141436443685,0.08516630788959899,0.8469387755102041,0.9183673469387755,0.45901639344262296,0.6567885666246323,0.6923076923076923,0.10408809036016464,0.23076923076923078,0.2978709042072296,0.07692307692307693,0.5329586267471313
federated fedprox,eICU_Hospital_300,0.8423529411764706,0.31587268808577257,0.13333333333333333,0.1,0.9764705882352941,0.2,0.9485714285714286,0.9277777777777778,0.538235294117647,0.04477573657562111,0.2456897795200348,180,10,0.05555555555555555,0.18181818181818182,0.7221998876284741,1.0515029467436907,0.005657085657326713,validation,0.731735294117647,0.9341323529411764,0.14271687318617776,0.6007644088848382,0.0,0.37499999999999994,0.0,0.3,0.9529411764705882,0.9941176470588236,0.0,0.6666666666666666,0.9421965317919075,0.9597701149425287,0.03459864166640213,0.052806600654821394,0.9055555555555556,0.95,0.47941176470588237,0.6411764705882352,0.6,0.06956692785024643,0.5,0.13967379927635193,0.3,0.17735564708709717
local-only (lower bound),eICU_Hospital_300,0.7694117647058822,0.1617040559490035,0.0909090909090909,0.1,0.9352941176470588,0.08333333333333333,0.9464285714285714,0.8888888888888888,0.5176470588235295,0.05098914324068625,0.14828677475452423,180,10,0.05555555555555555,0.0,0.18255359334095012,1.0098515704829272,0.00893236287972993,validation,0.6688088235294117,0.8611764705882352,0.09332212315257336,0.4027005430754995,0.0,0.2727272727272727,0.0,0.3,0.8941176470588236,0.9705882352941176,0.0,0.2727272727272727,0.9393939393939394,0.9583333333333334,0.047386563080155326,0.05438653866453946,0.85,0.9222222222222223,0.45588235294117646,0.6235294117647059,0.4,0.07286998629570007,0.1,0.14402492344379425,0.0,0.22693783044815063
federated fedprox,eICU_Hospital_413,0.6967871485943775,0.11252560052666828,0.0,0.0,0.9698795180722891,0.0,0.930635838150289,0.9044943820224719,0.48493975903614456,0.06577523581201128,0.2456897795200348,178,12,0.06741573033707865,0.0,1.1527789236536643,0.4720689129362347,0.04610899127391952,validation,0.5818147590361445,0.7931726907630522,0.08599800880860943,0.20962952807075202,0.0,0.0,0.0,0.0,0.9397590361445783,0.9939759036144579,0.0,0.0,0.9285714285714286,0.9322033898305084,0.06045627428433707,0.07060615951964702,0.8764044943820225,0.9269662921348315,0.46987951807228917,0.49698795180722893,0.25,0.07435262203216553,0.08333333333333333,0.10495491325855255,0.0,0.2359810173511505
local-only (lower bound),eICU_Hospital_413,0.6124497991967872,0.18903889442501648,0.24000000000000002,0.25,0.9397590361445783,0.23076923076923078,0.9454545454545454,0.8932584269662921,0.5948795180722892,0.06381267070467084,0.22296540439128876,178,12,0.06741573033707865,0.0,0.8797554789675592,0.3318702772443669,0.043862095882258055,validation,0.41213604417670685,0.7977033132530119,0.08427818980113205,0.46330911909592515,0.0,0.4666666666666666,0.0,0.5,0.9036144578313253,0.9698795180722891,0.0,0.46153846153846156,0.9302223582211342,0.9636363636363636,0.05417198698764946,0.07319449329383171,0.8539325842696629,0.9269662921348315,0.48185240963855425,0.7289156626506024,0.3333333333333333,0.12724658846855164,0.25,0.15298467874526978,0.16666666666666666,0.2622237801551819
federated fedprox,eICU_Hospital_183,0.7496570644718793,0.23745764338277944,0.32653061224489793,0.4444444444444444,0.8580246913580247,0.25806451612903225,0.9328859060402684,0.8166666666666667,0.6512345679012346,0.09366225642008273,0.2376793622970581,180,18,0.1,0.14285714285714285,0.7781700533053484,0.5116148483342782,0.04967160761193049,validation,0.6309927983539095,0.8515174897119342,0.16194502956468262,0.41640558326000526,0.16666666666666669,0.48003703703703693,0.2222222222222222,0.6666666666666666,0.8024691358024691,0.9074074074074074,0.13333333333333333,0.39134316770186317,0.9066666666666666,0.96,0.07653243877012501,0.11242204598366735,0.7611111111111111,0.8666666666666667,0.5308641975308641,0.7716820987654317,0.5,0.18895314633846283,0.3888888888888889,0.305011510848999,0.1111111111111111,0.5180062055587769
local-only (lower bound),eICU_Hospital_183,0.6251714677640604,0.17147275126154887,0.1739130434782609,0.1111111111111111,0.9814814814814815,0.4,0.9085714285714286,0.8944444444444445,0.5462962962962963,0.0931217082830857,0.34756264090538025,180,18,0.1,0.0,0.5396464733256296,0.3619788263795258,0.04293794889882621,validation,0.47594307270233194,0.7548096707818929,0.10952170617511721,0.3390024914494004,0.0,0.3703703703703704,0.0,0.2777777777777778,0.9567901234567902,1.0,0.0,1.0,0.8977272727272727,0.9239766081871345,0.08231940199183432,0.10467063269011476,0.8722222222222222,0.9166666666666666,0.4876543209876543,0.6265432098765432,0.3333333333333333,0.14703957736492157,0.16666666666666666,0.23498591780662537,0.0,0.4431757628917694
federated fedprox,eICU_Hospital_148,0.7993762993762994,0.5234543402235118,0.45161290322580644,0.5384615384615384,0.9256756756756757,0.3888888888888889,0.958041958041958,0.8944099378881988,0.7320686070686071,0.05579343595645354,0.2456897795200348,161,13,0.08074534161490683,0.42105263157894735,0.7558229133296064,0.886272390015851,0.04191184561751691,validation,0.6631756756756757,0.9199714137214137,0.2923472512111216,0.7706577527720528,0.249810606060606,0.6451612903225806,0.3076923076923077,0.7692307692307693,0.8851351351351351,0.9662162162162162,0.2222222222222222,0.6002777777777762,0.9357142857142857,0.9795952840595697,0.0388785955636215,0.07273112649539583,0.8509316770186336,0.937888198757764,0.5964137214137214,0.8656444906444907,0.5384615384615384,0.10930240154266357,0.38461538461538464,0.4304957687854767,0.38461538461538464,0.4304957687854767
local-only (lower bound),eICU_Hospital_148,0.6871101871101871,0.3971754501164351,0.4444444444444445,0.46153846153846156,0.9459459459459459,0.42857142857142855,0.9523809523809523,0.906832298136646,0.7037422037422038,0.06522437649290011,0.1968194842338562,161,13,0.08074534161490683,0.0,0.28175036306338574,1.0528951950915098,0.026724248661757998,validation,0.49684251559251563,0.8628248440748438,0.1833465902011416,0.6646450365748893,0.21428571428571427,0.6666666666666666,0.23076923076923078,0.6923076923076923,0.9121621621621622,0.9797297297297297,0.22714646464646465,0.6923076923076923,0.9315068493150684,0.9733377483443709,0.05529024062275961,0.0747385494384761,0.8695652173913043,0.9440993788819876,0.5748440748440748,0.8394295738045737,0.46153846153846156,0.16893664002418518,0.46153846153846156,0.16893664002418518,0.38461538461538464,0.20736505091190338
federated fedprox,eICU_Hospital_400,0.8125,0.5043511441532821,0.5263157894736842,0.625,0.8732394366197183,0.45454545454545453,0.9323308270676691,0.8373493975903614,0.7491197183098591,0.09875283831669791,0.2598411440849304,166,24,0.14457831325301204,0.3225806451612903,0.30897454876011055,1.2296050301254982,0.03411875364191112,validation,0.7042180164319249,0.9017018779342724,0.35048979645468464,0.7010384273761254,0.3846153846153846,0.6666666666666667,0.4166666666666667,0.8333333333333334,0.8169014084507042,0.9225352112676056,0.32558139534883723,0.6052631578947368,0.9006914893617021,0.967479674796748,0.08273242725773648,0.11470860897223477,0.7831325301204819,0.891566265060241,0.6484741784037559,0.8497652582159625,0.6666666666666666,0.24306534230709076,0.4583333333333333,0.2826825678348541,0.3333333333333333,0.3829256296157837
local-only (lower bound),eICU_Hospital_400,0.7634976525821597,0.419351897522522,0.4814814814814815,0.5416666666666666,0.8802816901408451,0.43333333333333335,0.9191176470588235,0.8313253012048193,0.7109741784037559,0.10756500511381119,0.27344441413879395,166,24,0.14457831325301204,0.15384615384615385,0.08408911085934379,1.3035902771044474,0.05282709964113423,validation,0.6484448356807511,0.8615096830985915,0.2786186133783858,0.6067749013821043,0.3272727272727273,0.627450980392157,0.3333333333333333,0.75,0.823943661971831,0.9295774647887324,0.2972972972972973,0.5909090909090909,0.8873239436619719,0.9520188976377951,0.09538156018809998,0.1198505779772194,0.7771084337349398,0.8855421686746988,0.6099618544600939,0.8119131455399061,0.625,0.23751971125602722,0.4166666666666667,0.2843096852302551,0.16666666666666666,0.32926246523857117
federated fedprox,eICU_Hospital_365,0.6394557823129252,0.08607321971888188,0.0,0.0,0.9863945578231292,0.0,0.9666666666666667,0.9539473684210527,0.4931972789115646,0.03303260136568877,0.2456897795200348,152,5,0.03289473684210526,0.0,0.41197553100319784,0.20850300364501723,0.007541892267909132,validation,0.29795918367346946,0.9129251700680272,0.036897196935940554,0.26088727741184753,0.0,0.0,0.0,0.0,0.9659863945578231,1.0,0.0,0.0,0.9659863945578231,0.9671052631578947,0.030124504153763686,0.03623432133282135,0.9342105263157895,0.9671052631578947,0.48299319727891155,0.5,0.4,0.07015145570039749,0.2,0.07813339680433273,0.0,0.13066117465496063
local-only (lower bound),eICU_Hospital_365,0.673469387755102,0.2477871148459384,0.15384615384615385,0.2,0.9523809523809523,0.125,0.9722222222222222,0.9276315789473685,0.5761904761904761,0.03134648877604045,0.06105883792042732,152,5,0.03289473684210526,0.0,0.05543877378957429,1.7740355656251356,0.00039144339481074486,validation,0.44350340136054417,0.8830272108843535,0.04101129448961881,0.6396156609615048,0.0,0.4444444444444444,0.0,0.6,0.9115646258503401,0.9795918367346939,0.0,0.375,0.9645390070921985,0.986013986013986,0.030270974461568675,0.03218617262004109,0.8881578947368421,0.9605263157894737,0.46258503401360546,0.7795918367346939,0.2,0.043926797807216644,0.0,inf,0.0,inf
federated fedprox,eICU_Hospital_142,0.8234126984126985,0.5743340255671163,0.5416666666666666,0.5416666666666666,0.9126984126984127,0.5416666666666666,0.9126984126984127,0.8533333333333334,0.7271825396825397,0.10075987699287454,0.3296046257019043,150,24,0.16,0.5142857142857142,0.7268785262333612,0.9197185790208388,0.06465421370851497,validation,0.7221891534391535,0.91005291005291,0.40569313700900816,0.7696317890501144,0.36725417439703156,0.6938775510204083,0.3333333333333333,0.75,0.8571428571428571,0.9603174603174603,0.375,0.7222222222222222,0.8778625954198473,0.9482869142351901,0.0793132873010662,0.12325384188211225,0.8,0.9,0.6200396825396826,0.8263888888888888,0.6666666666666666,0.20535309612751007,0.5,0.33740463852882385,0.4583333333333333,0.4135202169418335
local-only (lower bound),eICU_Hospital_142,0.7142857142857143,0.36563731539513633,0.28571428571428575,0.25,0.9047619047619048,0.3333333333333333,0.8636363636363636,0.8,0.5773809523809523,0.12286838335133643,0.2942986786365509,150,24,0.16,0.08,0.25343384640195654,0.9732901903020503,0.021703223151465244,validation,0.5975446428571429,0.8177910052910053,0.2417677107752621,0.5393374258097602,0.10526315789473685,0.45458532695374776,0.08333333333333333,0.4583333333333333,0.8492063492063492,0.9523809523809523,0.1362878787878788,0.5384615384615384,0.837037037037037,0.8943089430894309,0.10938895176524459,0.1358382240934136,0.7466666666666667,0.8466666666666667,0.4900793650793651,0.6726190476190477,0.4166666666666667,0.22166460752487183,0.25,0.2896937429904938,0.125,0.37185439467430115
federated fedprox,Neuro Stepdown,0.8468468468468467,0.11410601976639712,0.0,0.0,0.9662162162162162,0.0,0.9794520547945206,0.9470198675496688,0.4831081081081081,0.0217996886654893,0.2456897795200348,151,3,0.019867549668874173,0.0,1.8277746276620839,0.5882980512020936,0.020090890852981637,validation,0.6756756756756757,0.9662162162162162,0.05454545454545454,0.375,0.0,0.0,0.0,0.0,0.9391891891891891,0.9932432432432432,0.0,0.0,0.9788732394366197,0.98,0.017037116495186272,0.0266387028044184,0.9205298013245033,0.9735099337748344,0.46959459459459457,0.4966216216216216,0.3333333333333333,0.09194501489400864,0.3333333333333333,0.09194501489400864,0.0,0.20986643433570862
local-only (lower bound),Neuro Stepdown,0.7319819819819819,0.07766290726817042,0.0,0.0,1.0,,0.9801324503311258,0.9801324503311258,0.5,0.01962271909156357,0.2805670201778412,151,3,0.019867549668874173,0.0,1.3284295409514302,0.5797817080119265,0.01311234635183748,validation,0.4932432432432432,0.9391891891891893,0.03193955835348554,0.34668544600938955,0.0,0.0,0.0,0.0,1.0,1.0,,,0.9801324503311258,0.9801324503311258,0.018857206402075378,0.020362080709123563,0.9801324503311258,0.9801324503311258,0.5,0.5,0.3333333333333333,0.008004448376595974,0.0,0.042190227657556534,0.0,0.042190227657556534
federated fedprox,eICU_Hospital_165,0.7798066595059077,0.3778186165520649,0.25,0.2857142857142857,0.8947368421052632,0.2222222222222222,0.9224806201550387,0.8367346938775511,0.5902255639097744,0.07480546779170126,0.2456897795200348,147,14,0.09523809523809523,0.23529411764705882,0.5937535600853638,1.0021396108052765,0.021250856978514667,validation,0.6680585392051557,0.8791621911922664,0.18259058213898108,0.6090366510982765,0.0625,0.4375381097560974,0.07142857142857142,0.5,0.8421052631578947,0.9473684210526315,0.05555555555555555,0.4,0.8992248062015504,0.946969696969697,0.06036486583063499,0.08859493777991584,0.782312925170068,0.8843537414965986,0.47180451127819545,0.7180921052631577,0.35714285714285715,0.2216920703649521,0.2857142857142857,0.2484334260225296,0.21428571428571427,0.32047197222709656
local-only (lower bound),eICU_Hospital_165,0.7169709989258861,0.2757866223412442,0.2857142857142857,0.2857142857142857,0.924812030075188,0.2857142857142857,0.924812030075188,0.8639455782312925,0.6052631578947368,0.081938799366845,0.2936619222164154,147,14,0.09523809523809523,0.125,0.6235378430984659,0.5977119215568221,0.0385088707402754,validation,0.5682062298603652,0.8560821697099891,0.1525199177721037,0.5293297149205545,0.07692307692307691,0.48484848484848486,0.07142857142857142,0.5,0.8796992481203008,0.9624060150375939,0.08333333333333333,0.5333333333333333,0.9037037037037037,0.947378240377062,0.06691811050029435,0.09577379140019983,0.8163265306122449,0.9115646258503401,0.49436090225563906,0.7236842105263157,0.42857142857142855,0.2107095569372177,0.2857142857142857,0.2817104160785675,0.21428571428571427,0.3272499740123749
federated fedprox,eICU_Hospital_141,0.8746770025839793,0.47131779100529103,0.45454545454545453,0.4166666666666667,0.9612403100775194,0.5,0.9465648854961832,0.9148936170212766,0.688953488372093,0.060715071233427086,0.2456897795200348,141,12,0.0851063829787234,0.26666666666666666,0.9837253060223525,1.2421155496063616,0.03595896866808296,validation,0.7661337209302326,0.9567183462532299,0.2793108339240096,0.7719362623521631,0.1904761904761905,0.6671874999999972,0.16666666666666666,0.6666666666666666,0.9224806201550387,0.9922480620155039,0.23076923076923078,0.8,0.9242424242424242,0.9692307692307692,0.04779845691604471,0.07435920095600208,0.8723404255319149,0.950354609929078,0.5562015503875969,0.821705426356589,0.75,0.12069900333881378,0.5,0.2168140858411789,0.4166666666666667,0.23980389535427094
local-only (lower bound),eICU_Hospital_141,0.7848837209302326,0.2759549550770708,0.4166666666666667,0.4166666666666667,0.9457364341085271,0.4166666666666667,0.9457364341085271,0.900709219858156,0.6812015503875969,0.07137201141713294,0.18649952113628387,141,12,0.0851063829787234,0.0,0.2732850044356345,1.332732188304676,0.02644424333322978,validation,0.6498546511627907,0.9069928940568474,0.1709432027713705,0.5371105068373049,0.17391304347826086,0.64,0.16666666666666666,0.6666666666666666,0.9069767441860465,0.9844961240310077,0.18181818181818182,0.7,0.9230769230769231,0.9689922480620154,0.06459253148158751,0.07796183140734762,0.8581560283687943,0.9432624113475178,0.5484496124031008,0.817829457364341,0.5833333333333334,0.11221257597208023,0.5,0.1486429125070572,0.16666666666666666,0.2229388803243637
federated fedprox,eICU_Hospital_277,0.9316872427983539,0.4670851419217432,0.39999999999999997,0.4444444444444444,0.9481481481481482,0.36363636363636365,0.9624060150375939,0.9166666666666666,0.6962962962962963,0.04705927135410822,0.2456897795200348,144,9,0.0625,0.2857142857142857,1.0314749166891533,1.0229935423398955,0.051043674988250125,validation,0.8773456790123456,0.9728395061728395,0.26623623911930366,0.7536260916016351,0.125,0.6666666666666666,0.1111111111111111,0.7777777777777778,0.9111111111111111,0.9777777777777777,0.125,0.637121212121208,0.9416058394160584,0.9847328244274809,0.031902503015274065,0.06302085067040956,0.875,0.9513888888888888,0.5333333333333333,0.8666666666666667,0.7777777777777778,0.15593945980072021,0.6666666666666666,0.17556338012218475,0.3333333333333333,0.25042295455932617
local-only (lower bound),eICU_Hospital_277,0.9522633744855967,0.5974553224553224,0.631578947368421,0.6666666666666666,0.9703703703703703,0.6,0.9776119402985075,0.9513888888888888,0.8185185185185184,0.0392903316454565,0.25472867488861084,144,9,0.0625,0.2,1.0716848447460676,1.8929972087282603,0.0425840299192512,validation,0.8987654320987654,0.9901234567901235,0.3767812771494942,0.8904615060865058,0.3747159090909091,0.8421052631578948,0.3333333333333333,0.8888888888888888,0.9407407407407408,0.9925925925925926,0.36363636363636365,0.8888888888888888,0.9562043795620438,0.9925925925925926,0.030475386940785668,0.04874598528519582,0.9166666666666666,0.9791666666666666,0.6518518518518518,0.9407407407407407,0.8888888888888888,0.08089933544397354,0.7777777777777778,0.13223609328269958,0.6666666666666666,0.22264032065868378
federated fedprox,eICU_Hospital_217,0.7713675213675213,0.28212937587424286,0.35294117647058826,0.375,0.8974358974358975,0.3333333333333333,0.9130434782608695,0.8345864661654135,0.6362179487179487,0.11001191527167546,0.32411250472068787,133,16,0.12030075187969924,0.24,1.4589185160717675,0.4361168917817608,0.06687794613439232,validation,0.6591880341880342,0.8728766025641025,0.1981771417629939,0.4984825134222213,0.14285714285714288,0.5555555555555556,0.125,0.625,0.8376068376068376,0.9487179487179487,0.15384615384615385,0.5454545454545454,0.8839285714285714,0.9459580115830115,0.08174821789112688,0.13801968487757799,0.7744360902255639,0.8872180451127819,0.5168269230769231,0.7613247863247857,0.5,0.1837555170059204,0.3125,0.3390129506587982,0.125,0.5687748789787292
local-only (lower bound),eICU_Hospital_217,0.7147435897435896,0.26803120820220827,0.16,0.125,0.9401709401709402,0.2222222222222222,0.8870967741935484,0.8421052631578947,0.5325854700854701,0.10656726903066942,0.42874816060066223,133,16,0.12030075187969924,0.11764705882352941,0.8271445994994455,0.5023062569782677,0.08355234879860303,validation,0.6004273504273505,0.8205395299145298,0.1642618703949219,0.4465356560501008,0.0,0.3573051948051939,0.0,0.3125,0.8974358974358975,0.9743589743589743,0.0,0.5,0.8709677419354839,0.9090909090909091,0.08988674226330846,0.12308217084854159,0.7969924812030075,0.8796992481203008,0.46153846153846156,0.6263354700854701,0.3125,0.293377548456192,0.1875,0.35144171118736267,0.0625,0.44154462218284607
federated fedprox,eICU_Hospital_435,0.6434474616292798,0.27854834976858217,0.12903225806451615,0.14285714285714285,0.8760330578512396,0.11764705882352941,0.8983050847457628,0.8,0.5094451003541912,0.09575087959749595,0.2456897795200348,135,14,0.1037037037037037,0.13333333333333333,0.7248235381818882,0.3509432540154305,0.08014562404455824,validation,0.48519775678866583,0.7863193624557261,0.1198777612395152,0.48462844468901706,0.0,0.29629629629629634,0.0,0.35714285714285715,0.8181818181818182,0.9338842975206612,0.0,0.2857142857142857,0.8803418803418803,0.9217391304347826,0.08080511537779865,0.11004213779295409,0.7481481481481481,0.8518518518518519,0.4256198347107438,0.6165879574970484,0.21428571428571427,0.19613513350486755,0.14285714285714285,0.2350165694952011,0.0,inf
local-only (lower bound),eICU_Hospital_435,0.628689492325856,0.14932168364887818,0.07142857142857142,0.07142857142857142,0.8925619834710744,0.07142857142857142,0.8925619834710744,0.8074074074074075,0.4819952774498229,0.09827212293748717,0.24995693564414978,135,14,0.1037037037037037,0.0,0.2858744760224594,0.3817751160999908,0.0687360940984002,validation,0.4875885478158205,0.7544273907910272,0.11131037114219518,0.2991686946569158,0.0,0.22222222222222224,0.0,0.21428571428571427,0.8347107438016529,0.9421487603305785,0.0,0.23076923076923078,0.8803418803418803,0.9098360655737705,0.08821184946739527,0.10788368166811467,0.7555555555555555,0.8518518518518519,0.4256198347107438,0.5658205430932703,0.14285714285714285,0.19918642938137054,0.07142857142857142,0.2013218104839325,0.0,0.40559232234954834
federated fedprox,eICU_Hospital_382,0.8442622950819672,0.5082935357325601,0.4,0.2857142857142857,0.9918032786885246,0.6666666666666666,0.9603174603174603,0.9534883720930233,0.6387587822014051,0.03878265115371581,0.2456897795200348,129,7,0.05426356589147287,0.25,1.905738876280596,0.8123113801209513,0.020761552132763574,validation,0.6838407494145199,0.9742681498829039,0.20930650279744845,0.8434952004517221,0.0,0.7272727272727273,0.0,0.7142857142857143,0.9754098360655737,1.0,0.0,1.0,0.9453125,0.9834744614550874,0.024621779887239133,0.0500930199039069,0.9302325581395349,0.9767441860465116,0.4959016393442623,0.8449502341920369,0.5714285714285714,0.06928735226392746,0.42857142857142855,0.15504445135593414,0.42857142857142855,0.15504445135593414
local-only (lower bound),eICU_Hospital_382,0.7939110070257611,0.21623288991710043,0.22222222222222224,0.14285714285714285,0.9918032786885246,0.5,0.952755905511811,0.9457364341085271,0.5673302107728337,0.04957206356734248,0.2911127805709839,129,7,0.05426356589147287,0.0,1.0825468182849014,0.6709935083976312,0.03824510831790146,validation,0.6580796252927401,0.911007025761124,0.10162154028536802,0.5495927971158385,0.0,0.5454545454545454,0.0,0.42857142857142855,0.9754098360655737,1.0,0.0,1.0,0.9448818897637795,0.968,0.041266355848041475,0.05778254977506966,0.9224806201550387,0.9612403100775194,0.4918032786885246,0.7101873536299765,0.42857142857142855,0.037839606404304504,0.14285714285714285,0.19269751012325287,0.14285714285714285,0.19269751012325287
federated fedprox,eICU_Hospital_390,0.8533878504672898,0.6659465138795474,0.5641025641025642,0.6875,0.8878504672897196,0.4782608695652174,0.95,0.8617886178861789,0.7876752336448598,0.07281352506316591,0.27933329343795776,123,16,0.13008130081300814,0.5384615384615384,1.7788890965238804,0.6623919751242262,0.04199555230149961,validation,0.7219042056074766,0.9585280373831776,0.4547198845640998,0.8491226011029711,0.39999999999999997,0.7223484848484842,0.4375,0.875,0.822429906542056,0.9439252336448598,0.3333333333333333,0.6666666666666666,0.9142857142857143,0.9801980198019802,0.04781328850944027,0.10048926777297602,0.7967479674796748,0.9186991869918699,0.6673116238317758,0.8955242406542051,0.8125,0.12571725249290466,0.5625,0.3308376669883728,0.4375,0.5079600214958191
local-only (lower bound),eICU_Hospital_390,0.7792056074766356,0.4940721119784987,0.4827586206896552,0.4375,0.9439252336448598,0.5384615384615384,0.9181818181818182,0.8780487804878049,0.6907126168224299,0.09014755815263914,0.40560203790664673,123,16,0.13008130081300814,0.34782608695652173,1.01222973495305,0.6701614765083866,0.06265561163380015,validation,0.6214953271028038,0.9036360981308411,0.29550666097521566,0.7372001834825518,0.23076923076923075,0.6896551724137931,0.1875,0.6875,0.897196261682243,0.9813084112149533,0.3,0.8181818181818182,0.8849557522123894,0.9532710280373832,0.06791027977044917,0.11464123627346391,0.8292682926829268,0.926829268292683,0.5610397196261683,0.8203855140186915,0.625,0.1787673532962799,0.5625,0.32997825741767883,0.375,0.4198414385318756
federated fedprox,eICU_Hospital_195,0.8169398907103825,0.37736145027811696,0.2222222222222222,0.3333333333333333,0.9180327868852459,0.16666666666666666,0.9655172413793104,0.890625,0.6256830601092896,0.042921490930391354,0.2456897795200348,128,6,0.046875,0.2222222222222222,0.23319948870226925,0.8309912376522555,0.057415995262999786,validation,0.5860655737704918,0.9685792349726776,0.12443743825705653,0.7444925213675211,0.0,0.4705882352941177,0.0,0.6666666666666666,0.8688524590163934,0.9672131147540983,0.0,0.375,0.9482758620689655,0.9829059829059829,0.027503165480569605,0.05830056291271102,0.8359375,0.9375,0.45081967213114754,0.8046448087431695,0.6666666666666666,0.12044797837734222,0.3333333333333333,0.26637765765190125,0.3333333333333333,0.26637765765190125
local-only (lower bound),eICU_Hospital_195,0.587431693989071,0.14511260871203535,0.11764705882352942,0.16666666666666666,0.9180327868852459,0.09090909090909091,0.9572649572649573,0.8828125,0.5423497267759563,0.04480359606998706,0.11985024064779282,128,6,0.046875,0.0,0.09783425842123394,0.5084716399117482,0.017000578649458475,validation,0.29371584699453557,0.8401639344262296,0.04403411609380046,0.45374271515459763,0.0,0.3529411764705882,0.0,0.5,0.8688524590163934,0.9590163934426229,0.0,0.2857142857142857,0.9469026548672567,0.9743589743589743,0.041108689063107794,0.04809511708267066,0.828125,0.9296875,0.4385245901639344,0.7172131147540983,0.3333333333333333,0.07692553102970123,0.16666666666666666,0.0779297798871994,0.0,0.2097887098789215
federated fedprox,eICU_Hospital_227,0.8019943019943019,0.21914468554837888,0.21428571428571427,0.25,0.8888888888888888,0.1875,0.9203539823008849,0.8294573643410853,0.5694444444444444,0.08573088310260042,0.2456897795200348,129,12,0.09302325581395349,0.0,1.376633931556419,0.6162324993753128,0.06681583831029224,validation,0.7101139601139601,0.8853276353276354,0.1679091512038918,0.37049176384639965,0.05882352941176471,0.4,0.08333333333333333,0.5,0.8290598290598291,0.9401709401709402,0.045454545454545456,0.3684210526315789,0.9,0.9459459459459459,0.07257815112964605,0.09900077227195166,0.7751937984496124,0.8837209302325582,0.46474358974358976,0.6987179487179487,0.5833333333333334,0.12795861065387726,0.16666666666666666,0.26870980858802795,0.0,0.47261252999305725
local-only (lower bound),eICU_Hospital_227,0.6075498575498576,0.20041811353958652,0.08695652173913043,0.08333333333333333,0.9145299145299145,0.09090909090909091,0.9067796610169492,0.8372093023255814,0.49893162393162394,0.08955191154074722,0.280816912651062,129,12,0.09302325581395349,0.0,0.43567664899210756,0.3288242528438811,0.06678933716314131,validation,0.44512108262108263,0.7556980056980057,0.09575875420967732,0.39054198406201235,0.0,0.2608695652173913,0.0,0.25,0.8632478632478633,0.9658119658119658,0.0,0.2857142857142857,0.8947368421052632,0.923728813559322,0.07737268404005326,0.10102936801472541,0.7906976744186046,0.8837209302325582,0.4358974358974359,0.5908119658119658,0.25,0.1478472501039505,0.08333333333333333,0.25848087668418884,0.0,inf
federated fedprox,eICU_Hospital_79,0.8487394957983193,0.5212973188632417,0.3703703703703704,0.38461538461538464,0.9243697478991597,0.35714285714285715,0.9322033898305084,0.8712121212121212,0.6544925662572721,0.0665141042232422,0.2456897795200348,132,13,0.09848484848484848,0.375,0.8346539070672421,1.0765404325302965,0.02198367630075099,validation,0.7330155138978668,0.943131868131868,0.3129971231816006,0.7537270646020643,0.14814814814814817,0.5925925925925927,0.15384615384615385,0.6923076923076923,0.8739495798319328,0.9663865546218487,0.14285714285714285,0.6,0.9067796610169492,0.9633110925771475,0.04845658383687135,0.08291057646584737,0.8181818181818182,0.9168560606060595,0.52650290885585,0.7916208791208788,0.6923076923076923,0.11044512689113617,0.38461538461538464,0.23133832216262817,0.3076923076923077,0.3457918167114258
local-only (lower bound),eICU_Hospital_79,0.6942469295410472,0.1858513460621778,0.1,0.07692307692307693,0.9495798319327731,0.14285714285714285,0.904,0.8636363636363636,0.513251454427925,0.08695882321434363,0.21389293670654297,132,13,0.09848484848484848,0.0,0.2955414157558427,0.92144591978923,0.028639394578269937,validation,0.5675339366515837,0.8106173238526179,0.12652054399790363,0.3779438489217039,0.0,0.3,0.0,0.23076923076923078,0.907563025210084,0.9831932773109243,0.0,0.5,0.8934426229508197,0.92,0.08117107299453646,0.09234707463386436,0.8257575757575758,0.9015151515151515,0.4579831932773109,0.5985778926955397,0.3076923076923077,0.12194984406232834,0.15384615384615385,0.16827623546123505,0.07692307692307693,0.20278051495552063
federated fedprox,eICU_Hospital_444,0.9181286549707602,0.5780985003034693,0.5263157894736842,0.5555555555555556,0.956140350877193,0.5,0.9646017699115044,0.926829268292683,0.7558479532163742,0.04813300483026275,0.2456897795200348,123,9,0.07317073170731707,0.36363636363636365,1.3770232082190885,1.2640598935112006,0.037660720524185516,validation,0.8342836257309941,0.9814814814814814,0.33608578610773837,0.8479447751322746,0.25,0.761904761904762,0.2222222222222222,0.8888888888888888,0.9208333333333333,0.9912280701754386,0.25,0.8333333333333334,0.9396551724137931,0.9908277731442869,0.03371767985972892,0.06133274558430244,0.8861788617886179,0.967479674796748,0.5891812865497076,0.9182383040935665,0.6666666666666666,0.13108062744140625,0.6666666666666666,0.13108062744140625,0.5555555555555556,0.21567504107952118
local-only (lower bound),eICU_Hospital_444,0.5672514619883041,0.33155331217301026,0.3333333333333333,0.3333333333333333,0.9473684210526315,0.3333333333333333,0.9473684210526315,0.9024390243902439,0.6403508771929824,0.06072087071003989,0.1854889988899231,123,9,0.07317073170731707,0.2,0.39415661220411735,0.7339163711931829,0.027734881918120194,validation,0.3615497076023391,0.7846247563352825,0.0822073634186002,0.6267855728611719,0.09090909090909093,0.5882352941176471,0.1111111111111111,0.6666666666666666,0.9035087719298246,0.9824561403508771,0.08301282051282052,0.625,0.9272727272727272,0.972972972972973,0.04665929606556887,0.07307651839615259,0.8536585365853658,0.943089430894309,0.5029239766081871,0.8070175438596491,0.2222222222222222,0.28953343629837036,0.2222222222222222,0.28953343629837036,0.2222222222222222,0.28953343629837036
federated fedprox,eICU_Hospital_244,0.8798397863818423,0.3644354519354519,0.42857142857142855,0.42857142857142855,0.9626168224299065,0.42857142857142855,0.9626168224299065,0.9298245614035088,0.6955941255006676,0.04787755789446332,0.2456897795200348,114,7,0.06140350877192982,0.0,1.0543868953504467,1.1309260202838094,0.01828674802699855,validation,0.7837116154873165,0.9586114819759679,0.18599477940821602,0.7523955320994794,0.12450657894736845,0.7272727272727273,0.14285714285714285,0.7178571428571234,0.9252336448598131,0.9906542056074766,0.1111111111111111,0.8333333333333334,0.9428151260504202,0.9818549897023018,0.03575940176214201,0.060048897472564436,0.8859649122807017,0.9649122807017544,0.5336949265687583,0.8577603471295027,0.5714285714285714,0.07484074681997299,0.42857142857142855,0.13450133800506592,0.2857142857142857,0.28646308183670044
local-only (lower bound),eICU_Hospital_244,0.6889185580774366,0.17532860860567973,0.0,0.0,0.9719626168224299,0.0,0.9369369369369369,0.9122807017543859,0.48598130841121495,0.054990727101342396,0.30491504073143005,114,7,0.06140350877192982,0.0,0.9409304938567464,0.5871168439026132,0.023916571272390063,validation,0.4645193591455274,0.8958611481975968,0.08374385151631356,0.4681445125071972,0.0,0.0,0.0,0.0,0.9345794392523364,1.0,0.0,0.0,0.9345794392523364,0.9385964912280702,0.04562570540870875,0.06394061545232445,0.8771929824561403,0.9385964912280702,0.4672897196261682,0.5,0.42857142857142855,0.15123030543327332,0.42857142857142855,0.15123030543327332,0.14285714285714285,0.21629738807678223
federated fedprox,eICU_Hospital_272,0.8482142857142857,0.4066239316239316,0.3636363636363636,0.3333333333333333,0.9732142857142857,0.4,0.9646017699115044,0.940677966101695,0.6532738095238095,0.03859081686570619,0.2456897795200348,118,6,0.05084745762711865,0.2857142857142857,1.9157307073058298,0.843985050354843,0.012131424063520201,validation,0.6770833333333334,0.9672619047619048,0.1333270561463496,0.7748852339181285,0.0,0.7272727272727272,0.0,0.6666666666666666,0.9375,1.0,0.0,1.0,0.9473684210526315,0.9823047663406302,0.02538406698813461,0.049333957500442685,0.9067796610169492,0.9745762711864406,0.48214285714285715,0.8289806547619042,0.6666666666666666,0.09157349169254303,0.5,0.14266401529312134,0.3333333333333333,0.15332767367362976
local-only (lower bound),eICU_Hospital_272,0.6324404761904763,0.3022733247888527,0.21052631578947367,0.3333333333333333,0.9017857142857143,0.15384615384615385,0.9619047619047619,0.8728813559322034,0.6175595238095238,0.04598490876779448,0.14066654443740845,118,6,0.05084745762711865,0.0,0.26589180994984263,0.6616987403301589,0.02319288943199662,validation,0.3675223214285714,0.8809895833333332,0.054300158230721735,0.688482625876726,0.0,0.4446969696969683,0.0,0.6666666666666666,0.8392857142857143,0.9553571428571429,0.0,0.3333333333333333,0.9433962264150944,0.9813084112149533,0.03734129211194177,0.053866330698232295,0.8135593220338984,0.923728813559322,0.44642857142857145,0.8020833333333333,0.3333333333333333,0.08737660199403763,0.16666666666666666,0.27310776710510254,0.16666666666666666,0.27310776710510254
federated fedprox,eICU_Hospital_280,0.8676012461059189,0.3071107033063555,0.16666666666666666,0.16666666666666666,0.9532710280373832,0.16666666666666666,0.9532710280373832,0.911504424778761,0.5599688473520249,0.04640210863108663,0.2456897795200348,113,6,0.05309734513274336,0.0,1.5927575605273203,0.8221385197787915,0.017233594986689957,validation,0.738239875389408,0.9688473520249222,0.14711789644411594,0.6984057262182259,0.0,0.4615384615384615,0.0,0.5,0.9158878504672897,0.9906542056074766,0.0,0.5,0.9428571428571428,0.9719626168224299,0.03493171761029975,0.05991779070184974,0.8672566371681416,0.9469026548672567,0.46261682242990654,0.735981308411215,0.6666666666666666,0.04175722971558571,0.5,0.18957427144050598,0.16666666666666666,0.25797057151794434
local-only (lower bound),eICU_Hospital_280,0.8800623052959501,0.22250033916700582,0.0,0.0,0.9626168224299065,0.0,0.944954128440367,0.911504424778761,0.48130841121495327,0.04633920755359674,0.16545966267585754,113,6,0.05309734513274336,0.0,0.4539958167856226,1.6622152654670554,0.030147145081937842,validation,0.7990654205607477,0.9486370716510901,0.15171792328042327,0.4807692307692307,0.0,0.0,0.0,0.0,0.9252336448598131,0.9906542056074766,0.0,0.0,0.9428571428571428,0.9464285714285714,0.043326436870985724,0.04954176366378785,0.8761061946902655,0.9380530973451328,0.46261682242990654,0.4953271028037383,0.6666666666666666,0.06537479162216187,0.5,0.10856951773166656,0.0,0.15710695087909698
federated fedprox,eICU_Hospital_440,0.9064935064935065,0.7264346764346765,0.7368421052631579,0.6363636363636364,0.9904761904761905,0.875,0.9629629629629629,0.9568965517241379,0.8134199134199134,0.05227838101084465,0.2456897795200348,116,11,0.09482758620689655,0.42857142857142855,0.6250064356873093,2.0126802087110316,0.053541736384243546,validation,0.7965367965367965,0.9861471861471861,0.5069456995475372,0.9282799162697282,0.5000000000000001,0.9090909090909091,0.36363636363636365,0.9090909090909091,0.9714285714285714,1.0,0.6666666666666666,1.0,0.9369369369369369,0.9904761904761905,0.03809260195386916,0.06700807446095298,0.9224137931034483,0.9827586206896551,0.6770562770562771,0.9497835497835498,0.8181818181818182,0.0919552892446518,0.7272727272727273,0.1265513151884079,0.6363636363636364,0.177496537566185
local-only (lower bound),eICU_Hospital_440,0.7662337662337662,0.34459849202268045,0.3,0.2727272727272727,0.9428571428571428,0.3333333333333333,0.9252336448598131,0.8793103448275862,0.6077922077922078,0.07697215631151817,0.24212904274463654,116,11,0.09482758620689655,0.0,0.22200756315192072,1.216560220470627,0.03215005390089133,validation,0.6155844155844156,0.9021645021645021,0.17804420525919848,0.6038921710586632,0.0,0.5454545454545454,0.0,0.5454545454545454,0.8952380952380953,0.9809523809523809,0.0,0.6666666666666666,0.9017857142857143,0.9523809523809523,0.0673472057891408,0.08704487043971121,0.8275862068965517,0.9224137931034483,0.48095238095238096,0.7489177489177489,0.5454545454545454,0.18313512206077576,0.45454545454545453,0.21863247454166412,0.09090909090909091,0.2667232155799866
federated fedprox,eICU_Hospital_307,0.9053191489361703,0.4509725400457666,0.28571428571428575,0.2,0.9787234042553191,0.5,0.92,0.9038461538461539,0.5893617021276596,0.07297324628802618,0.2456897795200348,104,10,0.09615384615384616,0.0,0.453647333504303,2.3113684478948957,0.06288050909419186,validation,0.8318882978723403,0.9659574468085106,0.30226057310268223,0.7871013708513708,0.0,0.588235294117647,0.0,0.5,0.9468085106382979,1.0,0.0,1.0,0.900990099009901,0.9484536082474226,0.06595620934726114,0.07948738544359568,0.8653846153846154,0.9423076923076923,0.48404255319148937,0.7393617021276595,0.8,0.12420598417520523,0.5,0.16828769445419312,0.4,0.19216831028461456
local-only (lower bound),eICU_Hospital_307,0.8031914893617021,0.36246959690363756,0.28571428571428564,0.3,0.9148936170212766,0.2727272727272727,0.9247311827956989,0.8557692307692307,0.6074468085106383,0.07532740335012765,0.23650747537612915,104,10,0.09615384615384616,0.18181818181818182,0.44906696503803323,1.1317318318811578,0.009928720743538667,validation,0.6648670212765957,0.9212765957446808,0.19424250989533362,0.6317215909090907,0.08,0.5263157894736842,0.1,0.6,0.851063829787234,0.9680851063829787,0.06666666666666667,0.5555555555555556,0.898989898989899,0.9555555555555556,0.061558603686609446,0.08757646591477794,0.7980769230769231,0.9134615384615384,0.475531914893617,0.7574468085106383,0.6,0.14510560035705566,0.3,0.22129718959331512,0.2,0.2588573396205902
federated fedprox,eICU_Hospital_388,0.858974358974359,0.5458500429012647,0.43478260869565216,0.4166666666666667,0.9340659340659341,0.45454545454545453,0.9239130434782609,0.8737864077669902,0.6753663003663004,0.07999018524545531,0.2456897795200348,103,12,0.11650485436893204,0.35294117647058826,1.8514207498744897,0.6984863092592392,0.08966396792322168,validation,0.7618818681318681,0.9432234432234432,0.33367126373940253,0.7892403035775712,0.1818181818181818,0.6666666666666666,0.16666666666666666,0.75,0.8791208791208791,0.978021978021978,0.2,0.75,0.8924731182795699,0.9647058823529412,0.05308908563665321,0.10721694029390227,0.8155339805825242,0.9320388349514563,0.5393772893772893,0.8256066849816847,0.6666666666666666,0.07076694071292877,0.4166666666666667,0.22659829258918762,0.3333333333333333,0.27273502945899963
local-only (lower bound),eICU_Hospital_388,0.7087912087912088,0.27577766921172764,0.32,0.3333333333333333,0.9010989010989011,0.3076923076923077,0.9111111111111111,0.8349514563106796,0.6172161172161172,0.10192525176942552,0.35231414437294006,103,12,0.11650485436893204,0.125,1.3816487938772304,0.38454788404676776,0.07638571313717989,validation,0.5494505494505495,0.8507326007326007,0.1655466313588422,0.5406046436207953,0.0909090909090909,0.5384615384615384,0.08333333333333333,0.5833333333333334,0.8351648351648352,0.9560439560439561,0.1,0.5457070707070693,0.8817204301075269,0.9438202247191011,0.08111669569216988,0.12343196975038895,0.7669902912621359,0.8932038834951457,0.49221611721611724,0.7532051282051282,0.5,0.19046181440353394,0.25,0.38337862491607666,0.16666666666666666,0.4378012418746948
federated fedprox,eICU_Hospital_157,0.7920792079207921,0.5194404041629864,0.4444444444444445,0.42857142857142855,0.9306930693069307,0.46153846153846156,0.9215686274509803,0.8695652173913043,0.6796322489391796,0.08288238993753012,0.2456897795200348,115,14,0.12173913043478261,0.25,0.6319224409905642,0.9927188631582993,0.03872728427446892,validation,0.6308345120226307,0.9207920792079208,0.3163024745604518,0.7534293490610844,0.22222222222222224,0.6666666666666666,0.21428571428571427,0.7142857142857143,0.8811881188118812,0.9702970297029703,0.25,0.7272727272727273,0.8921568627450981,0.9587628865979382,0.06405716171735076,0.10099923652034144,0.8173913043478261,0.9217391304347826,0.5576379066478077,0.8175388967468176,0.6428571428571429,0.14988243579864502,0.42857142857142855,0.2103395313024521,0.35714285714285715,0.35137784481048584
local-only (lower bound),eICU_Hospital_157,0.7630834512022631,0.41375496497538733,0.3333333333333333,0.35714285714285715,0.8910891089108911,0.3125,0.9090909090909091,0.8260869565217391,0.6241159830268741,0.09418457029670468,0.2727753818035126,115,14,0.12173913043478261,0.13333333333333333,0.37731503589779547,0.9130800078373368,0.03401511872754148,validation,0.6074964639321075,0.8889851485148513,0.24196806376378482,0.646781633347667,0.1379310344827586,0.5384615384615384,0.14285714285714285,0.6428571428571429,0.8217821782178217,0.9504950495049505,0.1332608695652174,0.5333333333333333,0.88,0.946236559139785,0.07966291439803276,0.10930703104564152,0.7652173913043478,0.8869565217391304,0.5070721357850071,0.7571693776520504,0.5714285714285714,0.19945044815540314,0.2857142857142857,0.3159334361553192,0.21428571428571427,0.39240315556526184
federated fedprox,eICU_Hospital_318,0.74251012145749,0.2757689184948835,0.1904761904761905,0.15384615384615385,0.9368421052631579,0.25,0.89,0.8425925925925926,0.5453441295546559,0.09853258793134971,0.2456897795200348,108,13,0.12037037037037036,0.0,0.5437155651378796,0.9558284964174981,0.04548684530891478,validation,0.6032388663967612,0.8631781376518217,0.18605150814697233,0.5125817423190479,0.0,0.41666666666666663,0.0,0.38461538461538464,0.8842105263157894,0.9789473684210527,0.0,0.6,0.87,0.9175257731958762,0.0878020672147683,0.1086151500566627,0.7962962962962963,0.8888888888888888,0.45789473684210524,0.6607287449392713,0.46153846153846156,0.1514417827129364,0.23076923076923078,0.22018763422966003,0.07692307692307693,0.26538366079330444
local-only (lower bound),eICU_Hospital_318,0.7190283400809717,0.2883904727404407,0.2222222222222222,0.15384615384615385,0.968421052631579,0.4,0.8932038834951457,0.8703703703703703,0.5611336032388664,0.0985748094419539,0.24649636447429657,108,13,0.12037037037037036,0.0,0.3143294258496059,1.0037099193928203,0.025357722528968694,validation,0.5603036437246964,0.8550607287449393,0.1821309258688309,0.5362716747900617,0.0,0.47058823529411764,0.0,0.38461538461538464,0.9263157894736842,1.0,0.0,1.0,0.875,0.9191919191919192,0.08972111194903547,0.1078631808101683,0.8333333333333334,0.9074074074074074,0.4789473684210526,0.671255060728745,0.46153846153846156,0.1822170615196228,0.38461538461538464,0.18988700211048126,0.23076923076923078,0.24196717143058777
federated fedprox,eICU_Hospital_403,0.8381642512077295,0.4599441347807361,0.2857142857142857,0.2222222222222222,0.967391304347826,0.4,0.9270833333333334,0.900990099009901,0.5948067632850241,0.064228880277242,0.2456897795200348,101,9,0.0891089108910891,0.2,1.0293594032465814,1.129443812557483,0.025285393873340275,validation,0.6557971014492754,0.9601449275362318,0.246176613382124,0.7657199975949975,0.0,0.5882352941176471,0.0,0.5555555555555556,0.9239130434782609,1.0,0.0,1.0,0.9072164948453608,0.9565217391304348,0.04894584493790753,0.07692394890181596,0.8613861386138614,0.9405940594059405,0.4782608695652174,0.7560386473429952,0.7777777777777778,0.10440609604120255,0.5555555555555556,0.1424320638179779,0.2222222222222222,0.2402447909116745
local-only (lower bound),eICU_Hospital_403,0.786231884057971,0.27325123381966876,0.25,0.2222222222222222,0.9456521739130435,0.2857142857142857,0.925531914893617,0.8811881188118812,0.5839371980676329,0.07468588239180146,0.19691994786262512,101,9,0.0891089108910891,0.0,0.5331454647468332,1.1934261334655896,0.018005097487775408,validation,0.6582125603864735,0.897373188405797,0.15643592057947722,0.5762832733275143,0.0,0.5263157894736842,0.0,0.5555555555555556,0.8913043478260869,0.9891304347826086,0.0,0.6666666666666666,0.9052631578947369,0.9534883720930233,0.06682657015095347,0.08225109978570663,0.8316831683168316,0.9306930693069307,0.4673913043478261,0.7234299516908212,0.4444444444444444,0.12256626784801483,0.2222222222222222,0.16539935767650604,0.1111111111111111,0.2500619888305664
federated fedprox,eICU_Hospital_391,0.9093406593406594,0.48209692519647274,0.5517241379310345,0.6153846153846154,0.9047619047619048,0.5,0.9382716049382716,0.865979381443299,0.76007326007326,0.08889562283456995,0.2456897795200348,97,13,0.13402061855670103,0.2222222222222222,1.21678284246461,0.9716893875103493,0.08841285031989754,validation,0.8406364468864469,0.9597069597069597,0.35048389097553734,0.7514042346542346,0.33333333333333337,0.7499999999999999,0.3076923076923077,0.8461538461538461,0.8333333333333334,0.9642857142857143,0.3076923076923077,0.7333333333333333,0.8977199883449883,0.9753086419753086,0.065901772950741,0.11592826574303863,0.7938144329896907,0.9278350515463918,0.61805173992674,0.8933150183150182,0.9230769230769231,0.10547591000795364,0.6153846153846154,0.25205740332603455,0.15384615384615385,0.45282742381095886
local-only (lower bound),eICU_Hospital_391,0.8534798534798534,0.5103467987235994,0.3636363636363637,0.3076923076923077,0.9404761904761905,0.4444444444444444,0.8977272727272727,0.8556701030927835,0.6240842490842491,0.08854388897222697,0.34645313024520874,97,13,0.13402061855670103,0.13333333333333333,0.7928238785533621,1.1618020624644907,0.023564898985025194,validation,0.7454212454212454,0.9404761904761905,0.33027211131974105,0.7569209632013341,0.1,0.6,0.07692307692307693,0.5384615384615384,0.8809523809523809,0.9880952380952381,0.14285714285714285,0.75,0.8666666666666667,0.9318373340143001,0.07030560910492768,0.10599816296440326,0.7938144329896907,0.9072164948453608,0.5027472527472527,0.7541208791208791,0.7692307692307693,0.1866079866886139,0.46153846153846156,0.3088266849517822,0.3076923076923077,0.3577474057674408
federated fedprox,eICU_Hospital_171,0.7765151515151515,0.2995086923658352,0.2,0.16666666666666666,0.9659090909090909,0.25,0.9444444444444444,0.9148936170212766,0.5662878787878788,0.05529345313708038,0.2456897795200348,94,6,0.06382978723404255,0.0,0.8439140367746316,0.8564763421932922,0.033996392894744314,validation,0.6306818181818182,0.9110321969696967,0.10814463569982483,0.6250312427342477,0.0,0.5454545454545454,0.0,0.5,0.9204545454545454,1.0,0.0,0.7924999999999955,0.9325842696629213,0.9662921348314607,0.04100353461306601,0.06486871420245603,0.8723404255319149,0.9468085106382979,0.4715909090909091,0.7386363636363636,0.3333333333333333,0.07422829419374466,0.16666666666666666,0.1241757720708847,0.16666666666666666,0.1241757720708847
local-only (lower bound),eICU_Hospital_171,0.831439393939394,0.26378676470588236,0.26666666666666666,0.3333333333333333,0.9204545454545454,0.2222222222222222,0.9529411764705882,0.8829787234042553,0.6268939393939393,0.05501745684531664,0.1597776710987091,94,6,0.06382978723404255,0.0,0.2539675208811527,1.5706530408111254,0.014423092886647011,validation,0.6988636363636364,0.9412878787878788,0.13856034813247467,0.6511739130434779,0.0,0.5714285714285715,0.0,0.6666666666666666,0.8636363636363636,0.9659090909090909,0.0,0.5,0.9302325581395349,0.9770114942528736,0.04946749470281184,0.06020747099344147,0.8191489361702128,0.9361702127659575,0.45454545454545453,0.8162878787878788,0.5,0.09275104105472565,0.3333333333333333,0.15198826789855957,0.16666666666666666,0.1770360916852951
federated fedprox,eICU_Hospital_152,0.9496124031007752,0.7359417152895416,0.7058823529411765,0.6666666666666666,0.9767441860465116,0.75,0.9655172413793104,0.9473684210526315,0.821705426356589,0.05715440305072777,0.2456897795200348,95,9,0.09473684210526316,0.2,0.5584087895044942,2.6728057091381223,0.05687375927441999,validation,0.888888888888889,0.9922480620155039,0.5073511408076624,0.9415204678362572,0.42857142857142855,0.9411764705882353,0.3333333333333333,1.0,0.9418604651162791,1.0,0.5,1.0,0.9333333333333333,1.0,0.04345380421474391,0.06918604152397302,0.9052631578947369,0.9894736842105263,0.6550387596899224,0.9709302325581395,0.7777777777777778,0.13054081797599792,0.6666666666666666,0.23665089905261993,0.6666666666666666,0.23665089905261993
local-only (lower bound),eICU_Hospital_152,0.8242894056847545,0.3781632597422071,0.375,0.3333333333333333,0.9534883720930233,0.42857142857142855,0.9318181818181818,0.8947368421052632,0.6434108527131783,0.08063650289506752,0.44672971963882446,95,9,0.09473684210526316,0.26666666666666666,1.520410743388367,0.541649540279859,0.07024882542410571,validation,0.6214147286821706,0.9573643410852712,0.22181851530535743,0.7192032480190375,0.0,0.6666666666666666,0.0,0.6666666666666666,0.9069767441860465,0.9883720930232558,0.0,0.8,0.9032258064516129,0.9647058823529412,0.05102099989736738,0.11246857151530051,0.8421052631578947,0.9368421052631579,0.4883720930232558,0.810077519379845,0.7777777777777778,0.09218364953994751,0.4444444444444444,0.1973346620798111,0.2222222222222222,0.5968296527862549
federated fedprox,eICU_Hospital_184,0.8304392236976506,0.41753549480822216,0.4999999999999999,0.5454545454545454,0.9213483146067416,0.46153846153846156,0.9425287356321839,0.88,0.7334014300306435,0.08123396356635278,0.2456897795200348,100,11,0.11,0.15384615384615385,0.4956259761645905,1.2114876352588801,0.07528775250772016,validation,0.6874361593462717,0.9407814096016341,0.24380416536019975,0.6776771255060724,0.2725757575757576,0.7000000000000001,0.2727272727272727,0.8181818181818182,0.8651685393258427,0.9662921348314607,0.25,0.7142857142857143,0.9101123595505618,0.9764705882352941,0.06641473009653008,0.09700163128487306,0.82,0.93,0.5914198161389173,0.8753830439223698,0.7272727272727273,0.12961019575595856,0.6363636363636364,0.2248619943857193,0.09090909090909091,0.4280990660190582
local-only (lower bound),eICU_Hospital_184,0.8488253319713994,0.39870384707045325,0.3448275862068966,0.45454545454545453,0.8539325842696629,0.2777777777777778,0.926829268292683,0.81,0.6542390194075587,0.08511922389670716,0.19027096033096313,100,11,0.11,0.0,0.18697798722182846,2.4269955699080525,0.04934320375323295,validation,0.7425944841675179,0.9336312563840652,0.2572588557300553,0.7058855060818992,0.14285714285714285,0.5386363636363628,0.18181818181818182,0.7272727272727273,0.7752808988764045,0.9213483146067416,0.11764705882352941,0.46153846153846156,0.891566265060241,0.9634146341463414,0.07918946302173266,0.09154073942658211,0.74,0.88,0.5066394279877426,0.8074565883554647,0.6363636363636364,0.16549929976463318,0.36363636363636365,0.19863463938236237,0.09090909090909091,0.23733259737491608
federated fedprox,eICU_Hospital_226,0.8390804597701149,0.66917304679582,0.5833333333333334,0.5833333333333334,0.9425287356321839,0.5833333333333334,0.9425287356321839,0.898989898989899,0.7629310344827587,0.07250411672275675,0.2456897795200348,99,12,0.12121212121212122,0.4,0.9611343034326172,1.1391081864706976,0.07113919102097628,validation,0.7011254789272031,0.9521072796934866,0.43896959140710434,0.883655021878706,0.34782608695652173,0.8,0.3333333333333333,0.8333333333333334,0.896551724137931,0.9885057471264368,0.36363636363636365,0.875,0.9090647857889237,0.9767441860465116,0.04934190283199155,0.09466818099888039,0.8383838383838383,0.9494949494949495,0.6262931034482758,0.8994252873563219,0.5833333333333334,0.20028163492679596,0.5833333333333334,0.20028163492679596,0.4166666666666667,0.4027671217918396
local-only (lower bound),eICU_Hospital_226,0.6647509578544061,0.3517488634424118,0.380952380952381,0.3333333333333333,0.9425287356321839,0.4444444444444444,0.9111111111111111,0.8686868686868687,0.6379310344827586,0.10422596509878576,0.14129182696342468,99,12,0.12121212121212122,0.0,0.055376634168973204,4.495277253195905,0.015583780076768677,validation,0.48563218390804597,0.8333572796934865,0.16717552329883276,0.6315973532753294,0.10526315789473685,0.6363636363636365,0.08333333333333333,0.5833333333333334,0.8850574712643678,0.9885057471264368,0.14285714285714285,0.7777777777777778,0.8804347826086957,0.945054945054945,0.10159863255038414,0.10663695466968237,0.8181818181818182,0.9191919191919192,0.507183908045977,0.7859195402298851,0.4166666666666667,0.12806712090969086,0.25,0.1437559723854065,0.25,0.1437559723854065
federated fedprox,eICU_Hospital_384,0.8134592680047226,0.5103689889390696,0.35714285714285715,0.45454545454545453,0.8441558441558441,0.29411764705882354,0.9154929577464789,0.7954545454545454,0.6493506493506493,0.08933831348865842,0.2456897795200348,88,11,0.125,0.16666666666666666,0.4281299433831163,1.1968790766951916,0.07678856783207845,validation,0.6953659976387248,0.9150236127508854,0.28650563935588824,0.7533617182943557,0.15384615384615383,0.56,0.18181818181818182,0.7272727272727273,0.7662337662337663,0.922077922077922,0.13029891304347826,0.5,0.8765046296296296,0.9565217391304348,0.06993450054004456,0.10678973631363052,0.7159090909090909,0.875,0.5063311688311688,0.7922077922077921,0.45454545454545453,0.23251114785671234,0.36363636363636365,0.3234664499759674,0.2727272727272727,0.3572169840335846
local-only (lower bound),eICU_Hospital_384,0.7296340023612751,0.25527298579246627,0.32,0.36363636363636365,0.8701298701298701,0.2857142857142857,0.9054054054054054,0.8068181818181818,0.6168831168831168,0.10396708181154182,0.2866078317165375,88,11,0.125,0.0,0.24539222932245552,0.8005474673228624,0.05349254994441501,validation,0.5832054309327036,0.8642266824085005,0.1742101138200447,0.46291649599350276,0.09523809523809525,0.5454545454545454,0.09090909090909091,0.6363636363636364,0.7922077922077922,0.948051948051948,0.1,0.5,0.8714285714285714,0.9452054794520548,0.08909278826318667,0.11990799214280727,0.7272727272727273,0.875,0.487012987012987,0.7662337662337662,0.5454545454545454,0.2394673377275467,0.2727272727272727,0.32153281569480896,0.0,0.3606305420398712
federated fedprox,eICU_Hospital_301,0.7471264367816092,0.3671362472114352,0.4000000000000001,0.4,0.9655172413793104,0.4,0.9655172413793104,0.9347826086956522,0.6827586206896552,0.04560903737387233,0.2456897795200348,92,5,0.05434782608695652,0.2857142857142857,0.888975100180037,0.7106811658263582,0.045717160717606974,validation,0.5195402298850575,0.9540229885057471,0.08247534013605443,0.7764032494145199,0.0,0.7499999999999999,0.0,0.8,0.9195402298850575,1.0,0.0,1.0,0.9431818181818182,0.9883720930232558,0.028066826889088774,0.061299984493901984,0.8913043478260869,0.967391304347826,0.47701149425287354,0.8885057471264368,0.4,0.10079137235879898,0.2,0.32597583532333374,0.2,0.32597583532333374
local-only (lower bound),eICU_Hospital_301,0.7862068965517242,0.3414527101163046,0.22222222222222224,0.2,0.9655172413793104,0.25,0.9545454545454546,0.9239130434782609,0.5827586206896552,0.046906040080444335,0.20326465368270874,92,5,0.05434782608695652,0.0,0.4567426977022553,1.0134154861677842,0.021417863009011617,validation,0.6091954022988506,0.9471264367816091,0.0972158736421263,0.7333333333333334,0.0,0.6,0.0,0.6,0.9195402298850575,1.0,0.0,0.975,0.9425120288692862,0.9770114942528736,0.03716124489462708,0.05511822225836447,0.8804347826086957,0.9565217391304348,0.4711206896551724,0.7885057471264367,0.4,0.06763433665037155,0.2,0.18908244371414185,0.2,0.18908244371414185
federated fedprox,eICU_Hospital_181,0.8129411764705883,0.5964910661234191,0.5454545454545454,0.6,0.9294117647058824,0.5,0.9518072289156626,0.8947368421052632,0.7647058823529411,0.07717842483408913,0.2456897795200348,95,10,0.10526315789473684,0.18181818181818182,-0.05175519682848195,1.951968155194287,0.06924350032288779,validation,0.6293823529411765,0.9670588235294117,0.34839914423220875,0.8571654411764705,0.30750000000000005,0.7777777777777777,0.3,0.9,0.8705882352941177,0.9764705882352941,0.2998529411764706,0.7777777777777778,0.9185807113543092,0.9875,0.06348870731586428,0.09007354052855981,0.8418421052631578,0.9473684210526315,0.6145588235294118,0.9147058823529413,0.7,0.16560892760753632,0.6,0.23024004697799683,0.5,0.2597985565662384
local-only (lower bound),eICU_Hospital_181,0.7376470588235294,0.2782475926206577,0.32,0.4,0.8705882352941177,0.26666666666666666,0.925,0.8210526315789474,0.6352941176470588,0.09315657435327328,0.23676292598247528,95,10,0.10526315789473684,0.26666666666666666,0.5882286417989513,0.5978826413869026,0.04899475001975109,validation,0.5740882352941177,0.8847058823529412,0.16413825505272872,0.5631426569272694,0.09523809523809525,0.5384615384615384,0.1,0.7,0.8,0.9411764705882353,0.09090909090909091,0.4666666666666667,0.8928571428571429,0.9620253164556962,0.06767857431936707,0.11651212728234508,0.7473684210526316,0.8842105263157894,0.49117647058823527,0.7970588235294118,0.5,0.10909076035022736,0.3,0.25129008293151855,0.2,0.47870826721191406
federated fedprox,eICU_Hospital_154,0.7394736842105263,0.318763170804069,0.22222222222222224,0.2,0.9210526315789473,0.25,0.8974358974358975,0.8372093023255814,0.5605263157894737,0.10531913231167224,0.2456897795200348,86,10,0.11627906976744186,0.15384615384615385,2.6029022319854844,0.38725217366845666,0.10054960587235971,validation,0.6013157894736842,0.8671052631578947,0.16499312353069967,0.5879659629319954,0.0,0.47619047619047616,0.0,0.5,0.8552631578947368,0.9736842105263158,0.0,0.5728571428571415,0.8717948717948718,0.9315068493150684,0.07788427650158816,0.12959551050505885,0.7790697674418605,0.8953488372093024,0.4473684210526316,0.6973684210526316,0.4,0.07294470816850662,0.3,0.17587187886238098,0.1,0.3053886890411377
local-only (lower bound),eICU_Hospital_154,0.65,0.168982633817641,0.09523809523809525,0.1,0.868421052631579,0.09090909090909091,0.88,0.7790697674418605,0.4842105263157895,0.11689727001743333,0.26902416348457336,86,10,0.11627906976744186,0.0,0.6634149141802306,0.2967675391054662,0.08974486091282477,validation,0.5039144736842106,0.7947368421052632,0.13020321782753014,0.294657933454129,0.0,0.28571428571428564,0.0,0.3,0.7894736842105263,0.9473684210526315,0.0,0.2857142857142857,0.8591549295774648,0.9066666666666666,0.09954175055505306,0.13518129534448714,0.7093023255813954,0.8488372093023255,0.40131578947368424,0.5973684210526315,0.1,0.229355126619339,0.0,0.29874202609062195,0.0,0.6689897775650024
federated fedprox,eICU_Hospital_271,0.9131578947368422,0.468328664799253,0.25,0.2,0.9736842105263158,0.3333333333333333,0.9487179487179487,0.9259259259259259,0.5868421052631579,0.043156126646923545,0.2456897795200348,81,5,0.06172839506172839,0.3333333333333333,1.8829689138985457,1.1310013680016726,0.017135926505606795,validation,0.8288815789473685,0.9815789473684211,0.21621501670843774,0.8401249999999993,0.0,0.6666666666666665,0.0,0.6,0.9342105263157895,1.0,0.0,1.0,0.935064935064935,0.974025974025974,0.024187715882016597,0.05691480447853446,0.8888888888888888,0.9629629629629629,0.47368421052631576,0.7934210526315789,0.6,0.07590338587760925,0.4,0.20568925142288208,0.4,0.20568925142288208
local-only (lower bound),eICU_Hospital_271,0.8552631578947368,0.27557792076848336,0.20000000000000004,0.2,0.9473684210526315,0.2,0.9473684210526315,0.9012345679012346,0.5736842105263158,0.053876959852818034,0.16089250147342682,81,5,0.06172839506172839,0.0,0.3728052344743782,1.5596397106140152,0.014264025989873905,validation,0.7315131578947368,0.9552631578947368,0.14922812418978482,0.7000238095238094,0.0,0.5454545454545454,0.0,0.6,0.8947368421052632,0.9868421052631579,0.0,0.6666666666666666,0.9324324324324325,0.9733333333333334,0.04827799556178295,0.05890030198842558,0.8518518518518519,0.9506172839506173,0.45394736842105265,0.7802631578947368,0.6,0.064436174929142,0.4,0.11325812339782715,0.0,0.2062799036502838
federated fedprox,eICU_Hospital_63,0.6414728682170543,0.13081219806763286,0.1818181818181818,0.16666666666666666,0.9534883720930233,0.2,0.9425287356321839,0.9021739130434783,0.560077519379845,0.06456191467592622,0.2456897795200348,92,6,0.06521739130434782,0.0,0.15398564764546574,0.5187014260992779,0.019082713034510125,validation,0.42441860465116277,0.8372093023255814,0.07401677629244498,0.3489142166115579,0.0,0.5,0.0,0.5,0.9069767441860465,0.9883720930232558,0.0,0.6666666666666666,0.9294117647058824,0.9651162790697675,0.05557471683536449,0.07441257344545005,0.8478260869565217,0.9456521739130435,0.45930232558139533,0.7325581395348837,0.16666666666666666,0.15424318611621857,0.16666666666666666,0.15424318611621857,0.0,0.257204532623291
local-only (lower bound),eICU_Hospital_63,0.560077519379845,0.1237753424232553,0.16666666666666666,0.16666666666666666,0.9418604651162791,0.16666666666666666,0.9418604651162791,0.8913043478260869,0.5542635658914729,0.06528703624046743,0.17583803832530975,92,6,0.06521739130434782,0.0,0.4127774454257227,0.25642828676611523,0.03230840305838248,validation,0.3023255813953488,0.8043120155038758,0.061519019835229886,0.4095571106821105,0.0,0.4615384615384615,0.0,0.5,0.8837209302325582,0.9883720930232558,0.0,0.5,0.927710843373494,0.9647058823529412,0.05472663593119032,0.07659549970969308,0.8369565217391305,0.9347826086956522,0.4476744186046512,0.7267441860465116,0.16666666666666666,0.11773437261581421,0.16666666666666666,0.11773437261581421,0.0,0.3976970613002777
federated fedprox,eICU_Hospital_206,0.7122153209109732,0.32652784112392436,0.4210526315789474,0.5714285714285714,0.7681159420289855,0.3333333333333333,0.8983050847457628,0.7349397590361446,0.6697722567287785,0.13174589004101595,0.2456897795200348,83,14,0.1686746987951807,0.0,0.7947558450633037,0.551880059119459,0.11620773778420435,validation,0.5672619047619046,0.8478260869565217,0.22470815145716924,0.5655717098690677,0.25,0.5789898132427842,0.35714285714285715,0.8571428571428571,0.6666666666666666,0.855072463768116,0.2,0.47619047619047616,0.8448275862068966,0.9608031674208144,0.10609209121558649,0.1603485834597572,0.6385542168674698,0.8192771084337349,0.5336438923395446,0.805383022774327,0.5,0.26233363151550293,0.35714285714285715,0.3638423681259155,0.0,0.4580303728580475
local-only (lower bound),eICU_Hospital_206,0.6055900621118012,0.24845195812438686,0.25,0.21428571428571427,0.8985507246376812,0.3,0.8493150684931506,0.7831325301204819,0.5564182194616977,0.14333692222541258,0.3136415183544159,83,14,0.1686746987951807,0.0,0.27569544681711045,0.42858555797395514,0.05434997797191862,validation,0.4451345755693582,0.7629658385093167,0.17200789140576797,0.4527725133026543,0.0,0.4799999999999999,0.0,0.42857142857142855,0.8260869565217391,0.9710144927536232,0.0,0.6,0.8157894736842105,0.8888888888888888,0.12402261845909096,0.16210305884976195,0.7108433734939759,0.8554216867469879,0.4492753623188406,0.6780538302277432,0.2857142857142857,0.20832496881484985,0.21428571428571427,0.3044062554836273,0.0,0.45130789279937744
federated fedprox,eICU_Hospital_282,0.18269230769230768,0.03610332159471327,0.0,0.0,1.0,,0.9512195121951219,0.9512195121951219,0.5,0.04675635945078325,0.2456897795200348,82,4,0.04878048780487805,0.0,0.10091391955620299,-19.9690178329278,0.004387756627870769,validation,0.05440705128205129,0.3108974358974359,0.035163651200209166,0.055348078694760605,0.0,0.0,0.0,0.0,1.0,1.0,,,0.9512195121951219,0.9512195121951219,0.04656126971913131,0.04707465166805859,0.9512195121951219,0.9512195121951219,0.5,0.5,0.0,0.05257624387741089,0.0,0.05257624387741089,0.0,0.05257624387741089
local-only (lower bound),eICU_Hospital_282,0.14423076923076922,0.03447086320617333,0.0,0.0,0.8846153846153846,0.0,0.9452054794520548,0.8414634146341463,0.4423076923076923,0.048840261999059054,0.06401331722736359,82,4,0.04878048780487805,0.0,0.18168866548489593,-1.7869526689127042,0.0035229711168695554,validation,0.03205128205128205,0.2948717948717949,0.033898934527208095,0.05577724358974354,0.0,0.0,0.0,0.0,0.8076923076923077,0.9487179487179487,0.0,0.0,0.9402985074626866,0.9487179487179487,0.04751173160973058,0.04988377704479327,0.7682926829268293,0.9024390243902439,0.40384615384615385,0.47435897435897434,0.0,0.06737170368432999,0.0,0.06737170368432999,0.0,0.06737170368432999
federated fedprox,eICU_Hospital_331,0.6713615023474178,0.2383512544802867,0.0,0.0,0.9859154929577465,0.0,0.958904109589041,0.9459459459459459,0.49295774647887325,0.03859115536530286,0.2456897795200348,74,3,0.04054054054054054,0.0,0.2134997781554988,0.6285073769664594,0.016840350656845686,validation,0.21126760563380287,0.9859154929577464,0.05084745762711865,0.7578030303030291,0.0,0.0,0.0,0.0,0.9577464788732394,1.0,0.0,0.0,0.9577464788732394,0.9594594594594594,0.03252166152205804,0.044759660799877504,0.918918918918919,0.9594594594594594,0.4788732394366197,0.5,0.3333333333333333,0.08761284500360489,0.3333333333333333,0.08761284500360489,0.0,0.3784995377063751
local-only (lower bound),eICU_Hospital_331,0.6713615023474178,0.1388888888888889,0.0,0.0,0.971830985915493,0.0,0.9583333333333334,0.9324324324324325,0.4859154929577465,0.03812618141540798,0.14732299745082855,74,3,0.04054054054054054,0.0,0.519712119195133,0.9001941398222605,0.026255299689600595,validation,0.23943661971830987,0.9530516431924883,0.05263157894736842,0.4446428571428561,0.0,0.0,0.0,0.0,0.9295774647887324,1.0,0.0,0.0,0.9565217391304348,0.9594594594594594,0.035211480711894616,0.041117465207247614,0.8918918918918919,0.9594594594594594,0.4647887323943662,0.5,0.3333333333333333,0.07936571538448334,0.3333333333333333,0.07936571538448334,0.0,0.1140633076429367
federated fedprox,eICU_Hospital_256,0.9493243243243243,0.551923076923077,0.4444444444444445,0.5,0.9594594594594594,0.4,0.9726027397260274,0.9358974358974359,0.7297297297297297,0.03540276985346496,0.2456897795200348,78,4,0.05128205128205128,0.0,3.2438264237333976,1.2421303849197565,0.04235315916465127,validation,0.8783783783783783,0.9932432432432433,0.2583333333333333,0.9166666666666666,0.0,0.8,0.0,1.0,0.9054054054054054,1.0,0.0,1.0,0.9466666666666667,1.0,0.024887969436323258,0.047265153222202226,0.8846153846153846,0.9743589743589743,0.4797297297297297,0.9797297297297297,0.75,0.08700364083051682,0.75,0.08700364083051682,0.25,0.3112441599369049
local-only (lower bound),eICU_Hospital_256,0.5439189189189189,0.06802297165200391,0.0,0.0,0.9594594594594594,0.0,0.9466666666666667,0.9102564102564102,0.4797297297297297,0.05143700730434956,0.15194201469421387,78,4,0.05128205128205128,0.0,0.7487688717503471,-0.22785430737993928,0.0435794917627787,validation,0.34121621621621623,0.7364864864864865,0.05497309251431895,0.15732142857142842,0.0,0.0,0.0,0.0,0.9054054054054054,1.0,0.0,0.0,0.9436619718309859,0.9487179487179487,0.049944343532236174,0.05313828087221309,0.8589743589743589,0.9487179487179487,0.4527027027027027,0.5,0.0,0.04134707152843475,0.0,0.18472076952457428,0.0,0.18472076952457428
federated fedprox,eICU_Hospital_452,0.7716346153846154,0.4628802154269047,0.47368421052631576,0.6923076923076923,0.75,0.36,0.9230769230769231,0.7402597402597403,0.7211538461538461,0.12016019727397954,0.2456897795200348,77,13,0.16883116883116883,0.13333333333333333,0.20437661150127218,1.069283466855899,0.05852123903860519,validation,0.6286057692307693,0.8930288461538461,0.28160350549099766,0.7075410538949541,0.3124652777777778,0.6285714285714286,0.46153846153846156,0.9230769230769231,0.640625,0.84375,0.23809523809523808,0.5,0.8643875192604007,0.98,0.09687032434433646,0.14471859091629533,0.6363636363636364,0.8311688311688312,0.5815805288461537,0.8449519230769231,0.6153846153846154,0.29280173778533936,0.3076923076923077,0.38521674275398254,0.23076923076923078,0.40762901306152344
local-only (lower bound),eICU_Hospital_452,0.7379807692307692,0.44877118721723064,0.33333333333333337,0.38461538461538464,0.8125,0.29411764705882354,0.8666666666666667,0.7402597402597403,0.5985576923076923,0.12654012905045117,0.30026960372924805,77,13,0.16883116883116883,0.3333333333333333,0.2044191115697096,0.7356191120366078,0.09255225397646429,validation,0.5697115384615385,0.8822716346153844,0.2685028712382791,0.704904111885709,0.13333333333333333,0.5384615384615384,0.15384615384615385,0.6153846153846154,0.71875,0.90625,0.11764705882352941,0.5,0.8181818181818182,0.9180327868852459,0.0961058693610734,0.15924265287902706,0.6493506493506493,0.8311688311688312,0.46033653846153844,0.7373798076923077,0.38461538461538464,0.30924198031425476,0.3076923076923077,0.4049045443534851,0.23076923076923078,0.4880930781364441
federated fedprox,eICU_Hospital_392,0.7243401759530791,0.27631783924887376,0.24999999999999994,0.2727272727272727,0.8387096774193549,0.23076923076923078,0.8666666666666667,0.7534246575342466,0.5557184750733137,0.13185166862463596,0.2456897795200348,73,11,0.1506849315068493,0.0,0.4760494429636677,0.5250888696966336,0.08044902901228976,validation,0.5718475073313782,0.8548387096774194,0.19546767676469323,0.513053869036489,0.0,0.4799999999999999,0.0,0.5454545454545454,0.7419354838709677,0.9193548387096774,0.0,0.46153846153846156,0.8253968253968254,0.9152542372881356,0.10540227481852876,0.1597762679043805,0.6575342465753424,0.8356164383561644,0.4244868035190616,0.7082111436950147,0.2727272727272727,0.2372269332408905,0.09090909090909091,0.39930373430252075,0.0,0.5173091888427734
local-only (lower bound),eICU_Hospital_392,0.6759530791788856,0.22350355077627804,0.2608695652173913,0.2727272727272727,0.8548387096774194,0.25,0.8688524590163934,0.7671232876712328,0.563782991202346,0.1224552349623236,0.22728049755096436,73,11,0.1506849315068493,0.0,0.10990119181475877,1.560482104498617,0.050207213281768644,validation,0.5454545454545454,0.7991568914956009,0.17418691086852245,0.38460112890908454,0.0,0.4799999999999999,0.0,0.5454545454545454,0.7580645161290323,0.9354838709677419,0.0,0.5,0.8305084745762712,0.9137931034482759,0.1157075032785995,0.12891201874296598,0.684931506849315,0.8493150684931506,0.43548387096774194,0.7082111436950147,0.2727272727272727,0.20149362087249756,0.0,0.23673264682292938,0.0,0.2781197130680084
federated fedprox,eICU_Hospital_66,0.9589041095890412,0.3873015873015873,0.3333333333333333,0.3333333333333333,0.9726027397260274,0.3333333333333333,0.9726027397260274,0.9473684210526315,0.6529680365296804,0.03244483069612519,0.2456897795200348,76,3,0.039473684210526314,0.0,1.0042070568662895,1.4627012271811892,0.055275441694998574,validation,0.904109589041096,1.0,0.24164351851851854,1.0,0.0,0.8,0.0,1.0,0.9315068493150684,1.0,0.0,1.0,0.9583333333333334,1.0,0.025585958438319102,0.04036940477163795,0.9078947368421053,0.9868421052631579,0.4726027397260274,0.9794520547945205,0.6666666666666666,0.13418103754520416,0.6666666666666666,0.13418103754520416,0.6666666666666666,0.13418103754520416
local-only (lower bound),eICU_Hospital_66,0.8904109589041096,0.7037037037037037,0.3333333333333333,0.6666666666666666,0.9041095890410958,0.2222222222222222,0.9850746268656716,0.8947368421052632,0.7853881278538812,0.03791629110271843,0.040532372891902924,76,3,0.039473684210526314,0.0,-0.027205447470834088,0.9171724234393727,0.0010538092863402876,validation,0.7077625570776256,1.0,0.13621541501976284,1.0,0.0,0.6,0.0,1.0,0.8356164383561644,0.958904109589041,0.0,0.5,0.9583333333333334,1.0,0.03791611010579735,0.03791655654569539,0.8289473684210527,0.9605263157894737,0.4726027397260274,0.9726027397260274,0.6666666666666666,0.04052821174263954,0.0,inf,0.0,inf
