method,scope,auroc,auprc,f1,sensitivity,specificity,ppv,npv,accuracy,balanced_accuracy,brier,threshold,n,n_pos,prevalence,f1_at_0.5,calib_intercept,calib_slope,ece,threshold_source,auroc_lo,auroc_hi,auprc_lo,auprc_hi,f1_lo,f1_hi,sensitivity_lo,sensitivity_hi,specificity_lo,specificity_hi,ppv_lo,ppv_hi,npv_lo,npv_hi,brier_lo,brier_hi,accuracy_lo,accuracy_hi,balanced_accuracy_lo,balanced_accuracy_hi,sens_at_spec_80,thresh_at_spec_80,sens_at_spec_90,thresh_at_spec_90,sens_at_spec_95,thresh_at_spec_95
centralized (upper bound),global,0.8700569776869187,0.4866545995914448,0.47124378109452736,0.540886249428963,0.9184076653331358,0.41748942172073344,0.9487244897959184,0.8815742556605456,0.7296469573810493,0.06606234206005525,0.22876012325286865,22436,2189,0.09756641112497771,0.31889204545454547,1.5144183388587855,1.0366662426510904,0.006713217379470733,validation,0.862403502446025,0.8780547944173154,0.46637951109183173,0.5076074274160205,0.45537839518562007,0.4873366260151131,0.5207629054362723,0.5619118318867062,0.9145058527189214,0.9219649824665382,0.4023815358253185,0.43296676905660264,0.9465084879437802,0.950979063670252,0.06481537445928871,0.06727966102232276,0.8774737029773578,0.8856313513995364,0.7192976434388433,0.7404627555604231,0.7715851987208772,0.13165056705474854,0.6007309273640932,0.2038217931985855,0.4563727729556875,0.2869434356689453
federated fedavg,global,0.8466674238752143,0.44233182040393587,0.4518900343642612,0.48058474189127454,0.9301131031757791,0.4264288609647345,0.9430617457058441,0.8862542342663576,0.7053489225335268,0.06906310059581511,0.23781676590442657,22436,2189,0.09756641112497771,0.2781791907514451,0.9481215973406107,1.0153298404991657,0.004056283769833168,validation,0.8381492067710238,0.8551709965751204,0.42220622741250446,0.4633177637840833,0.4348939258227177,0.46897026693392935,0.45957058017359526,0.5029693924166286,0.9265063960092853,0.9335210154590804,0.4097818947315235,0.4431116631917806,0.9408695501798668,0.9453355315820201,0.06780133780798912,0.07037695679770167,0.8823308522018185,0.8900873596006418,0.6947156441045821,0.7165185588972083,0.7263590680676107,0.12633800506591797,0.5568752855185016,0.19730044901371002,0.41480127912288717,0.2759798765182495
federated fedavg,Medical Intensive Care Unit (MICU),0.8935545261182691,0.6535361135332123,0.6134969325153374,0.764525993883792,0.8617083091226031,0.5122950819672131,0.9506410256410256,0.84619140625,0.8131171515031976,0.08607137980331382,0.244791641831398,2048,327,0.15966796875,0.4779874213836478,0.9264775275123409,1.2690526022059083,0.02903388062003387,validation,0.8751609902499614,0.9120726695062078,0.6036480725975367,0.7050370848162246,0.5800928014581153,0.6463878326996197,0.7186544342507645,0.8074159021406724,0.8448576409064498,0.8785589773387565,0.4787579836177967,0.5456524248638518,0.9417372888099829,0.9596373837516244,0.0808937274528269,0.09117197188930598,0.82958984375,0.861328125,0.788511164478372,0.837138638193071,0.8256880733944955,0.18846625089645386,0.6850152905198776,0.28959202766418457,0.5382262996941896,0.3767816126346588
local-only (lower bound),Medical Intensive Care Unit (MICU),0.839539276467881,0.4966716085683541,0.5120643431635389,0.5840978593272171,0.8675188843695526,0.45584725536992843,0.9165131982811541,0.822265625,0.7258083718483849,0.10512088205058738,0.29968616366386414,2048,327,0.15966796875,0.16756756756756758,0.849389510424108,1.191254536679693,0.0242744154847685,validation,0.8188328384571235,0.86087892502581,0.44943179804305133,0.5479013627805035,0.4726727362746177,0.5520024357239514,0.5320336391437309,0.6391437308868502,0.8512492736780941,0.8826263800116212,0.4184384935191978,0.4944709655712567,0.9067231980617807,0.9267410155551583,0.10116502035128763,0.1090013781038541,0.8056640625,0.8379028320312499,0.6981927689434526,0.7537614590052366,0.709480122324159,0.25319838523864746,0.5137614678899083,0.32460299134254456,0.3302752293577982,0.3731704652309418
federated fedavg,Cardiac Vascular Intensive Care Unit (CVICU),0.8984075556402601,0.4585418609854861,0.45217391304347826,0.48148148148148145,0.9799885648942253,0.4262295081967213,0.983926521239954,0.9650582362728786,0.7307350231878533,0.021895278451123615,0.17638374865055084,1803,54,0.029950083194675542,0.22580645161290322,1.5034799153104035,1.1605179154709933,0.006777116802434336,validation,0.8489766639137708,0.9423588611481694,0.332634187708627,0.5854973211040237,0.34188034188034183,0.5535782967032966,0.35185185185185186,0.6111111111111112,0.9731275014293882,0.9862778730703259,0.32648423005565863,0.5373421354764637,0.9799081515499426,0.9879171461449943,0.019655588734259412,0.0242084063570024,0.9572933998890738,0.9722684414864116,0.6639190648624611,0.7964074709357729,0.8148148148148148,0.03972214087843895,0.7592592592592593,0.061416029930114746,0.5925925925925926,0.10970771312713623
local-only (lower bound),Cardiac Vascular Intensive Care Unit (CVICU),0.8687398089913811,0.29455404331356333,0.33870967741935487,0.3888888888888889,0.9719839908519153,0.3,0.9809578765147143,0.954520244037715,0.6804364398704021,0.024621187981835393,0.16089637577533722,1803,54,0.029950083194675542,0.0,0.7728074365298689,1.2157017216872066,0.009686022615695556,validation,0.8087751201744913,0.9227749190013341,0.2058852870486656,0.4299187045620911,0.2393162393162393,0.44628468122786297,0.25925925925925924,0.5185185185185185,0.9634076615208691,0.9799885648942253,0.21428571428571427,0.4035561877667138,0.9770375577597367,0.9850402761795167,0.02299822003303177,0.026207902714369055,0.9456461453133667,0.9633943427620633,0.6161862334032145,0.7486817864176354,0.7777777777777778,0.031874801963567734,0.7222222222222222,0.06897345930337906,0.5555555555555556,0.11766715347766876
federated fedavg,Medical/Surgical Intensive Care Unit (MICU/SICU),0.866943151800723,0.5629151753800459,0.5346938775510204,0.5670995670995671,0.904047976011994,0.5057915057915058,0.9234303215926493,0.8543130990415335,0.7355737715557806,0.08987590222693394,0.29256725311279297,1565,231,0.1476038338658147,0.40718562874251496,1.0347007631155196,1.0146578762877834,0.011637599089055716,validation,0.8425390389220972,0.8912916106881623,0.5043728769918585,0.6236117975258347,0.4854771784232365,0.5826454415305525,0.5021645021645021,0.6320346320346321,0.8883058470764618,0.9190404797601199,0.4590648069174436,0.556459736500059,0.9131078074175988,0.9339562158855638,0.08358767917764688,0.09608494203867982,0.8383386581469648,0.8702875399361022,0.7030218656905314,0.7677539071373404,0.7662337662337663,0.1788739264011383,0.5887445887445888,0.2873809337615967,0.42857142857142855,0.39065268635749817
local-only (lower bound),Medical/Surgical Intensive Care Unit (MICU/SICU),0.8066616042628036,0.4649430321298807,0.49242424242424243,0.5627705627705628,0.8748125937031485,0.4377104377104377,0.9203470031545742,0.8287539936102236,0.7187915782368557,0.10127677622343982,0.2900090217590332,1565,231,0.1476038338658147,0.3281733746130031,0.7477559197158654,0.8317041186380689,0.017540710387504484,validation,0.7769524328744719,0.8372257864574205,0.409514870748584,0.5285406696105867,0.44660194174757284,0.5399239543726235,0.5021645021645021,0.6277056277056277,0.8568028485757121,0.8913043478260869,0.3940274513992737,0.4809747118661706,0.9103663289166017,0.9312260389317004,0.0948878290612228,0.10765024057953797,0.810223642172524,0.8453674121405751,0.6879013415370236,0.7517204060307509,0.658008658008658,0.21036328375339508,0.5064935064935064,0.3236441910266876,0.31601731601731603,0.43051645159721375
federated fedavg,Surgical Intensive Care Unit (SICU),0.8897357185702693,0.5315816818141789,0.5109489051094891,0.49645390070921985,0.9477611940298507,0.5263157894736842,0.9415156507413509,0.9005196733481812,0.7221075473695353,0.06652889205783037,0.3274937868118286,1347,141,0.10467706013363029,0.4392523364485981,1.4958766683405806,0.9739666671737445,0.008906046342271023,validation,0.864259229855451,0.9145222469214213,0.45914631730765876,0.6175376453557909,0.44184056945795386,0.5797101449275364,0.41826241134751774,0.5815602836879432,0.9353026533996683,0.9601990049751243,0.4571381267738884,0.6046558514628656,0.9326298701298701,0.950752278958119,0.06017394733860391,0.07251263554718874,0.8864142538975501,0.9153674832962138,0.6806082618820789,0.7652605765498748,0.7943262411347518,0.11246930062770844,0.6524822695035462,0.2192314714193344,0.48936170212765956,0.34184643626213074
local-only (lower bound),Surgical Intensive Care Unit (SICU),0.8479823106688777,0.4644490058294915,0.4517647058823529,0.6808510638297872,0.8441127694859039,0.3380281690140845,0.9576669802445907,0.8270230141054195,0.7624819166578456,0.07197154240766118,0.1585080325603485,1347,141,0.10467706013363029,0.20987654320987653,0.7279932902142283,1.1490637539093984,0.02046667230498729,validation,0.811338990626066,0.8848149912376652,0.39516125917165007,0.5548365049001985,0.40301991880853977,0.5000290023201854,0.6028368794326241,0.7588652482269503,0.824212271973466,0.8640132669983416,0.30034101533020197,0.3799335321844159,0.9475609551063131,0.9678972601462001,0.06700546698445901,0.07686697826065929,0.807720861172977,0.8470861172976984,0.7207532814650153,0.804162917681098,0.75177304964539,0.13014690577983856,0.624113475177305,0.2106931060552597,0.45390070921985815,0.29326343536376953
federated fedavg,Coronary Care Unit (CCU),0.8682758092692738,0.5448904419879667,0.48739495798319327,0.6170212765957447,0.873405299313052,0.4027777777777778,0.9427966101694916,0.8422413793103448,0.7452132879543983,0.07736455339672045,0.21461839973926544,1160,141,0.12155172413793103,0.38578680203045684,1.020229294118861,1.0476316534404195,0.01496187832909872,validation,0.8383276261666632,0.897726529277069,0.4712405638773342,0.6236163509632721,0.42818390014886065,0.542477516791257,0.5319148936170213,0.6950354609929078,0.8527968596663396,0.8920755642787045,0.35526315789473684,0.45321212736783295,0.9306415181264376,0.9542076468500074,0.07056033080170447,0.08391051421610739,0.821551724137931,0.8620689655172413,0.7004735382345366,0.7873910766361124,0.7801418439716312,0.1472322940826416,0.5886524822695035,0.2449210286140442,0.4326241134751773,0.3566349148750305
local-only (lower bound),Coronary Care Unit (CCU),0.7987736551618538,0.4171882562840751,0.42239185750636127,0.5886524822695035,0.8341511285574092,0.32936507936507936,0.9361233480176211,0.8043103448275862,0.7114018054134563,0.08891710592218359,0.18202263116836548,1160,141,0.12155172413793103,0.14102564102564102,0.4698696710956811,1.1040183770891718,0.009571967687626401,validation,0.7582108380487058,0.8363835355201525,0.34751048151722524,0.4955683146075972,0.36897311750252926,0.47500618811881185,0.5035460992907801,0.6737588652482269,0.8096172718351324,0.8567222767419038,0.2872630402384501,0.37239908429933455,0.9242586401889366,0.9487193763919821,0.08386326575676911,0.09418008169252053,0.7810344827586206,0.825883620689655,0.6681957697367047,0.7544551569818831,0.6524822695035462,0.16113249957561493,0.46099290780141844,0.2364419400691986,0.3120567375886525,0.32038405537605286
federated fedavg,Trauma SICU (TSICU),0.8806074059126223,0.5493490757878967,0.5213675213675214,0.5754716981132075,0.9283422459893048,0.4765625,0.9507119386637459,0.8924111431316042,0.7519069720512561,0.0648915484385084,0.2505376636981964,1041,106,0.10182516810758886,0.36496350364963503,1.0423592107464121,1.166361516951033,0.015401230102476977,validation,0.8467611744526284,0.9111116436282919,0.4647705574794735,0.6397478193753297,0.45000000000000007,0.5909189723320156,0.4811320754716981,0.6698113207547169,0.9112299465240642,0.9443850267379679,0.40714285714285714,0.5495608108108108,0.940475862340526,0.9614548046214313,0.05915980835219882,0.07078131901060404,0.8741594620557157,0.909702209414025,0.704833013823025,0.7996115427302997,0.8018867924528302,0.117942214012146,0.6320754716981132,0.21197496354579926,0.5188679245283019,0.28233978152275085
local-only (lower bound),Trauma SICU (TSICU),0.816406013520331,0.4442300516204756,0.41255605381165916,0.4339622641509434,0.9240641711229947,0.39316239316239315,0.935064935064935,0.8741594620557157,0.679013217636969,0.07405446322145906,0.2367909699678421,1041,106,0.10182516810758886,0.24193548387096775,0.7066135130017894,1.0789191731530858,0.019950664501349143,validation,0.7732410957521946,0.8554653919886994,0.35903760870444396,0.5343342308371448,0.33624819921794613,0.484588172473635,0.33962264150943394,0.5283018867924528,0.906951871657754,0.9411764705882353,0.3203125,0.4722222222222222,0.9254045986284792,0.9450433994884426,0.06891351443117535,0.07921751625940791,0.8568443804034582,0.8924111431316042,0.63237576934719,0.7251135102411461,0.6509433962264151,0.1495630145072937,0.4528301886792453,0.22091194987297058,0.3490566037735849,0.2711018919944763
federated fedavg,Neuro Intermediate,0.8427738927738928,0.11693494310925402,0.10526315789473684,0.07692307692307693,0.9924242424242424,0.16666666666666666,0.9820089955022488,0.974739970282318,0.5346736596736597,0.018214624331724036,0.23781676590442657,673,13,0.019316493313521546,0.0,0.9716948187608043,0.933706114488488,0.002692984561064838,validation,0.7546474358974359,0.9258770396270396,0.06256480204052914,0.2850750709879165,0.0,0.30789473684210417,0.0,0.23076923076923078,0.9848484848484849,0.9984848484848485,0.0,0.5,0.9804511278195489,0.9850074962518741,0.016694203174844244,0.019621033369632605,0.9673105497771174,0.9806835066864784,0.49393939393939396,0.6131118881118881,0.6153846153846154,0.03278562054038048,0.46153846153846156,0.06653334945440292,0.38461538461538464,0.09271162003278732
local-only (lower bound),Neuro Intermediate,0.8198135198135198,0.07648785756971119,0.05555555555555555,0.07692307692307693,0.9666666666666667,0.043478260869565216,0.9815384615384616,0.9494799405646359,0.5217948717948718,0.019143461839554385,0.1348557472229004,673,13,0.019316493313521546,0.0,0.6304862607570945,0.7919719153914003,0.007458838385880616,validation,0.7296008158508158,0.8952214452214452,0.045192870629995816,0.22882750366994695,0.0,0.17647058823529413,0.0,0.23076923076923078,0.953030303030303,0.9803030303030303,0.0,0.14285714285714285,0.9798441788242092,0.9846625766871165,0.017783432132093335,0.020280045881049757,0.9361069836552749,0.962852897473997,0.4787689393939394,0.6017482517482518,0.6153846153846154,0.02686702460050583,0.3076923076923077,0.0593813881278038,0.07692307692307693,0.10897161811590195
federated fedavg,eICU_Hospital_73,0.7982529118136439,0.32746559726280977,0.32876712328767127,0.2727272727272727,0.9717138103161398,0.41379310344827586,0.948051948051948,0.924031007751938,0.6222205415217062,0.05558712827780551,0.21935708820819855,645,44,0.06821705426356589,0.044444444444444446,0.9557115448607929,0.9919579382442936,0.009055561057739532,validation,0.7305541899863863,0.8605761231281197,0.21306296672828148,0.476463364996075,0.18749999999999997,0.46760886172650834,0.13636363636363635,0.4090909090909091,0.956738768718802,0.9850249584026622,0.25,0.6,0.9392,0.9574468085106383,0.051396238223015527,0.05974923376443499,0.9085271317829458,0.9395348837209302,0.556534563606111,0.6912343064589321,0.6363636363636364,0.09495268017053604,0.4318181818181818,0.15227825939655304,0.36363636363636365,0.18612994253635406
local-only (lower bound),eICU_Hospital_73,0.7766601119346543,0.18955839616703743,0.2280701754385965,0.29545454545454547,0.9051580698835274,0.18571428571428572,0.9460869565217391,0.8635658914728682,0.6003063076690365,0.059882168831108994,0.15666480362415314,645,44,0.06821705426356589,0.0,0.5627513547380514,0.8878392001770716,0.017403476612368064,validation,0.7066215398578127,0.8345607699289063,0.1383987301445765,0.2835507580484851,0.13556877444589313,0.32144370460048416,0.18125000000000005,0.4318181818181818,0.8818635607321131,0.9267886855241264,0.11107305936073059,0.26317616959064316,0.9368573699717044,0.9562171628721541,0.056181604118098895,0.06376996171577057,0.8387596899224806,0.8852713178294573,0.5359868968386023,0.6701520193616699,0.5,0.09135870635509491,0.29545454545454547,0.14569929242134094,0.22727272727272727,0.22703905403614044
federated fedavg,eICU_Hospital_264,0.7637648205294787,0.2557445467216301,0.33333333333333337,0.5319148936170213,0.851145038167939,0.24271844660194175,0.9529914529914529,0.8248686514886164,0.6915299658924801,0.06931648777457755,0.13267885148525238,571,47,0.08231173380035026,0.0784313725490196,0.557609282980323,0.9153377429174526,0.017325710843891336,validation,0.6915238752639272,0.8310479941529967,0.17839185132110208,0.3708358133180814,0.25,0.41668165467625895,0.3829787234042553,0.6808510638297872,0.8187022900763359,0.8816793893129771,0.1792452830188679,0.30841370053688605,0.9392015313098169,0.9672524681982153,0.06397162686103307,0.07430364325914596,0.7933450087565674,0.8563922942206655,0.6180160792593796,0.7649052907260029,0.5319148936170213,0.12239499390125275,0.425531914893617,0.15106840431690216,0.14893617021276595,0.24055176973342896
local-only (lower bound),eICU_Hospital_264,0.772210492122787,0.24352448448750286,0.33599999999999997,0.44680851063829785,0.8912213740458015,0.2692307692307692,0.947261663286004,0.8546409807355516,0.6690149423420497,0.06933200339597656,0.17833997309207916,571,47,0.08231173380035026,0.07692307692307693,0.5394308334398876,0.8531759508388058,0.011825537366952403,validation,0.7017165421471495,0.8382349358453793,0.1787918773425541,0.3623018584940934,0.239982905982906,0.4310499875961299,0.3191489361702128,0.5957446808510638,0.8645038167938931,0.9179389312977099,0.1922945205479452,0.35001623376623364,0.9348268839103869,0.9607438016528925,0.0638291115189167,0.075035959547628,0.8283712784588442,0.8809106830122592,0.5985057657950301,0.7415746305018678,0.6170212765957447,0.11294637620449066,0.40425531914893614,0.19219885766506195,0.23404255319148937,0.25679534673690796
federated fedavg,eICU_Hospital_420,0.8529387986094268,0.5975968460390281,0.4565217391304348,0.3684210526315789,0.967741935483871,0.6,0.9210526315789473,0.8981670061099797,0.668081494057725,0.07175567605837209,0.42023566365242004,491,57,0.11608961303462322,0.47058823529411764,0.7289906593215969,0.9635399138018421,0.037723469988219134,validation,0.789918344247716,0.9074308755760369,0.4940328116727479,0.7069077684321066,0.3296638655462185,0.5773310423825887,0.24561403508771928,0.49122807017543857,0.9493087557603687,0.9838709677419355,0.45161290322580644,0.75,0.9073275862068966,0.9359858651573941,0.0613659498397902,0.08204930965776532,0.8757637474541752,0.9185336048879837,0.6073853989813243,0.7340932977605303,0.7719298245614035,0.20751357078552246,0.5789473684210527,0.3123502731323242,0.42105263157894735,0.3943691551685333
local-only (lower bound),eICU_Hospital_420,0.8345864661654135,0.5671662500839161,0.45086705202312144,0.6842105263157895,0.8225806451612904,0.33620689655172414,0.952,0.8065173116089613,0.7533955857385399,0.0766391444640539,0.18875375390052795,491,57,0.11608961303462322,0.3142857142857143,0.34905295373639467,1.2630603442252457,0.03649384791103557,validation,0.7708383862883015,0.894293192659067,0.4572113564794214,0.6826563212037209,0.37988826815642457,0.5283127304272391,0.5614035087719298,0.8070175438596491,0.7880184331797235,0.8594470046082949,0.2806917862838915,0.4036697247706422,0.9353938822543474,0.9696969696969697,0.06794830894277146,0.08528888041650015,0.7718940936863544,0.8431771894093686,0.6919920769666101,0.8159622847441182,0.6842105263157895,0.1889803558588028,0.543859649122807,0.28257519006729126,0.45614035087719296,0.357279896736145
federated fedavg,eICU_Hospital_458,0.7991734379377977,0.3665316980716972,0.3373493975903615,0.32558139534883723,0.9216867469879518,0.35,0.9134328358208955,0.8533333333333334,0.6236340711683945,0.08841909450457844,0.24726250767707825,375,43,0.11466666666666667,0.24561403508771928,0.7039689998965799,0.7950648150343474,0.023911444032564764,validation,0.729185346035304,0.8669865508545811,0.26794296101435383,0.524146500019463,0.21333333333333332,0.46668831168831154,0.18604651162790697,0.46511627906976744,0.891566265060241,0.9487951807228916,0.22498724489795918,0.4878048780487805,0.8979591836734694,0.9307228915662651,0.0766550305156149,0.1003824163546207,0.824,0.8826666666666667,0.5564583917063604,0.6979195853180162,0.6976744186046512,0.14763318002223969,0.4186046511627907,0.21566493809223175,0.20930232558139536,0.3168904483318329
local-only (lower bound),eICU_Hospital_458,0.7883160549173438,0.4182121915302008,0.4264705882352941,0.6744186046511628,0.8072289156626506,0.3118279569892473,0.950354609929078,0.792,0.7408237601569068,0.08552285358143202,0.15708525478839874,375,43,0.11466666666666667,0.045454545454545456,0.3657529204217842,1.2352545821317302,0.030179416996737325,validation,0.7092305267581955,0.8679654665172316,0.30002767392752344,0.5697579894890019,0.3448161680749029,0.5142962184873948,0.5348837209302325,0.813953488372093,0.7620481927710844,0.8493975903614458,0.25,0.3820398113469273,0.9300699300699301,0.9717314487632509,0.07733276760923989,0.09305963406811162,0.7493333333333333,0.832,0.6680337629588119,0.8166363126926309,0.6046511627906976,0.16515350341796875,0.5116279069767442,0.21612896025180817,0.27906976744186046,0.2883409559726715
federated fedavg,eICU_Hospital_443,0.7744186046511629,0.3427895304668451,0.3333333333333333,0.27906976744186046,0.9514285714285714,0.41379310344827586,0.9148351648351648,0.8778625954198473,0.6152491694352159,0.08913172937971259,0.34873729944229126,393,43,0.10941475826972011,0.3,1.096394448311758,0.5408853126220386,0.042975119912123626,validation,0.700390365448505,0.8430581395348837,0.23659207141051186,0.4890530923604842,0.18749999999999997,0.46913580246913583,0.13953488372093023,0.4186046511627907,0.9285714285714286,0.9742857142857143,0.25,0.5926215277777775,0.9005376344086021,0.9301675977653632,0.07662666498913803,0.10307652030270277,0.8524173027989822,0.9033078880407125,0.5483388704318937,0.685016611295681,0.5581395348837209,0.15989235043525696,0.37209302325581395,0.28066447377204895,0.23255813953488372,0.3544897139072418
local-only (lower bound),eICU_Hospital_443,0.6957475083056479,0.2795381193647616,0.3555555555555555,0.37209302325581395,0.9114285714285715,0.3404255319148936,0.9219653179190751,0.8524173027989822,0.6417607973421927,0.09822012839740632,0.32165396213531494,393,43,0.10941475826972011,0.2318840579710145,0.8794783240444746,0.42080620365625393,0.07516091163228703,validation,0.6079053156146179,0.778406976744186,0.1927486531999479,0.4078892033933052,0.23652751423149906,0.47727272727272724,0.23255813953488372,0.5122093023255783,0.8828571428571429,0.94,0.23072916666666668,0.4634571752694269,0.9061539714765521,0.9396577690070628,0.0849111729293556,0.1113387886841162,0.821882951653944,0.8829516539440203,0.5717632890365448,0.717472591362126,0.46511627906976744,0.17614132165908813,0.3953488372093023,0.29526305198669434,0.16279069767441862,0.5205345153808594
federated fedavg,eICU_Hospital_243,0.7843719090009891,0.38564780942463917,0.2689075630252101,0.48484848484848486,0.7922848664688428,0.18604651162790697,0.9401408450704225,0.7648648648648648,0.6385666756586639,0.06936865310837742,0.11533274501562119,370,33,0.0891891891891892,0.16666666666666666,0.7173105403315807,1.055192925280795,0.02077839250607114,validation,0.7099159248269041,0.8540823666936426,0.2492551829401701,0.5476540067645155,0.18178092399403872,0.3621081504702192,0.3333333333333333,0.6666666666666666,0.7507418397626113,0.8338278931750742,0.12790697674418605,0.25301204819277107,0.9217081850533808,0.9598540145985401,0.06148649674005643,0.07677720234537101,0.7216216216216216,0.8081081081081081,0.5520793993345923,0.7279920870425322,0.42424242424242425,0.11924190819263458,0.3333333333333333,0.1613224446773529,0.30303030303030304,0.22840578854084015
local-only (lower bound),eICU_Hospital_243,0.7638701555615502,0.24134948192386166,0.29268292682926833,0.36363636363636365,0.8902077151335311,0.24489795918367346,0.9345794392523364,0.8432432432432433,0.6269220393849474,0.07614284045328018,0.19608250260353088,370,33,0.0891891891891892,0.058823529411764705,0.43872471543183433,0.8682457773732946,0.020355054250339396,validation,0.6882452117615322,0.8345607409405629,0.16722467392108403,0.3641703841941003,0.17948717948717946,0.410958904109589,0.21212121212121213,0.5151515151515151,0.857566765578635,0.9228486646884273,0.1509433962264151,0.3488372093023256,0.9198813056379822,0.9504682184764743,0.06960574387901941,0.08236538538396761,0.8108108108108109,0.8756756756756757,0.549680784102149,0.7104419566585737,0.5454545454545454,0.12734182178974152,0.30303030303030304,0.21224050223827362,0.18181818181818182,0.2739506959915161
federated fedavg,eICU_Hospital_338,0.7746151611966309,0.3236607631065919,0.3018867924528302,0.36363636363636365,0.9265175718849841,0.25806451612903225,0.9539473684210527,0.8895522388059701,0.6450769677606738,0.05382474780970959,0.1452496349811554,335,22,0.06567164179104477,0.08333333333333333,0.871900930369236,0.8499382605878932,0.019139366614225724,validation,0.6636581469648563,0.870755881498693,0.1787434589369286,0.5338020313817119,0.14808080808080806,0.4583333333333333,0.18181818181818182,0.5465909090909028,0.8977635782747604,0.9552715654952076,0.1332608695652174,0.4074074074074074,0.9405891416956265,0.9679741379310344,0.04620478046319579,0.060765902828323635,0.8597014925373134,0.9194029850746268,0.5461407203020622,0.7503630554748766,0.5909090909090909,0.08565530180931091,0.36363636363636365,0.1360473930835724,0.2727272727272727,0.1658526062965393
local-only (lower bound),eICU_Hospital_338,0.730467615451641,0.2576255968007178,0.21739130434782608,0.22727272727272727,0.939297124600639,0.20833333333333334,0.9453376205787781,0.8925373134328358,0.5832849259366831,0.058091416965182545,0.20766879618167877,335,22,0.06567164179104477,0.08695652173913043,0.7095091649862688,0.7040013046643958,0.029330529006364847,validation,0.6184976764449609,0.8292223351728144,0.12338387673904429,0.43195530580241864,0.052631578947368425,0.3829787234042554,0.045454545454545456,0.4090909090909091,0.9136581469648563,0.9616613418530351,0.0625,0.3684210526315789,0.9341692789968652,0.9579321954274975,0.05128803299602392,0.06430577994918643,0.8656716417910447,0.9194029850746268,0.4987656113854197,0.6774288411269239,0.4090909090909091,0.07868552953004837,0.2727272727272727,0.12511952221393585,0.18181818181818182,0.23860664665699005
federated fedavg,eICU_Hospital_252,0.8444816053511706,0.4882643620469346,0.49382716049382713,0.47619047619047616,0.9364548494983278,0.5128205128205128,0.9271523178807947,0.8797653958944281,0.7063226628444019,0.08433640559042922,0.26395127177238464,341,42,0.12316715542521994,0.17391304347826086,0.6904980830427883,1.3684385279137097,0.020392012906491567,validation,0.7834627329192546,0.8987119764293678,0.3623575563561316,0.6215439499223695,0.35895522388059703,0.6087221633085895,0.3333333333333333,0.6190476190476191,0.9063545150501672,0.9599498327759193,0.3783783783783784,0.65,0.9079354636591479,0.945950495950496,0.07551238614867704,0.09318299611247083,0.8475073313782991,0.9090909090909091,0.629678292721771,0.7777512342729734,0.6904761904761905,0.16926825046539307,0.5238095238095238,0.24455802142620087,0.3333333333333333,0.3043749928474426
local-only (lower bound),eICU_Hospital_252,0.7700270743749005,0.3807387260895179,0.4242424242424242,0.5,0.8795986622073578,0.3684210526315789,0.926056338028169,0.8328445747800587,0.689799331103679,0.09370406041321477,0.2065877914428711,341,42,0.12316715542521994,0.23076923076923078,0.4825452392539826,0.9745062890116896,0.01490811621251344,validation,0.6986781334607421,0.8405876731963687,0.2724803667630385,0.5164819354948792,0.3137254901960784,0.5294417767106842,0.35714285714285715,0.6428571428571429,0.8394648829431438,0.9130434782608695,0.2727272727272727,0.4706159822419532,0.9060323593880641,0.9471701435025246,0.08421589544859057,0.1031583171097491,0.7947214076246334,0.8680351906158358,0.6150262780697563,0.7664437012263099,0.5476190476190477,0.16189195215702057,0.42857142857142855,0.23112140595912933,0.21428571428571427,0.3169904053211212
federated fedavg,eICU_Hospital_208,0.7775944261092776,0.367776965448229,0.3714285714285714,0.3611111111111111,0.9306930693069307,0.38235294117647056,0.9245901639344263,0.8702064896755162,0.6459020902090209,0.08200145087042833,0.25878483057022095,339,36,0.10619469026548672,0.14634146341463414,0.7205143784168206,0.8844939972928942,0.015733274077285073,validation,0.6959662632929959,0.8524087825449211,0.2472500563822089,0.5298060784213564,0.22580645161290322,0.5122107567229518,0.2222222222222222,0.5277777777777778,0.900990099009901,0.9570957095709571,0.23529411764705882,0.5333333333333333,0.9075907590759076,0.9431438127090301,0.07311295774865133,0.09206900030963532,0.8377581120943953,0.8997050147492626,0.5658690869086909,0.7292766776677666,0.5833333333333334,0.1377832442522049,0.3888888888888889,0.22899159789085388,0.3055555555555556,0.33215078711509705
local-only (lower bound),eICU_Hospital_208,0.7228639530619728,0.21600645407687083,0.31055900621118016,0.6944444444444444,0.66996699669967,0.2,0.9485981308411215,0.672566371681416,0.6822057205720572,0.09064109405177448,0.14160598814487457,339,36,0.10619469026548672,0.0,0.011925766160282514,1.0370436696647019,0.029743894676411402,validation,0.6392464246424642,0.8008800880088008,0.16320808620719476,0.32980506929027675,0.24516129032258063,0.3718023255813953,0.5277777777777778,0.8333333333333334,0.6171617161716172,0.7227722772277227,0.15826391518364255,0.24271844660194175,0.9238084561178732,0.9714285714285714,0.08521196664916866,0.09613540683294765,0.6224188790560472,0.7227138643067846,0.6011860561056106,0.754950495049505,0.4722222222222222,0.1801273673772812,0.25,0.23231446743011475,0.08333333333333333,0.28445401787757874
federated fedavg,eICU_Hospital_122,0.8437325594374372,0.5778818946308634,0.391304347826087,0.5806451612903226,0.8512110726643599,0.29508196721311475,0.9498069498069498,0.825,0.7159281169773413,0.060160357973747434,0.14165228605270386,320,31,0.096875,0.45454545454545453,1.0307438590989606,1.0042110946053842,0.03805761633693693,validation,0.7682721285857795,0.909699743274919,0.41462302278887964,0.7314814560206887,0.27906976744186046,0.4943820224719101,0.3870967741935484,0.7419354838709677,0.8096885813148789,0.8927335640138409,0.20965936446798267,0.3818881118881115,0.9288389513108615,0.9689922480620154,0.04788007868283386,0.07382365488589067,0.784375,0.8625,0.6208840272351825,0.8017928898314541,0.6451612903225806,0.11702170222997665,0.5483870967741935,0.16419491171836853,0.5161290322580645,0.22590969502925873
local-only (lower bound),eICU_Hospital_122,0.8608103582989173,0.502761472108191,0.3913043478260869,0.2903225806451613,0.9792387543252595,0.6,0.9278688524590164,0.9125,0.6347806674852104,0.06688279601601906,0.3509793281555176,320,31,0.096875,0.3157894736842105,0.49661399477356793,1.3277712468014238,0.043411444930097784,validation,0.7750837147003012,0.9265543029355955,0.3633752450737079,0.6643213244476281,0.21612995974698102,0.5556666666666661,0.16129032258064516,0.45161290322580644,0.9619377162629758,0.9930795847750865,0.36363636363636365,0.8571428571428571,0.914466627583811,0.9435215946843853,0.05845607273254507,0.07559344750600543,0.890625,0.934375,0.5616000669717602,0.7171559325817614,0.7096774193548387,0.1525597721338272,0.5806451612903226,0.22105717658996582,0.41935483870967744,0.2648000419139862
federated fedavg,eICU_Hospital_167,0.9059895833333333,0.6102474589708196,0.5172413793103449,0.5,0.94921875,0.5357142857142857,0.9418604651162791,0.9020979020979021,0.724609375,0.06678620536189113,0.280289888381958,286,30,0.1048951048951049,0.23529411764705882,0.6709745505500377,1.8528011971037206,0.04554234777082252,validation,0.8511718750000001,0.949609375,0.46807282619948326,0.7526562741620846,0.3571428571428571,0.6557505122950819,0.3333333333333333,0.6666666666666666,0.921875,0.97265625,0.3823179271708683,0.7142857142857143,0.9227724402143007,0.9610894941634242,0.05841083832880489,0.07529280187672525,0.8706293706293706,0.9335664335664335,0.6334635416666666,0.8157552083333333,0.8666666666666667,0.13501164317131042,0.7,0.19026552140712738,0.43333333333333335,0.2844699025154114
local-only (lower bound),eICU_Hospital_167,0.8072916666666667,0.4519842830018489,0.33333333333333337,0.6,0.765625,0.23076923076923078,0.9423076923076923,0.7482517482517482,0.6828125,0.07727574677956998,0.12990626692771912,286,30,0.1048951048951049,0.2857142857142857,0.460299779019572,1.2060926080230332,0.020669959267353887,validation,0.7268098958333333,0.883984375,0.2966818026504892,0.6181191895428567,0.239982905982906,0.4259920634920632,0.4,0.7666666666666667,0.7109375,0.81640625,0.16666666666666666,0.3030632411067192,0.9174746147679701,0.966824644549763,0.0667005814124065,0.08743956421239425,0.6958041958041958,0.8006993006993007,0.5886490885416666,0.7759114583333333,0.5,0.14117872714996338,0.43333333333333335,0.18444585800170898,0.3333333333333333,0.2715632915496826
federated fedavg,eICU_Hospital_199,0.8193121693121693,0.5913084527483929,0.5625,0.6,0.9365079365079365,0.5294117647058824,0.9516129032258065,0.900709219858156,0.7682539682539682,0.06825541195379459,0.2586151957511902,282,30,0.10638297872340426,0.32432432432432434,0.6888137038059128,1.0917434285128231,0.027979923443578126,validation,0.715734126984127,0.9095271164021165,0.4409638984909523,0.75353336975186,0.42857142857142855,0.689655172413793,0.43333333333333335,0.7666666666666667,0.9047619047619048,0.9642857142857143,0.4,0.6786071428571427,0.932806324110672,0.9713114754098361,0.056867159262200456,0.07973655769911107,0.8687056737588652,0.9326241134751773,0.6848710317460318,0.8535714285714286,0.6666666666666666,0.14862966537475586,0.6,0.228993222117424,0.5,0.29133355617523193
local-only (lower bound),eICU_Hospital_199,0.7335978835978836,0.2565259287579123,0.163265306122449,0.13333333333333333,0.9404761904761905,0.21052631578947367,0.9011406844106464,0.8546099290780141,0.5369047619047619,0.0887554325121664,0.28572332859039307,282,30,0.10638297872340426,0.0,0.38906709436593756,0.8535658340269403,0.022753759743051327,validation,0.6368849206349206,0.8205257936507936,0.1819271505796277,0.4203887297480853,0.04166666666666667,0.31377708978328145,0.03333333333333333,0.26666666666666666,0.9126984126984127,0.9682539682539683,0.05555555555555555,0.4,0.8901504745254745,0.9157088122605364,0.08057281967867587,0.09602803495050516,0.8262411347517731,0.8829787234042553,0.48291666666666666,0.6075396825396825,0.5,0.17330273985862732,0.26666666666666666,0.22780947387218475,0.13333333333333333,0.28097662329673767
federated fedavg,eICU_Hospital_281,0.8610687022900764,0.3384553433048561,0.35000000000000003,0.4666666666666667,0.9312977099236641,0.28,0.9682539682539683,0.9061371841155235,0.6989821882951655,0.04523234865661947,0.12410640716552734,277,15,0.05415162454873646,0.0,0.5328486747365213,1.7334922175194378,0.028325152219464793,validation,0.7582697201017812,0.9473282442748092,0.20237109882136226,0.5981913194373559,0.17647058823529413,0.5238095238095238,0.2,0.7333333333333333,0.9007633587786259,0.9618320610687023,0.14285714285714285,0.4375,0.9536679536679536,0.9838709677419355,0.042027268332853654,0.048383781016025765,0.8736462093862816,0.935108303249097,0.5713740458015267,0.8323155216284988,0.8,0.07940659672021866,0.5333333333333333,0.10671114176511765,0.26666666666666666,0.1567990779876709
local-only (lower bound),eICU_Hospital_281,0.7155216284987277,0.18862171815034445,0.18666666666666668,0.4666666666666667,0.7977099236641222,0.11666666666666667,0.9631336405529954,0.779783393501805,0.6321882951653944,0.04973786955596495,0.07365648448467255,277,15,0.05415162454873646,0.0,0.049876576409749074,2.0616295908320286,0.01576674217190123,validation,0.5701526717557253,0.8501399491094147,0.0941819911592787,0.41848539824855807,0.08695652173913045,0.2857142857142857,0.2,0.7333333333333333,0.7480916030534351,0.8435114503816794,0.05555555555555555,0.18333333333333332,0.9461883408071748,0.9812206572769953,0.04837615494737573,0.05102228080844734,0.7292418772563177,0.8267148014440433,0.5026717557251908,0.7655216284987277,0.4666666666666667,0.07248346507549286,0.4,0.08509169518947601,0.2,0.09718547016382217
federated fedavg,eICU_Hospital_449,0.8732476635514019,0.4154934433173369,0.3636363636363636,0.3333333333333333,0.9439252336448598,0.4,0.926605504587156,0.8823529411764706,0.6386292834890965,0.07516761319801221,0.2867097556591034,238,24,0.10084033613445378,0.29411764705882354,1.3293128128512803,0.8244658825654964,0.044443569789927244,validation,0.812684968847352,0.9244645638629283,0.2978584125228119,0.6246554711443072,0.19500580720092914,0.5333333333333333,0.16666666666666666,0.5416666666666666,0.9112149532710281,0.9719626168224299,0.2222222222222222,0.6,0.9094919786096256,0.9471153846153846,0.06031714719962534,0.09023942920120766,0.8487394957983193,0.9117647058823529,0.5529059579439253,0.7357866043613708,0.7083333333333334,0.10139742493629456,0.625,0.18694235384464264,0.25,0.3815480172634125
local-only (lower bound),eICU_Hospital_449,0.7548676012461059,0.30759484451758395,0.2857142857142857,0.4166666666666667,0.8317757009345794,0.21739130434782608,0.9270833333333334,0.7899159663865546,0.6242211838006231,0.08307580363073316,0.20149073004722595,238,24,0.10084033613445378,0.0,0.5545513604298824,0.8063646494618085,0.025636118952137955,validation,0.6514359423676013,0.8440615264797506,0.1971917936213064,0.5152088131698125,0.1643835616438356,0.4057971014492754,0.20833333333333334,0.625,0.780373831775701,0.8785046728971962,0.1276595744680851,0.3170731707317073,0.9052565789473684,0.9513513513513514,0.07419937192725685,0.09194715051533447,0.7394957983193278,0.8362394957983188,0.5268642912772585,0.7260514018691588,0.4166666666666667,0.1945386677980423,0.2916666666666667,0.26455551385879517,0.25,0.3068893253803253
federated fedavg,eICU_Hospital_176,0.7873617693522906,0.5903027099952132,0.3333333333333333,0.7333333333333333,0.8104265402843602,0.21568627450980393,0.9771428571428571,0.8053097345132744,0.7718799368088467,0.0448600292036889,0.09421248733997345,226,15,0.06637168141592921,0.3333333333333333,0.7131403092304769,0.9250503726788968,0.03340487348959385,validation,0.6122985781990521,0.9415481832543444,0.3690273307201648,0.8201938131188131,0.2318840579710145,0.43749999999999994,0.5333333333333333,0.9333333333333333,0.7582938388625592,0.8579383886255918,0.14997340425531913,0.2926829268292683,0.9588235294117647,0.9943181818181818,0.03417083439765288,0.05501891530690593,0.7566371681415929,0.8539823008849557,0.6574486571879936,0.8790481832543441,0.6666666666666666,0.11968646943569183,0.6,0.1696786880493164,0.4666666666666667,0.25502654910087585
local-only (lower bound),eICU_Hospital_176,0.8031595576619273,0.3548043136228131,0.37209302325581395,0.5333333333333333,0.9052132701421801,0.2857142857142857,0.9646464646464646,0.8805309734513275,0.7192733017377567,0.05272148171165429,0.13973470032215118,226,15,0.06637168141592921,0.0,0.5860652668039803,1.1054155479220302,0.024099246223778587,validation,0.6464375987361769,0.9286018957345972,0.21106002893628986,0.6364189412399451,0.2127659574468085,0.5405405405405405,0.26666666666666666,0.8,0.8625592417061612,0.943127962085308,0.16666666666666666,0.4333695652173911,0.9468534543407907,0.9842125930008266,0.04559513630168404,0.06006894527969719,0.8407079646017699,0.9203539823008849,0.5953593996840443,0.8431872037914688,0.6666666666666666,0.10998274385929108,0.5333333333333333,0.1344328671693802,0.4666666666666667,0.18871645629405975
federated fedavg,eICU_Hospital_188,0.8281335522714833,0.4113653158527441,0.3461538461538462,0.5,0.8768472906403941,0.2647058823529412,0.9518716577540107,0.8461538461538461,0.6884236453201971,0.0632228786854477,0.20429891347885132,221,18,0.08144796380090498,0.24,0.961240897628707,0.8396400780980163,0.04334276368445401,validation,0.732067597153804,0.9086001642036124,0.24810192610953846,0.6319563597639094,0.20408163265306123,0.49058258854683867,0.2777777777777778,0.7222222222222222,0.8323891625615764,0.9211822660098522,0.15785361842105264,0.39285714285714285,0.9318122009569377,0.972972972972973,0.04987462707598474,0.07643154091698062,0.8009049773755657,0.8914027149321267,0.5748494800218938,0.8020593869731798,0.6111111111111112,0.14832252264022827,0.4444444444444444,0.2405848354101181,0.3888888888888889,0.30122607946395874
local-only (lower bound),eICU_Hospital_188,0.7454844006568144,0.22886101406783121,0.2978723404255319,0.3888888888888889,0.8916256157635468,0.2413793103448276,0.9427083333333334,0.8506787330316742,0.6402572523262179,0.06973603346712325,0.1817975491285324,221,18,0.08144796380090498,0.0,0.2789009339219941,0.9498696966071364,0.021352684630999735,validation,0.6116447728516694,0.8599069512862615,0.14843703226797494,0.40469423545102784,0.14285714285714288,0.4444444444444444,0.16666666666666666,0.6111111111111112,0.8472906403940886,0.9310344827586207,0.12,0.37037037037037035,0.9238578680203046,0.9629629629629629,0.06329690661414031,0.07660948244258199,0.8054298642533937,0.8914027149321267,0.5316091954022989,0.7514299397920085,0.6111111111111112,0.11095744371414185,0.3333333333333333,0.1831764131784439,0.2222222222222222,0.2187538743019104
federated fedavg,eICU_Hospital_416,0.8600143575017947,0.3150928506975087,0.19047619047619047,0.14285714285714285,0.9748743718592965,0.2857142857142857,0.941747572815534,0.92018779342723,0.5588657573582196,0.054140015647514715,0.23781676590442657,213,14,0.06572769953051644,0.125,0.7688025955995252,1.1331737576857437,0.022822466519597854,validation,0.7885768126346016,0.9206837760229719,0.17578401334497679,0.5450737353883011,0.0,0.41677631578947305,0.0,0.35714285714285715,0.9546482412060302,0.9949748743718593,0.0,0.6666666666666666,0.9323671497584541,0.9556650246305419,0.0452767157973807,0.06153138298703499,0.8967136150234741,0.9436619718309859,0.4849246231155779,0.6660086145010768,0.7857142857142857,0.09137202799320221,0.2857142857142857,0.13995155692100525,0.21428571428571427,0.19428673386573792
local-only (lower bound),eICU_Hospital_416,0.8539124192390525,0.31174575877511046,0.3333333333333333,0.35714285714285715,0.9447236180904522,0.3125,0.9543147208121827,0.9061032863849765,0.6509332376166547,0.054925166244940274,0.2875189483165741,213,14,0.06572769953051644,0.0,0.7898549381265294,0.9267041624817419,0.020870801957188607,validation,0.7709888729361091,0.927494615936827,0.177907517279693,0.5371988525411325,0.12903225806451615,0.5454545454545454,0.14285714285714285,0.6428571428571429,0.914572864321608,0.9748743718592965,0.125,0.5384615384615384,0.9387755102040817,0.9738219895287958,0.04659754888545997,0.06310455070115502,0.8732394366197183,0.9389671361502347,0.5337401292175161,0.788765254845657,0.6428571428571429,0.09530221670866013,0.35714285714285715,0.28659766912460327,0.2857142857142857,0.3004281520843506
federated fedavg,Neuro Surgical Intensive Care Unit (Neuro SICU),0.8685946220192795,0.7318091593169765,0.7027027027027027,0.7222222222222222,0.8767123287671232,0.6842105263157895,0.8951048951048951,0.835,0.7994672754946728,0.12225794663260721,0.4192504584789276,200,54,0.27,0.6041666666666666,1.1567471735857073,0.7772582670239373,0.06020347331697849,validation,0.8071981227803146,0.9227549467275495,0.6297749902360761,0.8338474029575714,0.6071428571428571,0.7894736842105262,0.5925925925925926,0.8333333333333334,0.821917808219178,0.9315068493150684,0.5892857142857143,0.7924528301886793,0.8541666666666666,0.9366197183098591,0.09653922706765201,0.14922006440955582,0.785,0.885,0.7322266615930999,0.8618721461187215,0.8333333333333334,0.3185369074344635,0.6111111111111112,0.4775386452674866,0.37037037037037035,0.6539616584777832
local-only (lower bound),Neuro Surgical Intensive Care Unit (Neuro SICU),0.8153221714865551,0.6581796061213592,0.606060606060606,0.5555555555555556,0.8972602739726028,0.6666666666666666,0.8451612903225807,0.805,0.7264079147640792,0.14678892224739634,0.48395830392837524,200,54,0.27,0.6122448979591837,0.5336095847160383,0.7798948918353998,0.08419186995830386,validation,0.7498668188736681,0.8802669964485033,0.5494726514773131,0.7662664738439574,0.48934988179669037,0.7115384615384615,0.42592592592592593,0.6851851851851852,0.8424657534246576,0.9452054794520548,0.5454545454545454,0.7948717948717948,0.8064465725806451,0.888131313131313,0.11934780109380631,0.17664952602190434,0.75,0.855,0.6537290715372908,0.7980720446473871,0.6481481481481481,0.3131680190563202,0.5555555555555556,0.48867642879486084,0.2962962962962963,0.67177414894104
federated fedavg,eICU_Hospital_283,0.8555643251775849,0.2776007046054165,0.29629629629629634,0.2857142857142857,0.9502762430939227,0.3076923076923077,0.945054945054945,0.9025641025641026,0.6179952644041042,0.061795021728777946,0.23781676590442657,195,14,0.07179487179487179,0.1111111111111111,0.5274610285622998,0.9810830761118908,0.025526531869903772,validation,0.7817580899763221,0.9218725335438043,0.18213853967266694,0.5251586116205431,0.07692307692307691,0.5333333333333333,0.07142857142857142,0.5714285714285714,0.9171270718232044,0.9779005524861878,0.08333333333333333,0.5714285714285714,0.9289617486338798,0.9661064559131594,0.05082297060315248,0.07388643754760044,0.8666666666666667,0.9384615384615385,0.505327545382794,0.7581590370955008,0.7142857142857143,0.13269256055355072,0.35714285714285715,0.1760302037000656,0.21428571428571427,0.24587978422641754
local-only (lower bound),eICU_Hospital_283,0.7261247040252565,0.19427174665114755,0.16,0.14285714285714285,0.9502762430939227,0.18181818181818182,0.9347826086956522,0.8923076923076924,0.5465666929755327,0.06376750713659425,0.1611565798521042,195,14,0.07179487179487179,0.0,0.335624267784834,1.122822747968388,0.009848545377071088,validation,0.5974644830307814,0.846093133385951,0.10892999827691978,0.4259626212466195,0.0,0.35714285714285715,0.0,0.35714285714285715,0.9171270718232044,0.9779005524861878,0.0,0.42857142857142855,0.9234972677595629,0.95,0.05997860881883723,0.0673980095151573,0.8564102564102564,0.9230769230769231,0.46685082872928174,0.6509471191791634,0.35714285714285715,0.10952436923980713,0.21428571428571427,0.13294683396816254,0.14285714285714285,0.15372221171855927
federated fedavg,eICU_Hospital_394,0.8544401544401545,0.3468957461908929,0.21052631578947364,0.14285714285714285,0.9837837837837838,0.4,0.9381443298969072,0.9246231155778895,0.5633204633204634,0.05616322068258119,0.23781676590442657,199,14,0.07035175879396985,0.13333333333333333,0.2506601279787044,1.5072828434684031,0.042415437323682414,validation,0.7416216216216216,0.9386100386100386,0.20489521828218527,0.5765631657112033,0.0,0.45454545454545453,0.0,0.35714285714285715,0.9621621621621622,1.0,0.0,1.0,0.9282051282051282,0.9528795811518325,0.04794573817726418,0.06314531274575542,0.9045226130653267,0.9447236180904522,0.4891891891891892,0.6704633204633205,0.7857142857142857,0.10486610233783722,0.5714285714285714,0.15197204053401947,0.21428571428571427,0.20525231957435608
local-only (lower bound),eICU_Hospital_394,0.7868725868725869,0.22954910542785753,0.30303030303030304,0.35714285714285715,0.9243243243243243,0.2631578947368421,0.95,0.8844221105527639,0.6407335907335907,0.06065827724932718,0.14899328351020813,199,14,0.07035175879396985,0.0,0.11387858461766553,1.5693551376025001,0.016755440351951065,validation,0.6745173745173745,0.8833976833976833,0.1431067766916227,0.446952386462403,0.11764705882352941,0.4848894348894347,0.14285714285714285,0.6428571428571429,0.8810810810810811,0.9567567567567568,0.10513157894736842,0.43767361111111014,0.9329608938547486,0.9700643356144852,0.05644158400857107,0.06448416910022761,0.8391959798994975,0.9195979899497487,0.5227799227799228,0.7640926640926641,0.5,0.10777750611305237,0.35714285714285715,0.12791363894939423,0.2857142857142857,0.16796639561653137
federated fedavg,eICU_Hospital_417,0.8214654282765739,0.323685644558574,0.3448275862068966,0.29411764705882354,0.9590643274853801,0.4166666666666667,0.9318181818181818,0.898936170212766,0.6265909872721018,0.07247032362425422,0.17761871218681335,188,17,0.09042553191489362,0.0,0.868730973365357,1.2919011009245551,0.031048805616360076,validation,0.7268575851393189,0.9095373237014104,0.21276904174830147,0.5605732605331293,0.13333333333333333,0.5625,0.11764705882352941,0.5294117647058824,0.9298245614035088,0.9883040935672515,0.16666666666666666,0.7,0.9142857142857143,0.953757225433526,0.0652830591954789,0.07912757324561272,0.8670212765957447,0.9308510638297872,0.5266597867217062,0.7471620227038184,0.6470588235294118,0.10657837241888046,0.4117647058823529,0.1394437700510025,0.29411764705882354,0.16983716189861298
local-only (lower bound),eICU_Hospital_417,0.7038183694530444,0.24665234519146953,0.22222222222222224,0.17647058823529413,0.9590643274853801,0.3,0.9213483146067416,0.8882978723404256,0.5677674578603371,0.0782593873772523,0.17233410477638245,188,17,0.09042553191489362,0.0,0.5950398574904048,1.0063536976601992,0.021649036321174746,validation,0.5562349501203991,0.8355865153078774,0.1402184540538428,0.4734926827520311,0.0,0.42857142857142855,0.0,0.35294117647058826,0.9298245614035088,0.9824561403508771,0.0,0.6,0.9065934065934066,0.9382108781620738,0.07327177566212593,0.08311408735618418,0.8563829787234043,0.9202127659574468,0.4824561403508772,0.6648477812177499,0.47058823529411764,0.10367099195718765,0.35294117647058826,0.12752872705459595,0.17647058823529413,0.16572925448417664
federated fedavg,eICU_Hospital_411,0.839481555333998,0.46430378965427743,0.48000000000000004,0.7058823529411765,0.8813559322033898,0.36363636363636365,0.968944099378882,0.865979381443299,0.7936191425722832,0.0651555489416866,0.1476825326681137,194,17,0.08762886597938144,0.10526315789473684,0.4170476451734073,1.4415756880629191,0.039882970169143384,validation,0.7005566633433034,0.944832170156198,0.2825936190377293,0.6966654475282746,0.33962264150943394,0.6222222222222222,0.47058823529411764,0.8823529411764706,0.8305084745762712,0.9265536723163842,0.25580158337456704,0.5,0.9457831325301205,0.9879518072289156,0.0560900132689591,0.07418340572976737,0.8144329896907216,0.9123711340206185,0.6787969425058159,0.8988326686606845,0.7647058823529411,0.13342583179473877,0.5882352941176471,0.1623033583164215,0.35294117647058826,0.24049770832061768
local-only (lower bound),eICU_Hospital_411,0.7597208374875374,0.271535846152804,0.3404255319148936,0.47058823529411764,0.8757062146892656,0.26666666666666666,0.9451219512195121,0.8402061855670103,0.6731472249916917,0.07417997622240753,0.1684446930885315,194,17,0.08762886597938144,0.0,0.32344655139966205,1.1344283032666735,0.02528809175164122,validation,0.6423894981721502,0.8634180790960451,0.15064238086208329,0.47184155612031464,0.1702127659574468,0.4908018867924515,0.23529411764705882,0.7058823529411765,0.8248587570621468,0.9209039548022598,0.13636363636363635,0.4001851851851842,0.92072477827051,0.968944099378882,0.06851220216070243,0.08000906587117212,0.788659793814433,0.8865979381443299,0.5442007311399136,0.7936191425722832,0.47058823529411764,0.14308500289916992,0.4117647058823529,0.1729057878255844,0.17647058823529413,0.21436220407485962
federated fedavg,eICU_Hospital_197,0.7266156462585034,0.27311337161352967,0.2727272727272727,0.21428571428571427,0.9702380952380952,0.375,0.9367816091954023,0.9120879120879121,0.5922619047619048,0.06611915671132072,0.23781676590442657,182,14,0.07692307692307693,0.125,0.8370153216484089,0.7030752571435317,0.018993578393557267,validation,0.5816220238095238,0.8529124149659864,0.1284291113564548,0.5122824923552718,0.0,0.5,0.0,0.42857142857142855,0.9464285714285714,0.9940476190476191,0.0,0.75,0.9222222222222223,0.953757225433526,0.055865584113170046,0.07483061529310173,0.8846153846153846,0.9395604395604396,0.49404761904761907,0.7053571428571428,0.42857142857142855,0.11291800439357758,0.21428571428571427,0.1700369268655777,0.21428571428571427,0.1700369268655777
local-only (lower bound),eICU_Hospital_197,0.6913265306122449,0.183263346716083,0.2758620689655172,0.2857142857142857,0.9345238095238095,0.26666666666666666,0.9401197604790419,0.8846153846153846,0.6101190476190477,0.06857063899684192,0.14039947092533112,182,14,0.07692307692307693,0.0,0.1891725282621648,1.1865718563826624,0.034736914048483086,validation,0.5211840986394557,0.8380102040816326,0.11119597526206333,0.3596657441190803,0.07142857142857142,0.4799999999999999,0.07142857142857142,0.5,0.8928571428571429,0.9702380952380952,0.07142857142857142,0.5,0.9226190476190477,0.9583333333333334,0.06517743384725182,0.07231883021412794,0.8461538461538461,0.9230769230769231,0.49702380952380953,0.7291666666666667,0.5,0.11101314425468445,0.35714285714285715,0.12351540476083755,0.07142857142857142,0.15877416729927063
federated fedavg,eICU_Hospital_110,0.8222591362126246,0.21958956132449653,0.10526315789473682,0.07142857142857142,0.9767441860465116,0.2,0.9281767955801105,0.9086021505376344,0.5240863787375415,0.06575757303411638,0.23781676590442657,186,14,0.07526881720430108,0.0,0.4667305733434448,1.1531944084873054,0.022626135993989244,validation,0.7474979235880398,0.8953488372093023,0.1545361381295327,0.41698998547248917,0.0,0.3157894736842105,0.0,0.21428571428571427,0.9534883720930233,0.9941860465116279,0.0,0.6666666666666666,0.9217877094972067,0.9392265193370166,0.05953204422961814,0.07161168532598132,0.8817204301075269,0.9301075268817204,0.4796511627906977,0.601328903654485,0.5,0.09457898139953613,0.35714285714285715,0.11984336376190186,0.07142857142857142,0.18098856508731842
local-only (lower bound),eICU_Hospital_110,0.8068936877076411,0.27710847055129745,0.375,0.42857142857142855,0.9302325581395349,0.3333333333333333,0.9523809523809523,0.8924731182795699,0.6794019933554817,0.06176225570243617,0.18947811424732208,186,14,0.07526881720430108,0.0,0.6018391965375969,1.07180547897547,0.004702810428395706,validation,0.6868666943521594,0.9065718438538206,0.16716188779993596,0.5380781490053304,0.16666666666666663,0.5714285714285714,0.14285714285714285,0.7142857142857143,0.8895348837209303,0.9651162790697675,0.16666666666666666,0.5384615384615384,0.9320917508417509,0.9753086419753086,0.054190396976662114,0.0693291989147352,0.8548387096774194,0.9301075268817204,0.5481727574750831,0.8164451827242525,0.5714285714285714,0.10865820199251175,0.42857142857142855,0.17367592453956604,0.21428571428571427,0.27270856499671936
federated fedavg,eICU_Hospital_248,0.8289197141656158,0.38879993738915947,0.3076923076923077,0.3076923076923077,0.9508196721311475,0.3076923076923077,0.9508196721311475,0.9081632653061225,0.6292559899117276,0.055071408066025514,0.23781676590442657,196,13,0.0663265306122449,0.42105263157894735,2.4431719066984217,0.5444030378368054,0.04213856414416999,validation,0.7267549390500211,0.9226565783942833,0.18914863354088268,0.6471454822735876,0.08,0.5217391304347826,0.07692307692307693,0.5384615384615384,0.9180327868852459,0.9781420765027322,0.08333333333333333,0.5714285714285714,0.9347826086956522,0.9679144385026738,0.03900475450233333,0.07135420412877061,0.8724489795918368,0.9387755102040817,0.5084068936527953,0.7637662883564522,0.6153846153846154,0.06960057467222214,0.38461538461538464,0.11587648093700409,0.3076923076923077,0.22403612732887268
local-only (lower bound),eICU_Hospital_248,0.8272383354350565,0.24944564732564686,0.14814814814814817,0.15384615384615385,0.9344262295081968,0.14285714285714285,0.9395604395604396,0.8826530612244898,0.5441361916771753,0.0696145663029002,0.33797359466552734,196,13,0.0663265306122449,0.09090909090909091,1.8240917386300852,0.5100061834001416,0.05625355618805807,validation,0.7503152585119798,0.8970155527532576,0.14143386725487447,0.4430516397736297,0.0,0.33333333333333337,0.0,0.38461538461538464,0.8961748633879781,0.9672131147540983,0.0,0.3333333333333333,0.9281767955801105,0.9550561797752809,0.0550141436443685,0.08516630788959899,0.8469387755102041,0.9183673469387755,0.45901639344262296,0.6567885666246323,0.6923076923076923,0.10408809036016464,0.23076923076923078,0.2978709042072296,0.07692307692307693,0.5329586267471313
federated fedavg,eICU_Hospital_300,0.8570588235294119,0.3540590592999785,0.28571428571428575,0.2,0.9882352941176471,0.5,0.9545454545454546,0.9444444444444444,0.5941176470588235,0.04392585500966593,0.23781676590442657,180,10,0.05555555555555555,0.18181818181818182,0.8348493869495246,1.0926514082107808,0.011184637882656211,validation,0.7517499999999999,0.9400147058823529,0.16149535267230833,0.6427735847054409,0.0,0.588235294117647,0.0,0.5,0.9705882352941176,1.0,0.0,1.0,0.943502824858757,0.9710982658959537,0.033841082069488805,0.05206039421399863,0.9222222222222223,0.9666666666666667,0.49117647058823527,0.7441176470588236,0.6,0.11255849152803421,0.5,0.12717050313949585,0.3,0.14606428146362305
local-only (lower bound),eICU_Hospital_300,0.7694117647058822,0.1617040559490035,0.0909090909090909,0.1,0.9352941176470588,0.08333333333333333,0.9464285714285714,0.8888888888888888,0.5176470588235295,0.05098914324068625,0.14828677475452423,180,10,0.05555555555555555,0.0,0.18255359334095012,1.0098515704829272,0.00893236287972993,validation,0.6688088235294117,0.8611764705882352,0.09332212315257336,0.4027005430754995,0.0,0.2727272727272727,0.0,0.3,0.8941176470588236,0.9705882352941176,0.0,0.2727272727272727,0.9393939393939394,0.9583333333333334,0.047386563080155326,0.05438653866453946,0.85,0.9222222222222223,0.45588235294117646,0.6235294117647059,0.4,0.07286998629570007,0.1,0.14402492344379425,0.0,0.22693783044815063
federated fedavg,eICU_Hospital_413,0.6817269076305221,0.1308769353742057,0.09523809523809525,0.08333333333333333,0.9518072289156626,0.1111111111111111,0.9349112426035503,0.8932584269662921,0.517570281124498,0.06572931191436149,0.23781676590442657,178,12,0.06741573033707865,0.0,1.3069703340670302,0.396148610540283,0.05268468903625361,validation,0.5496862449799196,0.7987324297188753,0.08331430784138814,0.32630143371454057,0.0,0.3,0.0,0.25,0.9156626506024096,0.9819277108433735,0.0,0.375,0.927710843373494,0.9470588235294117,0.057781755782569624,0.07192353530246491,0.8595505617977528,0.9213483146067416,0.463855421686747,0.6099397590361446,0.25,0.06459403783082962,0.08333333333333333,0.17090743780136108,0.08333333333333333,0.17090743780136108
local-only (lower bound),eICU_Hospital_413,0.6124497991967872,0.18903889442501648,0.24000000000000002,0.25,0.9397590361445783,0.23076923076923078,0.9454545454545454,0.8932584269662921,0.5948795180722892,0.06381267070467084,0.22296540439128876,178,12,0.06741573033707865,0.0,0.8797554789675592,0.3318702772443669,0.043862095882258055,validation,0.41213604417670685,0.7977033132530119,0.08427818980113205,0.46330911909592515,0.0,0.4666666666666666,0.0,0.5,0.9036144578313253,0.9698795180722891,0.0,0.46153846153846156,0.9302223582211342,0.9636363636363636,0.05417198698764946,0.07319449329383171,0.8539325842696629,0.9269662921348315,0.48185240963855425,0.7289156626506024,0.3333333333333333,0.12724658846855164,0.25,0.15298467874526978,0.16666666666666666,0.2622237801551819
federated fedavg,eICU_Hospital_183,0.7287379972565158,0.23305458677149074,0.32558139534883723,0.3888888888888889,0.8888888888888888,0.28,0.9290322580645162,0.8388888888888889,0.6388888888888888,0.09550496311029172,0.25509849190711975,180,18,0.1,0.2,0.9693447488544726,0.43430443041845573,0.0708537073573906,validation,0.6018432784636488,0.8419067215363512,0.15383291405395558,0.424906439439747,0.16205547652916072,0.4908018867924515,0.16666666666666666,0.6111111111111112,0.8395061728395061,0.9320987654320988,0.14285714285714285,0.43485054347826047,0.90625,0.9545454545454546,0.07652418538717104,0.11628892183756491,0.7943055555555555,0.8833333333333333,0.5308641975308642,0.7562499999999996,0.5555555555555556,0.16540005803108215,0.3333333333333333,0.31050029397010803,0.1111111111111111,0.5273122191429138
local-only (lower bound),eICU_Hospital_183,0.6251714677640604,0.17147275126154887,0.1739130434782609,0.1111111111111111,0.9814814814814815,0.4,0.9085714285714286,0.8944444444444445,0.5462962962962963,0.0931217082830857,0.34756264090538025,180,18,0.1,0.0,0.5396464733256296,0.3619788263795258,0.04293794889882621,validation,0.47594307270233194,0.7548096707818929,0.10952170617511721,0.3390024914494004,0.0,0.3703703703703704,0.0,0.2777777777777778,0.9567901234567902,1.0,0.0,1.0,0.8977272727272727,0.9239766081871345,0.08231940199183432,0.10467063269011476,0.8722222222222222,0.9166666666666666,0.4876543209876543,0.6265432098765432,0.3333333333333333,0.14703957736492157,0.16666666666666666,0.23498591780662537,0.0,0.4431757628917694
federated fedavg,eICU_Hospital_148,0.7998960498960498,0.5762566517001106,0.4375,0.5384615384615384,0.918918918918919,0.3684210526315789,0.9577464788732394,0.8881987577639752,0.7286902286902287,0.05493161557983937,0.23781676590442657,161,13,0.08074534161490683,0.5454545454545454,0.8713099090796899,0.7962112034328418,0.03549047307769684,validation,0.643970893970894,0.933991683991684,0.3432162966811231,0.8170486672232994,0.24000000000000002,0.6288571428571413,0.3076923076923077,0.7692307692307693,0.8716216216216216,0.9594594594594594,0.21052631578947367,0.5714285714285714,0.9357027235354574,0.9795952840595697,0.036882175358747146,0.07280920804123486,0.8385093167701864,0.9316770186335404,0.5964137214137214,0.8643451143451144,0.6153846153846154,0.10478491336107254,0.5384615384615384,0.12150713801383972,0.46153846153846156,0.5066729187965393
local-only (lower bound),eICU_Hospital_148,0.6871101871101871,0.3971754501164351,0.4444444444444445,0.46153846153846156,0.9459459459459459,0.42857142857142855,0.9523809523809523,0.906832298136646,0.7037422037422038,0.06522437649290011,0.1968194842338562,161,13,0.08074534161490683,0.0,0.28175036306338574,1.0528951950915098,0.026724248661757998,validation,0.49684251559251563,0.8628248440748438,0.1833465902011416,0.6646450365748893,0.21428571428571427,0.6666666666666666,0.23076923076923078,0.6923076923076923,0.9121621621621622,0.9797297297297297,0.22714646464646465,0.6923076923076923,0.9315068493150684,0.9733377483443709,0.05529024062275961,0.0747385494384761,0.8695652173913043,0.9440993788819876,0.5748440748440748,0.8394295738045737,0.46153846153846156,0.16893664002418518,0.46153846153846156,0.16893664002418518,0.38461538461538464,0.20736505091190338
federated fedavg,eICU_Hospital_400,0.8157276995305165,0.5210425741936612,0.5263157894736842,0.625,0.8732394366197183,0.45454545454545453,0.9323308270676691,0.8373493975903614,0.7491197183098591,0.09912853997821122,0.2721594274044037,166,24,0.14457831325301204,0.21428571428571427,0.2908892743423188,1.2437165367011165,0.053169118983850606,validation,0.7112455985915492,0.9034624413145541,0.36581007180319125,0.7159227047958504,0.3792615484710475,0.6666666666666667,0.4166666666666667,0.8333333333333334,0.8169014084507042,0.9225352112676056,0.32554996857322444,0.6,0.8992805755395683,0.967741935483871,0.08375825501249291,0.11460285467202842,0.7831325301204819,0.891566265060241,0.6449530516431925,0.846537558685446,0.625,0.26467233896255493,0.5416666666666666,0.28593897819519043,0.375,0.36736100912094116
local-only (lower bound),eICU_Hospital_400,0.7634976525821597,0.419351897522522,0.4814814814814815,0.5416666666666666,0.8802816901408451,0.43333333333333335,0.9191176470588235,0.8313253012048193,0.7109741784037559,0.10756500511381119,0.27344441413879395,166,24,0.14457831325301204,0.15384615384615385,0.08408911085934379,1.3035902771044474,0.05282709964113423,validation,0.6484448356807511,0.8615096830985915,0.2786186133783858,0.6067749013821043,0.3272727272727273,0.627450980392157,0.3333333333333333,0.75,0.823943661971831,0.9295774647887324,0.2972972972972973,0.5909090909090909,0.8873239436619719,0.9520188976377951,0.09538156018809998,0.1198505779772194,0.7771084337349398,0.8855421686746988,0.6099618544600939,0.8119131455399061,0.625,0.23751971125602722,0.4166666666666667,0.2843096852302551,0.16666666666666666,0.32926246523857117
federated fedavg,eICU_Hospital_365,0.6625850340136055,0.08206601932505117,0.0,0.0,0.9931972789115646,0.0,0.9668874172185431,0.9605263157894737,0.4965986394557823,0.03251013884421219,0.23781676590442657,152,5,0.03289473684210526,0.0,0.35959813946106856,0.29261546205520467,0.005753491090696401,validation,0.33605442176870753,0.8925510204081631,0.04278450106459018,0.2276359830645542,0.0,0.0,0.0,0.0,0.9795918367346939,1.0,0.0,0.0,0.9664429530201343,0.9671052631578947,0.0301522785517633,0.03507296031449833,0.9473684210526315,0.9671052631578947,0.4897959183673469,0.5,0.4,0.0463225394487381,0.2,0.09205696731805801,0.0,0.10621552169322968
local-only (lower bound),eICU_Hospital_365,0.673469387755102,0.2477871148459384,0.15384615384615385,0.2,0.9523809523809523,0.125,0.9722222222222222,0.9276315789473685,0.5761904761904761,0.03134648877604045,0.06105883792042732,152,5,0.03289473684210526,0.0,0.05543877378957429,1.7740355656251356,0.00039144339481074486,validation,0.44350340136054417,0.8830272108843535,0.04101129448961881,0.6396156609615048,0.0,0.4444444444444444,0.0,0.6,0.9115646258503401,0.9795918367346939,0.0,0.375,0.9645390070921985,0.986013986013986,0.030270974461568675,0.03218617262004109,0.8881578947368421,0.9605263157894737,0.46258503401360546,0.7795918367346939,0.2,0.043926797807216644,0.0,inf,0.0,inf
federated fedavg,eICU_Hospital_142,0.8346560846560847,0.5609708609854964,0.5660377358490567,0.625,0.8888888888888888,0.5172413793103449,0.9256198347107438,0.8466666666666667,0.7569444444444444,0.10106619411645305,0.30518054962158203,150,24,0.16,0.3870967741935484,0.6407629969874564,1.0805981385884855,0.04002275116896878,validation,0.7387483465608465,0.9189897486772488,0.4006475328618853,0.7583556753667318,0.4090909090909091,0.7058823529411765,0.4166666666666667,0.7916666666666666,0.8333333333333334,0.9444444444444444,0.3783783783783784,0.68,0.889763779527559,0.9583419421487603,0.08274140550912472,0.12006912656127013,0.7866666666666666,0.9,0.6527777777777778,0.8521825396825397,0.6666666666666666,0.2166937291622162,0.5833333333333334,0.33938419818878174,0.375,0.39367949962615967
local-only (lower bound),eICU_Hospital_142,0.7142857142857143,0.36563731539513633,0.28571428571428575,0.25,0.9047619047619048,0.3333333333333333,0.8636363636363636,0.8,0.5773809523809523,0.12286838335133643,0.2942986786365509,150,24,0.16,0.08,0.25343384640195654,0.9732901903020503,0.021703223151465244,validation,0.5975446428571429,0.8177910052910053,0.2417677107752621,0.5393374258097602,0.10526315789473685,0.45458532695374776,0.08333333333333333,0.4583333333333333,0.8492063492063492,0.9523809523809523,0.1362878787878788,0.5384615384615384,0.837037037037037,0.8943089430894309,0.10938895176524459,0.1358382240934136,0.7466666666666667,0.8466666666666667,0.4900793650793651,0.6726190476190477,0.4166666666666667,0.22166460752487183,0.25,0.2896937429904938,0.125,0.37185439467430115
federated fedavg,Neuro Stepdown,0.8513513513513513,0.12570553136590873,0.0,0.0,0.9797297297297297,0.0,0.9797297297297297,0.9602649006622517,0.48986486486486486,0.02053173690793445,0.23781676590442657,151,3,0.019867549668874173,0.0,1.522277160431993,0.6831639589845404,0.012681925772765994,validation,0.6823761261261261,0.9729729729729729,0.05530841734187552,0.42857142857142855,0.0,0.0,0.0,0.0,0.9527027027027027,1.0,0.0,0.0,0.9791666666666666,0.9801324503311258,0.01697533566710926,0.024575426413860745,0.9337748344370861,0.9801324503311258,0.47635135135135137,0.5,0.3333333333333333,0.0786297395825386,0.3333333333333333,0.0786297395825386,0.0,0.16706758737564087
local-only (lower bound),Neuro Stepdown,0.7319819819819819,0.07766290726817042,0.0,0.0,1.0,,0.9801324503311258,0.9801324503311258,0.5,0.01962271909156357,0.2805670201778412,151,3,0.019867549668874173,0.0,1.3284295409514302,0.5797817080119265,0.01311234635183748,validation,0.4932432432432432,0.9391891891891893,0.03193955835348554,0.34668544600938955,0.0,0.0,0.0,0.0,1.0,1.0,,,0.9801324503311258,0.9801324503311258,0.018857206402075378,0.020362080709123563,0.9801324503311258,0.9801324503311258,0.5,0.5,0.3333333333333333,0.008004448376595974,0.0,0.042190227657556534,0.0,0.042190227657556534
federated fedavg,eICU_Hospital_165,0.7755102040816326,0.38962073725071994,0.3225806451612903,0.35714285714285715,0.9097744360902256,0.29411764705882354,0.9307692307692308,0.8571428571428571,0.6334586466165414,0.07458433896095883,0.23781676590442657,147,14,0.09523809523809523,0.3333333333333333,0.6315681113869589,0.9616719221797716,0.0390966545828447,validation,0.6605531686358754,0.8850698174006444,0.1896633895265176,0.6319392328958,0.12903225806451615,0.5333333333333333,0.14285714285714285,0.6428571428571429,0.8571428571428571,0.9548872180451128,0.11994117647058823,0.5,0.907798690671031,0.96,0.05971647562081034,0.08891450221504173,0.8027210884353742,0.9047619047619048,0.5168703007518797,0.7725563909774436,0.42857142857142855,0.2231588065624237,0.42857142857142855,0.2231588065624237,0.2857142857142857,0.2936033308506012
local-only (lower bound),eICU_Hospital_165,0.7169709989258861,0.2757866223412442,0.2857142857142857,0.2857142857142857,0.924812030075188,0.2857142857142857,0.924812030075188,0.8639455782312925,0.6052631578947368,0.081938799366845,0.2936619222164154,147,14,0.09523809523809523,0.125,0.6235378430984659,0.5977119215568221,0.0385088707402754,validation,0.5682062298603652,0.8560821697099891,0.1525199177721037,0.5293297149205545,0.07692307692307691,0.48484848484848486,0.07142857142857142,0.5,0.8796992481203008,0.9624060150375939,0.08333333333333333,0.5333333333333333,0.9037037037037037,0.947378240377062,0.06691811050029435,0.09577379140019983,0.8163265306122449,0.9115646258503401,0.49436090225563906,0.7236842105263157,0.42857142857142855,0.2107095569372177,0.2857142857142857,0.2817104160785675,0.21428571428571427,0.3272499740123749
federated fedavg,eICU_Hospital_141,0.8617571059431525,0.4427787603048826,0.4761904761904762,0.4166666666666667,0.9689922480620154,0.5555555555555556,0.946969696969697,0.9219858156028369,0.6928294573643411,0.06361057351724936,0.23781676590442657,141,12,0.0851063829787234,0.0,1.0097243029614082,1.1708790608672583,0.0364351395231916,validation,0.749983850129199,0.9483204134366925,0.25490979355127863,0.7409837455418896,0.2,0.7000000000000001,0.16666666666666666,0.6666666666666666,0.937984496124031,0.9922480620155039,0.25,0.875,0.924812030075188,0.9694656488549618,0.051446384290355945,0.07662336059239694,0.8865248226950354,0.9574468085106383,0.560077519379845,0.8255813953488371,0.6666666666666666,0.12360259890556335,0.5,0.1843484491109848,0.3333333333333333,0.2619365453720093
local-only (lower bound),eICU_Hospital_141,0.7848837209302326,0.2759549550770708,0.4166666666666667,0.4166666666666667,0.9457364341085271,0.4166666666666667,0.9457364341085271,0.900709219858156,0.6812015503875969,0.07137201141713294,0.18649952113628387,141,12,0.0851063829787234,0.0,0.2732850044356345,1.332732188304676,0.02644424333322978,validation,0.6498546511627907,0.9069928940568474,0.1709432027713705,0.5371105068373049,0.17391304347826086,0.64,0.16666666666666666,0.6666666666666666,0.9069767441860465,0.9844961240310077,0.18181818181818182,0.7,0.9230769230769231,0.9689922480620154,0.06459253148158751,0.07796183140734762,0.8581560283687943,0.9432624113475178,0.5484496124031008,0.817829457364341,0.5833333333333334,0.11221257597208023,0.5,0.1486429125070572,0.16666666666666666,0.2229388803243637
federated fedavg,eICU_Hospital_277,0.9407407407407407,0.5253369023483966,0.6,0.6666666666666666,0.9629629629629629,0.5454545454545454,0.9774436090225563,0.9444444444444444,0.8148148148148148,0.046208629506450744,0.23781676590442657,144,9,0.0625,0.3076923076923077,0.9327238667517603,1.0460383536395883,0.058561215270351054,validation,0.8847736625514404,0.9835390946502057,0.3131667368125701,0.8172869804487449,0.34782608695652173,0.823529411764706,0.3333333333333333,1.0,0.9259259259259259,0.9925925925925926,0.3333333333333333,0.8571428571428571,0.9558823529411765,1.0,0.03048173494384357,0.06296283598886873,0.9097222222222222,0.9791666666666666,0.6481481481481481,0.9740740740740741,0.8888888888888888,0.10762457549571991,0.6666666666666666,0.22765140235424042,0.6666666666666666,0.22765140235424042
local-only (lower bound),eICU_Hospital_277,0.9522633744855967,0.5974553224553224,0.631578947368421,0.6666666666666666,0.9703703703703703,0.6,0.9776119402985075,0.9513888888888888,0.8185185185185184,0.0392903316454565,0.25472867488861084,144,9,0.0625,0.2,1.0716848447460676,1.8929972087282603,0.0425840299192512,validation,0.8987654320987654,0.9901234567901235,0.3767812771494942,0.8904615060865058,0.3747159090909091,0.8421052631578948,0.3333333333333333,0.8888888888888888,0.9407407407407408,0.9925925925925926,0.36363636363636365,0.8888888888888888,0.9562043795620438,0.9925925925925926,0.030475386940785668,0.04874598528519582,0.9166666666666666,0.9791666666666666,0.6518518518518518,0.9407407407407407,0.8888888888888888,0.08089933544397354,0.7777777777777778,0.13223609328269958,0.6666666666666666,0.22264032065868378
federated fedavg,eICU_Hospital_217,0.7852564102564102,0.2954399584821693,0.3684210526315789,0.4375,0.8717948717948718,0.3181818181818182,0.918918918918919,0.8195488721804511,0.6546474358974359,0.10838907244271637,0.26348385214805603,133,16,0.12030075187969924,0.24,1.3005365468015653,0.47916779174911966,0.06717854011334484,validation,0.6805422008547009,0.8793002136752135,0.20924304891547393,0.5245770863807937,0.1818181818181818,0.5555555555555556,0.1875,0.6875,0.8034188034188035,0.9316239316239316,0.16,0.5,0.8878281186509549,0.9528301886792453,0.08130001918071017,0.1358891714099446,0.7518796992481203,0.8796992481203008,0.5309495192307693,0.7783119658119658,0.5,0.19654248654842377,0.375,0.29422610998153687,0.125,0.5830875039100647
local-only (lower bound),eICU_Hospital_217,0.7147435897435896,0.26803120820220827,0.16,0.125,0.9401709401709402,0.2222222222222222,0.8870967741935484,0.8421052631578947,0.5325854700854701,0.10656726903066942,0.42874816060066223,133,16,0.12030075187969924,0.11764705882352941,0.8271445994994455,0.5023062569782677,0.08355234879860303,validation,0.6004273504273505,0.8205395299145298,0.1642618703949219,0.4465356560501008,0.0,0.3573051948051939,0.0,0.3125,0.8974358974358975,0.9743589743589743,0.0,0.5,0.8709677419354839,0.9090909090909091,0.08988674226330846,0.12308217084854159,0.7969924812030075,0.8796992481203008,0.46153846153846156,0.6263354700854701,0.3125,0.293377548456192,0.1875,0.35144171118736267,0.0625,0.44154462218284607
federated fedavg,eICU_Hospital_435,0.6723730814639906,0.2833668389511952,0.125,0.14285714285714285,0.8677685950413223,0.1111111111111111,0.8974358974358975,0.7925925925925926,0.5053128689492326,0.09378139711525535,0.23781676590442657,135,14,0.1037037037037037,0.13333333333333333,0.5606239035838336,0.4866982919534163,0.06027042182438351,validation,0.5360094451003542,0.7927981109799292,0.12640269144176244,0.48594009471888394,0.0,0.2941176470588235,0.0,0.35714285714285715,0.8099173553719008,0.9256198347107438,0.0,0.26666666666666666,0.8793103448275862,0.9210526315789473,0.0803521436014074,0.1066692296663412,0.7407407407407407,0.8518518518518519,0.4214876033057851,0.6124557260920898,0.35714285714285715,0.18106436729431152,0.14285714285714285,0.257760226726532,0.0,inf
local-only (lower bound),eICU_Hospital_435,0.628689492325856,0.14932168364887818,0.07142857142857142,0.07142857142857142,0.8925619834710744,0.07142857142857142,0.8925619834710744,0.8074074074074075,0.4819952774498229,0.09827212293748717,0.24995693564414978,135,14,0.1037037037037037,0.0,0.2858744760224594,0.3817751160999908,0.0687360940984002,validation,0.4875885478158205,0.7544273907910272,0.11131037114219518,0.2991686946569158,0.0,0.22222222222222224,0.0,0.21428571428571427,0.8347107438016529,0.9421487603305785,0.0,0.23076923076923078,0.8803418803418803,0.9098360655737705,0.08821184946739527,0.10788368166811467,0.7555555555555555,0.8518518518518519,0.4256198347107438,0.5658205430932703,0.14285714285714285,0.19918642938137054,0.07142857142857142,0.2013218104839325,0.0,0.40559232234954834
federated fedavg,eICU_Hospital_382,0.8278688524590163,0.5058582721626199,0.4,0.2857142857142857,0.9918032786885246,0.6666666666666666,0.9603174603174603,0.9534883720930233,0.6387587822014051,0.03958751075262303,0.23781676590442657,129,7,0.05426356589147287,0.25,1.864030980779984,0.8080054723322171,0.021998432578267203,validation,0.6439402810304449,0.9742388758782201,0.20461991062943868,0.83939052795031,0.0,0.7272727272727273,0.0,0.7142857142857143,0.9754098360655737,1.0,0.0,1.0,0.9453125,0.9834744614550874,0.02571832245460398,0.05077733194631835,0.9302325581395349,0.9767441860465116,0.4959016393442623,0.8449502341920369,0.5714285714285714,0.06861449033021927,0.42857142857142855,0.13555513322353363,0.42857142857142855,0.13555513322353363
local-only (lower bound),eICU_Hospital_382,0.7939110070257611,0.21623288991710043,0.22222222222222224,0.14285714285714285,0.9918032786885246,0.5,0.952755905511811,0.9457364341085271,0.5673302107728337,0.04957206356734248,0.2911127805709839,129,7,0.05426356589147287,0.0,1.0825468182849014,0.6709935083976312,0.03824510831790146,validation,0.6580796252927401,0.911007025761124,0.10162154028536802,0.5495927971158385,0.0,0.5454545454545454,0.0,0.42857142857142855,0.9754098360655737,1.0,0.0,1.0,0.9448818897637795,0.968,0.041266355848041475,0.05778254977506966,0.9224806201550387,0.9612403100775194,0.4918032786885246,0.7101873536299765,0.42857142857142855,0.037839606404304504,0.14285714285714285,0.19269751012325287,0.14285714285714285,0.19269751012325287
federated fedavg,eICU_Hospital_390,0.8382009345794393,0.6057879165270978,0.5365853658536586,0.6875,0.8691588785046729,0.44,0.9489795918367347,0.8455284552845529,0.7783294392523364,0.08416405938827212,0.2415625900030136,123,16,0.13008130081300814,0.4444444444444444,1.460374431481672,0.6610430161900167,0.06266270534464771,validation,0.7079439252336449,0.9392523364485981,0.3979308845831702,0.8005481178135195,0.3782939189189189,0.7000000000000001,0.4375,0.875,0.8037383177570093,0.9252336448598131,0.3076923076923077,0.6111111111111112,0.912621359223301,0.9797979797979798,0.058079243980608514,0.11255524073268153,0.7804878048780488,0.9105691056910569,0.6564617406542056,0.8907710280373832,0.75,0.13686026632785797,0.4375,0.3426033854484558,0.375,0.4160009026527405
local-only (lower bound),eICU_Hospital_390,0.7792056074766356,0.4940721119784987,0.4827586206896552,0.4375,0.9439252336448598,0.5384615384615384,0.9181818181818182,0.8780487804878049,0.6907126168224299,0.09014755815263914,0.40560203790664673,123,16,0.13008130081300814,0.34782608695652173,1.01222973495305,0.6701614765083866,0.06265561163380015,validation,0.6214953271028038,0.9036360981308411,0.29550666097521566,0.7372001834825518,0.23076923076923075,0.6896551724137931,0.1875,0.6875,0.897196261682243,0.9813084112149533,0.3,0.8181818181818182,0.8849557522123894,0.9532710280373832,0.06791027977044917,0.11464123627346391,0.8292682926829268,0.926829268292683,0.5610397196261683,0.8203855140186915,0.625,0.1787673532962799,0.5625,0.32997825741767883,0.375,0.4198414385318756
federated fedavg,eICU_Hospital_195,0.8306010928961748,0.41738432961837213,0.3333333333333333,0.5,0.9262295081967213,0.25,0.9741379310344828,0.90625,0.7131147540983607,0.04256387378798659,0.23781676590442657,128,6,0.046875,0.4,0.556929290849943,0.7475240138555332,0.05707132008546978,validation,0.6010928961748634,0.9754098360655739,0.14371301779454754,0.7817460317460316,0.10526315789473684,0.5882352941176471,0.16666666666666666,0.8333333333333334,0.8770491803278688,0.9672131147540983,0.07692307692307693,0.5,0.9565217391304348,0.9914529914529915,0.025414456440046092,0.06031879932199512,0.859375,0.953125,0.5341530054644809,0.8920765027322404,0.6666666666666666,0.13541056215763092,0.5,0.221115842461586,0.3333333333333333,0.29758116602897644
local-only (lower bound),eICU_Hospital_195,0.587431693989071,0.14511260871203535,0.11764705882352942,0.16666666666666666,0.9180327868852459,0.09090909090909091,0.9572649572649573,0.8828125,0.5423497267759563,0.04480359606998706,0.11985024064779282,128,6,0.046875,0.0,0.09783425842123394,0.5084716399117482,0.017000578649458475,validation,0.29371584699453557,0.8401639344262296,0.04403411609380046,0.45374271515459763,0.0,0.3529411764705882,0.0,0.5,0.8688524590163934,0.9590163934426229,0.0,0.2857142857142857,0.9469026548672567,0.9743589743589743,0.041108689063107794,0.04809511708267066,0.828125,0.9296875,0.4385245901639344,0.7172131147540983,0.3333333333333333,0.07692553102970123,0.16666666666666666,0.0779297798871994,0.0,0.2097887098789215
federated fedavg,eICU_Hospital_227,0.8155270655270656,0.2559611865984415,0.23076923076923075,0.25,0.905982905982906,0.21428571428571427,0.9217391304347826,0.8449612403100775,0.5779914529914529,0.08233043177559168,0.23781676590442657,129,12,0.09302325581395349,0.125,1.3146250778653692,0.6880149180330769,0.05141200617162417,validation,0.7250712250712251,0.8946047008547007,0.17738336995266657,0.478778580895816,0.06446572580645163,0.4375,0.08333333333333333,0.5,0.8547008547008547,0.9572649572649573,0.05256578947368421,0.42857142857142855,0.9016393442622951,0.9473684210526315,0.0690050305480593,0.09549758859886052,0.7906976744186046,0.8914728682170543,0.4700854700854701,0.7115384615384616,0.5833333333333334,0.13157129287719727,0.25,0.23583713173866272,0.08333333333333333,0.32744309306144714
local-only (lower bound),eICU_Hospital_227,0.6075498575498576,0.20041811353958652,0.08695652173913043,0.08333333333333333,0.9145299145299145,0.09090909090909091,0.9067796610169492,0.8372093023255814,0.49893162393162394,0.08955191154074722,0.280816912651062,129,12,0.09302325581395349,0.0,0.43567664899210756,0.3288242528438811,0.06678933716314131,validation,0.44512108262108263,0.7556980056980057,0.09575875420967732,0.39054198406201235,0.0,0.2608695652173913,0.0,0.25,0.8632478632478633,0.9658119658119658,0.0,0.2857142857142857,0.8947368421052632,0.923728813559322,0.07737268404005326,0.10102936801472541,0.7906976744186046,0.8837209302325582,0.4358974358974359,0.5908119658119658,0.25,0.1478472501039505,0.08333333333333333,0.25848087668418884,0.0,inf
federated fedavg,eICU_Hospital_79,0.8299935358758889,0.49579072819455716,0.3703703703703704,0.38461538461538464,0.9243697478991597,0.35714285714285715,0.9322033898305084,0.8712121212121212,0.6544925662572721,0.06796831455584164,0.23781676590442657,132,13,0.09848484848484848,0.35294117647058826,0.8439367815886287,1.04987730919269,0.029152833021450504,validation,0.7103910795087266,0.929541047188106,0.28150977234853986,0.7339502300386416,0.14814814814814817,0.5925925925925927,0.15384615384615385,0.6923076923076923,0.8739495798319328,0.9663865546218487,0.14285714285714285,0.6153846153846154,0.9067796610169492,0.963963963963964,0.04988179840231402,0.08393012977496991,0.8181818181818182,0.9242424242424242,0.52650290885585,0.7957336780866193,0.6153846153846154,0.12238515913486481,0.38461538461538464,0.20987963676452637,0.3076923076923077,0.299059122800827
local-only (lower bound),eICU_Hospital_79,0.6942469295410472,0.1858513460621778,0.1,0.07692307692307693,0.9495798319327731,0.14285714285714285,0.904,0.8636363636363636,0.513251454427925,0.08695882321434363,0.21389293670654297,132,13,0.09848484848484848,0.0,0.2955414157558427,0.92144591978923,0.028639394578269937,validation,0.5675339366515837,0.8106173238526179,0.12652054399790363,0.3779438489217039,0.0,0.3,0.0,0.23076923076923078,0.907563025210084,0.9831932773109243,0.0,0.5,0.8934426229508197,0.92,0.08117107299453646,0.09234707463386436,0.8257575757575758,0.9015151515151515,0.4579831932773109,0.5985778926955397,0.3076923076923077,0.12194984406232834,0.15384615384615385,0.16827623546123505,0.07692307692307693,0.20278051495552063
federated fedavg,eICU_Hospital_444,0.8966861598440545,0.5136037797328119,0.3333333333333333,0.3333333333333333,0.9473684210526315,0.3333333333333333,0.9473684210526315,0.9024390243902439,0.6403508771929824,0.04899547180879159,0.23781676590442657,123,9,0.07317073170731707,0.3333333333333333,1.8409725953238034,0.9987009361138124,0.03373740006969175,validation,0.7913986354775828,0.9727095516569201,0.2851010769066325,0.7894683939498179,0.0,0.5885294117647043,0.0,0.6666666666666666,0.9035087719298246,0.9824561403508771,0.0,0.6666666666666666,0.9256198347107438,0.9727272727272728,0.033034537166821094,0.06368031958148183,0.8536585365853658,0.943089430894309,0.49122807017543857,0.8026315789473684,0.6666666666666666,0.12168661504983902,0.5555555555555556,0.161477729678154,0.3333333333333333,0.2286117970943451
local-only (lower bound),eICU_Hospital_444,0.5672514619883041,0.33155331217301026,0.3333333333333333,0.3333333333333333,0.9473684210526315,0.3333333333333333,0.9473684210526315,0.9024390243902439,0.6403508771929824,0.06072087071003989,0.1854889988899231,123,9,0.07317073170731707,0.2,0.39415661220411735,0.7339163711931829,0.027734881918120194,validation,0.3615497076023391,0.7846247563352825,0.0822073634186002,0.6267855728611719,0.09090909090909093,0.5882352941176471,0.1111111111111111,0.6666666666666666,0.9035087719298246,0.9824561403508771,0.08301282051282052,0.625,0.9272727272727272,0.972972972972973,0.04665929606556887,0.07307651839615259,0.8536585365853658,0.943089430894309,0.5029239766081871,0.8070175438596491,0.2222222222222222,0.28953343629837036,0.2222222222222222,0.28953343629837036,0.2222222222222222,0.28953343629837036
federated fedavg,eICU_Hospital_244,0.8945260347129507,0.36821946169772257,0.4615384615384615,0.42857142857142855,0.9719626168224299,0.5,0.9629629629629629,0.9385964912280702,0.7002670226969292,0.050076394763827047,0.23781676590442657,114,7,0.06140350877192982,0.0,1.015845725339179,1.0884871135738143,0.0182444331833227,validation,0.7997329773030708,0.9679572763684913,0.20084159607239122,0.7666964285714285,0.12465277777777779,0.7692307692307692,0.14285714285714285,0.7178571428571234,0.9345794392523364,1.0,0.125,1.0,0.9428294036061026,0.9818600917431182,0.03829475069531096,0.06357718909123704,0.9035087719298246,0.9736842105263158,0.5338117489986649,0.8579939919893145,0.7142857142857143,0.0970233678817749,0.5714285714285714,0.10356146842241287,0.42857142857142855,0.20292577147483826
local-only (lower bound),eICU_Hospital_244,0.6889185580774366,0.17532860860567973,0.0,0.0,0.9719626168224299,0.0,0.9369369369369369,0.9122807017543859,0.48598130841121495,0.054990727101342396,0.30491504073143005,114,7,0.06140350877192982,0.0,0.9409304938567464,0.5871168439026132,0.023916571272390063,validation,0.4645193591455274,0.8958611481975968,0.08374385151631356,0.4681445125071972,0.0,0.0,0.0,0.0,0.9345794392523364,1.0,0.0,0.0,0.9345794392523364,0.9385964912280702,0.04562570540870875,0.06394061545232445,0.8771929824561403,0.9385964912280702,0.4672897196261682,0.5,0.42857142857142855,0.15123030543327332,0.42857142857142855,0.15123030543327332,0.14285714285714285,0.21629738807678223
federated fedavg,eICU_Hospital_272,0.8497023809523808,0.34892411571089943,0.3333333333333333,0.3333333333333333,0.9642857142857143,0.3333333333333333,0.9642857142857143,0.9322033898305084,0.6488095238095238,0.03925409180720367,0.23781676590442657,118,6,0.05084745762711865,0.2857142857142857,1.6701610201291341,0.8803221882164168,0.024737929076363185,validation,0.6919642857142858,0.9598586309523808,0.12542360339520228,0.6926096491228069,0.0,0.6666666666666666,0.0,0.6666666666666666,0.9285714285714286,0.9910714285714286,0.0,0.75,0.9469026548672567,0.9821468078381794,0.02559781107031817,0.04997997338215809,0.8898305084745762,0.9661016949152542,0.47767857142857145,0.8245163690476184,0.3333333333333333,0.13455499708652496,0.3333333333333333,0.13455499708652496,0.16666666666666666,0.25992557406425476
local-only (lower bound),eICU_Hospital_272,0.6324404761904763,0.3022733247888527,0.21052631578947367,0.3333333333333333,0.9017857142857143,0.15384615384615385,0.9619047619047619,0.8728813559322034,0.6175595238095238,0.04598490876779448,0.14066654443740845,118,6,0.05084745762711865,0.0,0.26589180994984263,0.6616987403301589,0.02319288943199662,validation,0.3675223214285714,0.8809895833333332,0.054300158230721735,0.688482625876726,0.0,0.4446969696969683,0.0,0.6666666666666666,0.8392857142857143,0.9553571428571429,0.0,0.3333333333333333,0.9433962264150944,0.9813084112149533,0.03734129211194177,0.053866330698232295,0.8135593220338984,0.923728813559322,0.44642857142857145,0.8020833333333333,0.3333333333333333,0.08737660199403763,0.16666666666666666,0.27310776710510254,0.16666666666666666,0.27310776710510254
federated fedavg,eICU_Hospital_280,0.8551401869158878,0.2929692891649413,0.2,0.16666666666666666,0.9719626168224299,0.25,0.9541284403669725,0.9292035398230089,0.5693146417445483,0.046742430620090106,0.23781676590442657,113,6,0.05309734513274336,0.0,1.61688826582329,0.8365963204386152,0.02732965476527363,validation,0.7117990654205608,0.9704439252336446,0.14343248663101604,0.6793568985319071,0.0,0.5454545454545454,0.0,0.5,0.9436915887850468,1.0,0.0,1.0,0.9439252336448598,0.9722222222222222,0.036680619474140815,0.058998467070970374,0.8938053097345132,0.9646017699115044,0.4719626168224299,0.7406542056074766,0.5,0.1552370935678482,0.5,0.1552370935678482,0.3333333333333333,0.18399029970169067
local-only (lower bound),eICU_Hospital_280,0.8800623052959501,0.22250033916700582,0.0,0.0,0.9626168224299065,0.0,0.944954128440367,0.911504424778761,0.48130841121495327,0.04633920755359674,0.16545966267585754,113,6,0.05309734513274336,0.0,0.4539958167856226,1.6622152654670554,0.030147145081937842,validation,0.7990654205607477,0.9486370716510901,0.15171792328042327,0.4807692307692307,0.0,0.0,0.0,0.0,0.9252336448598131,0.9906542056074766,0.0,0.0,0.9428571428571428,0.9464285714285714,0.043326436870985724,0.04954176366378785,0.8761061946902655,0.9380530973451328,0.46261682242990654,0.4953271028037383,0.6666666666666666,0.06537479162216187,0.5,0.10856951773166656,0.0,0.15710695087909698
federated fedavg,eICU_Hospital_440,0.9186147186147187,0.7445259958896324,0.7000000000000001,0.6363636363636364,0.9809523809523809,0.7777777777777778,0.9626168224299065,0.9482758620689655,0.8086580086580086,0.04988527981397498,0.23781676590442657,116,11,0.09482758620689655,0.5,0.7495819772020602,1.8506233867504607,0.05086959329140693,validation,0.8146969696969696,0.9887445887445888,0.5265467236301635,0.9414045909596519,0.45454545454545453,0.9,0.36363636363636365,0.9090909090909091,0.9523809523809523,1.0,0.5454545454545454,1.0,0.9363636363636364,0.9903846153846154,0.034172371757149336,0.06581225663049564,0.9137931034482759,0.9827586206896551,0.6722943722943723,0.945021645021645,0.8181818181818182,0.11237942427396774,0.7272727272727273,0.12116511911153793,0.6363636363636364,0.19588179886341095
local-only (lower bound),eICU_Hospital_440,0.7662337662337662,0.34459849202268045,0.3,0.2727272727272727,0.9428571428571428,0.3333333333333333,0.9252336448598131,0.8793103448275862,0.6077922077922078,0.07697215631151817,0.24212904274463654,116,11,0.09482758620689655,0.0,0.22200756315192072,1.216560220470627,0.03215005390089133,validation,0.6155844155844156,0.9021645021645021,0.17804420525919848,0.6038921710586632,0.0,0.5454545454545454,0.0,0.5454545454545454,0.8952380952380953,0.9809523809523809,0.0,0.6666666666666666,0.9017857142857143,0.9523809523809523,0.0673472057891408,0.08704487043971121,0.8275862068965517,0.9224137931034483,0.48095238095238096,0.7489177489177489,0.5454545454545454,0.18313512206077576,0.45454545454545453,0.21863247454166412,0.09090909090909091,0.2667232155799866
federated fedavg,eICU_Hospital_307,0.8840425531914893,0.4820646813206783,0.30769230769230765,0.2,0.9893617021276596,0.6666666666666666,0.9207920792079208,0.9134615384615384,0.5946808510638298,0.07388975255702995,0.23781676590442657,104,10,0.09615384615384616,0.0,0.3774874339866079,2.6427473955327807,0.044839001865162015,validation,0.7882712765957446,0.9606382978723405,0.29863201445849474,0.8079176986584105,0.0,0.625,0.0,0.5,0.9680851063829787,1.0,0.0,1.0,0.9029126213592233,0.9489795918367347,0.06739608796590674,0.08025729549606331,0.8846153846153846,0.9423076923076923,0.4946808510638298,0.7446808510638299,0.7,0.11231306195259094,0.6,0.15482985973358154,0.4,0.17370645701885223
local-only (lower bound),eICU_Hospital_307,0.8031914893617021,0.36246959690363756,0.28571428571428564,0.3,0.9148936170212766,0.2727272727272727,0.9247311827956989,0.8557692307692307,0.6074468085106383,0.07532740335012765,0.23650747537612915,104,10,0.09615384615384616,0.18181818181818182,0.44906696503803323,1.1317318318811578,0.009928720743538667,validation,0.6648670212765957,0.9212765957446808,0.19424250989533362,0.6317215909090907,0.08,0.5263157894736842,0.1,0.6,0.851063829787234,0.9680851063829787,0.06666666666666667,0.5555555555555556,0.898989898989899,0.9555555555555556,0.061558603686609446,0.08757646591477794,0.7980769230769231,0.9134615384615384,0.475531914893617,0.7574468085106383,0.6,0.14510560035705566,0.3,0.22129718959331512,0.2,0.2588573396205902
federated fedavg,eICU_Hospital_388,0.8571428571428572,0.5428215502069887,0.4444444444444445,0.5,0.9010989010989011,0.4,0.9318181818181818,0.8543689320388349,0.7005494505494505,0.08001376225960795,0.23781676590442657,103,12,0.11650485436893204,0.4444444444444444,2.1275039583225834,0.6265952976644938,0.07680640465682213,validation,0.7564102564102565,0.941414835164835,0.32618206763685487,0.7840911661867543,0.22222222222222224,0.6666666666666665,0.25,0.75,0.8351648351648352,0.9560439560439561,0.2,0.625,0.8977272727272727,0.9663014981273408,0.051456409111435605,0.10912865121908602,0.7864077669902912,0.912621359223301,0.5590659340659341,0.842032967032967,0.6666666666666666,0.0852852314710617,0.5,0.2437676042318344,0.3333333333333333,0.4636547267436981
local-only (lower bound),eICU_Hospital_388,0.7087912087912088,0.27577766921172764,0.32,0.3333333333333333,0.9010989010989011,0.3076923076923077,0.9111111111111111,0.8349514563106796,0.6172161172161172,0.10192525176942552,0.35231414437294006,103,12,0.11650485436893204,0.125,1.3816487938772304,0.38454788404676776,0.07638571313717989,validation,0.5494505494505495,0.8507326007326007,0.1655466313588422,0.5406046436207953,0.0909090909090909,0.5384615384615384,0.08333333333333333,0.5833333333333334,0.8351648351648352,0.9560439560439561,0.1,0.5457070707070693,0.8817204301075269,0.9438202247191011,0.08111669569216988,0.12343196975038895,0.7669902912621359,0.8932038834951457,0.49221611721611724,0.7532051282051282,0.5,0.19046181440353394,0.25,0.38337862491607666,0.16666666666666666,0.4378012418746948
federated fedavg,eICU_Hospital_157,0.8012729844413012,0.5178096308162561,0.4615384615384615,0.42857142857142855,0.9405940594059405,0.5,0.9223300970873787,0.8782608695652174,0.6845827439886846,0.08395106593070988,0.23781676590442657,115,14,0.12173913043478261,0.25,0.5023132770409309,1.1800619702257087,0.04228393085017477,validation,0.6527404526166901,0.92008486562942,0.315373542899838,0.7471929435733611,0.23976923076923073,0.6857589285714283,0.21428571428571427,0.7142857142857143,0.8910891089108911,0.9801980198019802,0.2727272727272727,0.7777777777777778,0.8942050970873787,0.9591836734693877,0.06519854865016365,0.10109374854810052,0.8260869565217391,0.9304347826086956,0.56741513437058,0.8224893917963225,0.5714285714285714,0.15156428515911102,0.42857142857142855,0.17432208359241486,0.35714285714285715,0.35286685824394226
local-only (lower bound),eICU_Hospital_157,0.7630834512022631,0.41375496497538733,0.3333333333333333,0.35714285714285715,0.8910891089108911,0.3125,0.9090909090909091,0.8260869565217391,0.6241159830268741,0.09418457029670468,0.2727753818035126,115,14,0.12173913043478261,0.13333333333333333,0.37731503589779547,0.9130800078373368,0.03401511872754148,validation,0.6074964639321075,0.8889851485148513,0.24196806376378482,0.646781633347667,0.1379310344827586,0.5384615384615384,0.14285714285714285,0.6428571428571429,0.8217821782178217,0.9504950495049505,0.1332608695652174,0.5333333333333333,0.88,0.946236559139785,0.07966291439803276,0.10930703104564152,0.7652173913043478,0.8869565217391304,0.5070721357850071,0.7571693776520504,0.5714285714285714,0.19945044815540314,0.2857142857142857,0.3159334361553192,0.21428571428571427,0.39240315556526184
federated fedavg,eICU_Hospital_318,0.7433198380566802,0.24237265372195135,0.17391304347826086,0.15384615384615385,0.9157894736842105,0.2,0.8877551020408163,0.8240740740740741,0.5348178137651822,0.10121452256036942,0.23781676590442657,108,13,0.12037037037037036,0.0,0.4931764617345251,0.9098385199402536,0.05879723478143138,validation,0.6194331983805669,0.8542510121457491,0.17787919679277034,0.4555855714984974,0.0,0.4,0.0,0.38461538461538464,0.8631578947368421,0.968421052631579,0.0,0.5,0.8673469387755102,0.9148936170212766,0.09120136935542328,0.11098926083214417,0.7685185185185185,0.8796296296296297,0.4473684210526316,0.648582995951417,0.38461538461538464,0.1575113832950592,0.07692307692307693,0.23992030322551727,0.0,0.3778359591960907
local-only (lower bound),eICU_Hospital_318,0.7190283400809717,0.2883904727404407,0.2222222222222222,0.15384615384615385,0.968421052631579,0.4,0.8932038834951457,0.8703703703703703,0.5611336032388664,0.0985748094419539,0.24649636447429657,108,13,0.12037037037037036,0.0,0.3143294258496059,1.0037099193928203,0.025357722528968694,validation,0.5603036437246964,0.8550607287449393,0.1821309258688309,0.5362716747900617,0.0,0.47058823529411764,0.0,0.38461538461538464,0.9263157894736842,1.0,0.0,1.0,0.875,0.9191919191919192,0.08972111194903547,0.1078631808101683,0.8333333333333334,0.9074074074074074,0.4789473684210526,0.671255060728745,0.46153846153846156,0.1822170615196228,0.38461538461538464,0.18988700211048126,0.23076923076923078,0.24196717143058777
federated fedavg,eICU_Hospital_403,0.8490338164251208,0.5343955984518234,0.35294117647058826,0.3333333333333333,0.9456521739130435,0.375,0.9354838709677419,0.8910891089108911,0.6394927536231884,0.06225455527766148,0.23781676590442657,101,9,0.0891089108910891,0.2,1.420359348885368,0.9626511050902701,0.018723345347530312,validation,0.6690821256038647,0.967391304347826,0.29909198841235946,0.8178506678506675,0.0,0.631578947368421,0.0,0.6666666666666666,0.9021739130434783,0.9891304347826086,0.0,0.75,0.9081632653061225,0.967032967032967,0.04647199090373335,0.07602728329289259,0.8415841584158416,0.9405940594059405,0.483695652173913,0.8115942028985508,0.7777777777777778,0.08855320513248444,0.5555555555555556,0.18151870369911194,0.3333333333333333,0.22540847957134247
local-only (lower bound),eICU_Hospital_403,0.786231884057971,0.27325123381966876,0.25,0.2222222222222222,0.9456521739130435,0.2857142857142857,0.925531914893617,0.8811881188118812,0.5839371980676329,0.07468588239180146,0.19691994786262512,101,9,0.0891089108910891,0.0,0.5331454647468332,1.1934261334655896,0.018005097487775408,validation,0.6582125603864735,0.897373188405797,0.15643592057947722,0.5762832733275143,0.0,0.5263157894736842,0.0,0.5555555555555556,0.8913043478260869,0.9891304347826086,0.0,0.6666666666666666,0.9052631578947369,0.9534883720930233,0.06682657015095347,0.08225109978570663,0.8316831683168316,0.9306930693069307,0.4673913043478261,0.7234299516908212,0.4444444444444444,0.12256626784801483,0.2222222222222222,0.16539935767650604,0.1111111111111111,0.2500619888305664
federated fedavg,eICU_Hospital_391,0.9010989010989011,0.48133629191321503,0.5999999999999999,0.6923076923076923,0.9047619047619048,0.5294117647058824,0.95,0.8762886597938144,0.7985347985347986,0.09081046507890772,0.23781676590442657,97,13,0.13402061855670103,0.25,1.1340710636082136,1.0210403585407564,0.08244315192545044,validation,0.8305860805860805,0.9587912087912088,0.3472288496590123,0.7532406686450804,0.4,0.7857142857142856,0.38461538461538464,0.9230769230769231,0.8333333333333334,0.9642857142857143,0.35703781512605043,0.75,0.9080459770114943,0.9871794871794872,0.06937777362131643,0.11673271091340079,0.8041237113402062,0.9381443298969072,0.6565934065934066,0.9198717948717949,0.8461538461538461,0.09006615728139877,0.6923076923076923,0.2649745047092438,0.15384615384615385,0.45263659954071045
local-only (lower bound),eICU_Hospital_391,0.8534798534798534,0.5103467987235994,0.3636363636363637,0.3076923076923077,0.9404761904761905,0.4444444444444444,0.8977272727272727,0.8556701030927835,0.6240842490842491,0.08854388897222697,0.34645313024520874,97,13,0.13402061855670103,0.13333333333333333,0.7928238785533621,1.1618020624644907,0.023564898985025194,validation,0.7454212454212454,0.9404761904761905,0.33027211131974105,0.7569209632013341,0.1,0.6,0.07692307692307693,0.5384615384615384,0.8809523809523809,0.9880952380952381,0.14285714285714285,0.75,0.8666666666666667,0.9318373340143001,0.07030560910492768,0.10599816296440326,0.7938144329896907,0.9072164948453608,0.5027472527472527,0.7541208791208791,0.7692307692307693,0.1866079866886139,0.46153846153846156,0.3088266849517822,0.3076923076923077,0.3577474057674408
federated fedavg,eICU_Hospital_171,0.7784090909090908,0.2964513426469948,0.2,0.16666666666666666,0.9659090909090909,0.25,0.9444444444444444,0.9148936170212766,0.5662878787878788,0.05564260692307565,0.23781676590442657,94,6,0.06382978723404255,0.0,0.8717789799838305,0.8922886249161625,0.030814742935113014,validation,0.643939393939394,0.9034090909090908,0.11001687592091956,0.6206729112833759,0.0,0.5454545454545454,0.0,0.5,0.9204545454545454,1.0,0.0,0.7924999999999955,0.9325842696629213,0.9662921348314607,0.04242077043242793,0.0649832379122413,0.8723404255319149,0.9468085106382979,0.4715909090909091,0.7386363636363636,0.3333333333333333,0.06989666074514389,0.16666666666666666,0.11758679151535034,0.16666666666666666,0.11758679151535034
local-only (lower bound),eICU_Hospital_171,0.831439393939394,0.26378676470588236,0.26666666666666666,0.3333333333333333,0.9204545454545454,0.2222222222222222,0.9529411764705882,0.8829787234042553,0.6268939393939393,0.05501745684531664,0.1597776710987091,94,6,0.06382978723404255,0.0,0.2539675208811527,1.5706530408111254,0.014423092886647011,validation,0.6988636363636364,0.9412878787878788,0.13856034813247467,0.6511739130434779,0.0,0.5714285714285715,0.0,0.6666666666666666,0.8636363636363636,0.9659090909090909,0.0,0.5,0.9302325581395349,0.9770114942528736,0.04946749470281184,0.06020747099344147,0.8191489361702128,0.9361702127659575,0.45454545454545453,0.8162878787878788,0.5,0.09275104105472565,0.3333333333333333,0.15198826789855957,0.16666666666666666,0.1770360916852951
federated fedavg,eICU_Hospital_152,0.9418604651162791,0.7037231287231287,0.6250000000000001,0.5555555555555556,0.9767441860465116,0.7142857142857143,0.9545454545454546,0.9368421052631579,0.7661498708010336,0.06052648362147765,0.23781676590442657,95,9,0.09473684210526316,0.2,0.46138167476596736,3.109576019596542,0.06181791248290163,validation,0.8759689922480621,0.9857881136950905,0.4691859965279505,0.9206349206349206,0.30769230769230765,0.8750000000000001,0.2222222222222222,0.8888888888888888,0.9418604651162791,1.0,0.4,1.0,0.9230769230769231,0.9882352941176471,0.04877701613909735,0.07105993512122274,0.8947368421052632,0.9789473684210527,0.599483204134367,0.9328165374677002,0.8888888888888888,0.14069652557373047,0.5555555555555556,0.1694153994321823,0.5555555555555556,0.1694153994321823
local-only (lower bound),eICU_Hospital_152,0.8242894056847545,0.3781632597422071,0.375,0.3333333333333333,0.9534883720930233,0.42857142857142855,0.9318181818181818,0.8947368421052632,0.6434108527131783,0.08063650289506752,0.44672971963882446,95,9,0.09473684210526316,0.26666666666666666,1.520410743388367,0.541649540279859,0.07024882542410571,validation,0.6214147286821706,0.9573643410852712,0.22181851530535743,0.7192032480190375,0.0,0.6666666666666666,0.0,0.6666666666666666,0.9069767441860465,0.9883720930232558,0.0,0.8,0.9032258064516129,0.9647058823529412,0.05102099989736738,0.11246857151530051,0.8421052631578947,0.9368421052631579,0.4883720930232558,0.810077519379845,0.7777777777777778,0.09218364953994751,0.4444444444444444,0.1973346620798111,0.2222222222222222,0.5968296527862549
federated fedavg,eICU_Hospital_184,0.8508682328907049,0.5108306858845609,0.64,0.7272727272727273,0.9325842696629213,0.5714285714285714,0.9651162790697675,0.91,0.8299284984678243,0.0776525000179955,0.23781676590442657,100,11,0.11,0.16666666666666666,0.5870943243839433,1.340665272924522,0.05674377923598513,validation,0.7109039836567927,0.9591419816138917,0.3027027223383887,0.763158565468348,0.43478260869565216,0.8333333333333333,0.45454545454545453,1.0,0.8764044943820225,0.9775280898876404,0.375,0.8181818181818182,0.9318181818181818,1.0,0.06316705279530443,0.09302848513741965,0.85,0.96,0.6879468845760981,0.9495658835546469,0.7272727272727273,0.1590239405632019,0.36363636363636365,0.2733665406703949,0.18181818181818182,0.368028849363327
local-only (lower bound),eICU_Hospital_184,0.8488253319713994,0.39870384707045325,0.3448275862068966,0.45454545454545453,0.8539325842696629,0.2777777777777778,0.926829268292683,0.81,0.6542390194075587,0.08511922389670716,0.19027096033096313,100,11,0.11,0.0,0.18697798722182846,2.4269955699080525,0.04934320375323295,validation,0.7425944841675179,0.9336312563840652,0.2572588557300553,0.7058855060818992,0.14285714285714285,0.5386363636363628,0.18181818181818182,0.7272727272727273,0.7752808988764045,0.9213483146067416,0.11764705882352941,0.46153846153846156,0.891566265060241,0.9634146341463414,0.07918946302173266,0.09154073942658211,0.74,0.88,0.5066394279877426,0.8074565883554647,0.6363636363636364,0.16549929976463318,0.36363636363636365,0.19863463938236237,0.09090909090909091,0.23733259737491608
federated fedavg,eICU_Hospital_226,0.8639846743295019,0.6949252318356093,0.5599999999999999,0.5833333333333334,0.9310344827586207,0.5384615384615384,0.9418604651162791,0.8888888888888888,0.757183908045977,0.07066058881083596,0.23781676590442657,99,12,0.12121212121212122,0.4,1.2027723472006757,1.0972920530920651,0.06862487657362537,validation,0.7432710727969349,0.9626436781609196,0.47063394549739085,0.8984491094140723,0.33306451612903226,0.7692307692307692,0.3333333333333333,0.8333333333333334,0.8735632183908046,0.9770114942528736,0.3333333333333333,0.800454545454543,0.9069767441860465,0.9764705882352941,0.04676045887948944,0.09376829877296504,0.8282828282828283,0.9393939393939394,0.6149425287356322,0.8936781609195402,0.5833333333333334,0.2192443460226059,0.5833333333333334,0.2192443460226059,0.5,0.3707537055015564
local-only (lower bound),eICU_Hospital_226,0.6647509578544061,0.3517488634424118,0.380952380952381,0.3333333333333333,0.9425287356321839,0.4444444444444444,0.9111111111111111,0.8686868686868687,0.6379310344827586,0.10422596509878576,0.14129182696342468,99,12,0.12121212121212122,0.0,0.055376634168973204,4.495277253195905,0.015583780076768677,validation,0.48563218390804597,0.8333572796934865,0.16717552329883276,0.6315973532753294,0.10526315789473685,0.6363636363636365,0.08333333333333333,0.5833333333333334,0.8850574712643678,0.9885057471264368,0.14285714285714285,0.7777777777777778,0.8804347826086957,0.945054945054945,0.10159863255038414,0.10663695466968237,0.8181818181818182,0.9191919191919192,0.507183908045977,0.7859195402298851,0.4166666666666667,0.12806712090969086,0.25,0.1437559723854065,0.25,0.1437559723854065
federated fedavg,eICU_Hospital_384,0.8217237308146399,0.4746014063492251,0.35714285714285715,0.45454545454545453,0.8441558441558441,0.29411764705882354,0.9154929577464789,0.7954545454545454,0.6493506493506493,0.08890670274221196,0.23781676590442657,88,11,0.125,0.16666666666666666,0.37237698216547077,1.3236812365639445,0.07910521669228647,validation,0.7107438016528926,0.9173553719008264,0.2712733108214732,0.7449488296462108,0.15384615384615383,0.56,0.18181818181818182,0.7272727272727273,0.7532467532467533,0.922077922077922,0.13333333333333333,0.47619047619047616,0.8767123287671232,0.9571428571428572,0.07024468080650745,0.10558935690876106,0.7159090909090909,0.8636363636363636,0.5064935064935066,0.7987012987012987,0.45454545454545453,0.21459737420082092,0.36363636363636365,0.3123217225074768,0.36363636363636365,0.3123217225074768
local-only (lower bound),eICU_Hospital_384,0.7296340023612751,0.25527298579246627,0.32,0.36363636363636365,0.8701298701298701,0.2857142857142857,0.9054054054054054,0.8068181818181818,0.6168831168831168,0.10396708181154182,0.2866078317165375,88,11,0.125,0.0,0.24539222932245552,0.8005474673228624,0.05349254994441501,validation,0.5832054309327036,0.8642266824085005,0.1742101138200447,0.46291649599350276,0.09523809523809525,0.5454545454545454,0.09090909090909091,0.6363636363636364,0.7922077922077922,0.948051948051948,0.1,0.5,0.8714285714285714,0.9452054794520548,0.08909278826318667,0.11990799214280727,0.7272727272727273,0.875,0.487012987012987,0.7662337662337662,0.5454545454545454,0.2394673377275467,0.2727272727272727,0.32153281569480896,0.0,0.3606305420398712
federated fedavg,eICU_Hospital_301,0.8045977011494252,0.4203242147922999,0.4444444444444445,0.4,0.9770114942528736,0.5,0.9659090909090909,0.9456521739130435,0.6885057471264369,0.04445233420378838,0.23781676590442657,92,5,0.05434782608695652,0.2857142857142857,0.8096315914376682,0.9228484703781294,0.009841054479297978,validation,0.6206321839080461,0.9724137931034483,0.10656108961960026,0.8285924369747899,0.0,0.8000000000000002,0.0,0.8,0.9425287356321839,1.0,0.0,1.0,0.9444444444444444,0.9885057471264368,0.029579686925539885,0.05729313273669881,0.9021739130434783,0.9782608695652174,0.4885057471264368,0.8942528735632185,0.4,0.12014762312173843,0.4,0.12014762312173843,0.2,0.512919545173645
local-only (lower bound),eICU_Hospital_301,0.7862068965517242,0.3414527101163046,0.22222222222222224,0.2,0.9655172413793104,0.25,0.9545454545454546,0.9239130434782609,0.5827586206896552,0.046906040080444335,0.20326465368270874,92,5,0.05434782608695652,0.0,0.4567426977022553,1.0134154861677842,0.021417863009011617,validation,0.6091954022988506,0.9471264367816091,0.0972158736421263,0.7333333333333334,0.0,0.6,0.0,0.6,0.9195402298850575,1.0,0.0,0.975,0.9425120288692862,0.9770114942528736,0.03716124489462708,0.05511822225836447,0.8804347826086957,0.9565217391304348,0.4711206896551724,0.7885057471264367,0.4,0.06763433665037155,0.2,0.18908244371414185,0.2,0.18908244371414185
federated fedavg,eICU_Hospital_181,0.7788235294117648,0.5903964245630912,0.5454545454545454,0.6,0.9294117647058824,0.5,0.9518072289156626,0.8947368421052632,0.7647058823529411,0.07579770059575222,0.23781676590442657,95,10,0.10526315789473684,0.18181818181818182,0.03306679635355447,1.5812214756383962,0.05435402086494786,validation,0.5823529411764706,0.9529411764705882,0.3411130273248021,0.853893341307815,0.3,0.7694444444444433,0.3,0.9,0.8705882352941177,0.9764705882352941,0.2857142857142857,0.7777777777777778,0.9176470588235294,0.9875,0.05971459938169207,0.09088122321532403,0.8315789473684211,0.9473684210526315,0.6088235294117647,0.9147058823529413,0.6,0.158393993973732,0.5,0.2659044861793518,0.5,0.2659044861793518
local-only (lower bound),eICU_Hospital_181,0.7376470588235294,0.2782475926206577,0.32,0.4,0.8705882352941177,0.26666666666666666,0.925,0.8210526315789474,0.6352941176470588,0.09315657435327328,0.23676292598247528,95,10,0.10526315789473684,0.26666666666666666,0.5882286417989513,0.5978826413869026,0.04899475001975109,validation,0.5740882352941177,0.8847058823529412,0.16413825505272872,0.5631426569272694,0.09523809523809525,0.5384615384615384,0.1,0.7,0.8,0.9411764705882353,0.09090909090909091,0.4666666666666667,0.8928571428571429,0.9620253164556962,0.06767857431936707,0.11651212728234508,0.7473684210526316,0.8842105263157894,0.49117647058823527,0.7970588235294118,0.5,0.10909076035022736,0.3,0.25129008293151855,0.2,0.47870826721191406
federated fedavg,eICU_Hospital_154,0.7394736842105263,0.31496426944702804,0.25,0.2,0.9473684210526315,0.3333333333333333,0.9,0.8604651162790697,0.5736842105263158,0.10250970780282015,0.23781676590442657,86,10,0.11627906976744186,0.16666666666666666,2.4862786315903156,0.4197518528942888,0.07643621590906087,validation,0.6078618421052632,0.8619078947368418,0.16751499478567347,0.5657769979840978,0.0,0.5263157894736842,0.0,0.5,0.8947368421052632,0.9868421052631579,0.0,0.75,0.8765432098765432,0.9333552631578946,0.07576047503931113,0.12661906001160184,0.8023255813953488,0.9069767441860465,0.46710526315789475,0.7106907894736832,0.4,0.07427839189767838,0.2,0.1732371747493744,0.1,0.25334230065345764
local-only (lower bound),eICU_Hospital_154,0.65,0.168982633817641,0.09523809523809525,0.1,0.868421052631579,0.09090909090909091,0.88,0.7790697674418605,0.4842105263157895,0.11689727001743333,0.26902416348457336,86,10,0.11627906976744186,0.0,0.6634149141802306,0.2967675391054662,0.08974486091282477,validation,0.5039144736842106,0.7947368421052632,0.13020321782753014,0.294657933454129,0.0,0.28571428571428564,0.0,0.3,0.7894736842105263,0.9473684210526315,0.0,0.2857142857142857,0.8591549295774648,0.9066666666666666,0.09954175055505306,0.13518129534448714,0.7093023255813954,0.8488372093023255,0.40131578947368424,0.5973684210526315,0.1,0.229355126619339,0.0,0.29874202609062195,0.0,0.6689897775650024
federated fedavg,eICU_Hospital_271,0.8921052631578947,0.5303703703703704,0.4444444444444445,0.4,0.9736842105263158,0.5,0.961038961038961,0.9382716049382716,0.6868421052631579,0.04354902484769238,0.23781676590442657,81,5,0.06172839506172839,0.3333333333333333,1.796848952895052,1.097624445079477,0.04253738753897868,validation,0.7736842105263159,0.9947368421052631,0.22079272863568217,0.9333333333333333,0.0,0.8000000000000002,0.0,0.8,0.9342105263157895,1.0,0.0,1.0,0.9367088607594937,0.9868421052631579,0.02609162186424069,0.057732227839854856,0.8888888888888888,0.9753086419753086,0.4868421052631579,0.8934210526315789,0.6,0.05495351925492287,0.4,0.24561157822608948,0.4,0.24561157822608948
local-only (lower bound),eICU_Hospital_271,0.8552631578947368,0.27557792076848336,0.20000000000000004,0.2,0.9473684210526315,0.2,0.9473684210526315,0.9012345679012346,0.5736842105263158,0.053876959852818034,0.16089250147342682,81,5,0.06172839506172839,0.0,0.3728052344743782,1.5596397106140152,0.014264025989873905,validation,0.7315131578947368,0.9552631578947368,0.14922812418978482,0.7000238095238094,0.0,0.5454545454545454,0.0,0.6,0.8947368421052632,0.9868421052631579,0.0,0.6666666666666666,0.9324324324324325,0.9733333333333334,0.04827799556178295,0.05890030198842558,0.8518518518518519,0.9506172839506173,0.45394736842105265,0.7802631578947368,0.6,0.064436174929142,0.4,0.11325812339782715,0.0,0.2062799036502838
federated fedavg,eICU_Hospital_63,0.6686046511627907,0.12476238773764074,0.0,0.0,0.9651162790697675,0.0,0.9325842696629213,0.9021739130434783,0.48255813953488375,0.06382610455811745,0.23781676590442657,92,6,0.06521739130434782,0.0,0.15705063261334384,0.5914246918690425,0.02978495191580252,validation,0.4709302325581395,0.8508236434108525,0.08030525238149078,0.3051979663418342,0.0,0.0,0.0,0.0,0.9186046511627907,1.0,0.0,0.0,0.9294117647058824,0.9347826086956522,0.05668816207643679,0.07164452035030726,0.8586956521739131,0.9347826086956522,0.45930232558139533,0.5,0.3333333333333333,0.12907610833644867,0.16666666666666666,0.169987753033638,0.0,0.20040756464004517
local-only (lower bound),eICU_Hospital_63,0.560077519379845,0.1237753424232553,0.16666666666666666,0.16666666666666666,0.9418604651162791,0.16666666666666666,0.9418604651162791,0.8913043478260869,0.5542635658914729,0.06528703624046743,0.17583803832530975,92,6,0.06521739130434782,0.0,0.4127774454257227,0.25642828676611523,0.03230840305838248,validation,0.3023255813953488,0.8043120155038758,0.061519019835229886,0.4095571106821105,0.0,0.4615384615384615,0.0,0.5,0.8837209302325582,0.9883720930232558,0.0,0.5,0.927710843373494,0.9647058823529412,0.05472663593119032,0.07659549970969308,0.8369565217391305,0.9347826086956522,0.4476744186046512,0.7267441860465116,0.16666666666666666,0.11773437261581421,0.16666666666666666,0.11773437261581421,0.0,0.3976970613002777
federated fedavg,eICU_Hospital_206,0.7008281573498965,0.3115361098588292,0.3888888888888889,0.5,0.782608695652174,0.3181818181818182,0.8852459016393442,0.7349397590361446,0.6413043478260869,0.13539168534529278,0.23781676590442657,83,14,0.1686746987951807,0.11764705882352941,0.6843742352793489,0.531544824684817,0.04535654351586499,validation,0.5559006211180124,0.8374999999999999,0.21550303107831703,0.5327140009550623,0.205,0.5625000000000001,0.21428571428571427,0.7857142857142857,0.6811594202898551,0.8695652173913043,0.17391304347826086,0.47368421052631576,0.8333333333333334,0.9454545454545454,0.1117617030969231,0.16115936727097424,0.6385542168674698,0.8192771084337349,0.505175983436853,0.7774456521739129,0.35714285714285715,0.2925206124782562,0.07142857142857142,0.4531775414943695,0.07142857142857142,0.4531775414943695
local-only (lower bound),eICU_Hospital_206,0.6055900621118012,0.24845195812438686,0.25,0.21428571428571427,0.8985507246376812,0.3,0.8493150684931506,0.7831325301204819,0.5564182194616977,0.14333692222541258,0.3136415183544159,83,14,0.1686746987951807,0.0,0.27569544681711045,0.42858555797395514,0.05434997797191862,validation,0.4451345755693582,0.7629658385093167,0.17200789140576797,0.4527725133026543,0.0,0.4799999999999999,0.0,0.42857142857142855,0.8260869565217391,0.9710144927536232,0.0,0.6,0.8157894736842105,0.8888888888888888,0.12402261845909096,0.16210305884976195,0.7108433734939759,0.8554216867469879,0.4492753623188406,0.6780538302277432,0.2857142857142857,0.20832496881484985,0.21428571428571427,0.3044062554836273,0.0,0.45130789279937744
federated fedavg,eICU_Hospital_282,0.7980769230769231,0.34599567099567097,0.0,0.0,1.0,,0.9512195121951219,0.9512195121951219,0.5,0.04635052035404187,0.23781676590442657,82,4,0.04878048780487805,0.0,0.09680163613492576,101.07700520044067,0.0042948447531316325,validation,0.6409455128205128,0.9487179487179487,0.09199222080136403,0.7976190476190477,0.0,0.0,0.0,0.0,1.0,1.0,,,0.9512195121951219,0.9512195121951219,0.046276826635984265,0.046398079407971665,0.9512195121951219,0.9512195121951219,0.5,0.5,0.25,0.04500395059585571,0.25,0.04500395059585571,0.0,inf
local-only (lower bound),eICU_Hospital_282,0.14423076923076922,0.03447086320617333,0.0,0.0,0.8846153846153846,0.0,0.9452054794520548,0.8414634146341463,0.4423076923076923,0.048840261999059054,0.06401331722736359,82,4,0.04878048780487805,0.0,0.18168866548489593,-1.7869526689127042,0.0035229711168695554,validation,0.03205128205128205,0.2948717948717949,0.033898934527208095,0.05577724358974354,0.0,0.0,0.0,0.0,0.8076923076923077,0.9487179487179487,0.0,0.0,0.9402985074626866,0.9487179487179487,0.04751173160973058,0.04988377704479327,0.7682926829268293,0.9024390243902439,0.40384615384615385,0.47435897435897434,0.0,0.06737170368432999,0.0,0.06737170368432999,0.0,0.06737170368432999
federated fedavg,eICU_Hospital_331,0.676056338028169,0.17309941520467836,0.0,0.0,1.0,,0.9594594594594594,0.9594594594594594,0.5,0.03836696474324304,0.23781676590442657,74,3,0.04054054054054054,0.0,0.10975814911142923,0.8492285507274355,0.005371524876839401,validation,0.30950704225352116,0.9671361502347418,0.05294039838157486,0.7333333333333333,0.0,0.0,0.0,0.0,1.0,1.0,,,0.9594594594594594,0.9594594594594594,0.03568323938505245,0.04098352174259806,0.9594594594594594,0.9594594594594594,0.5,0.5,0.3333333333333333,0.06387846916913986,0.0,0.11257215589284897,0.0,0.11257215589284897
local-only (lower bound),eICU_Hospital_331,0.6713615023474178,0.1388888888888889,0.0,0.0,0.971830985915493,0.0,0.9583333333333334,0.9324324324324325,0.4859154929577465,0.03812618141540798,0.14732299745082855,74,3,0.04054054054054054,0.0,0.519712119195133,0.9001941398222605,0.026255299689600595,validation,0.23943661971830987,0.9530516431924883,0.05263157894736842,0.4446428571428561,0.0,0.0,0.0,0.0,0.9295774647887324,1.0,0.0,0.0,0.9565217391304348,0.9594594594594594,0.035211480711894616,0.041117465207247614,0.8918918918918919,0.9594594594594594,0.4647887323943662,0.5,0.3333333333333333,0.07936571538448334,0.3333333333333333,0.07936571538448334,0.0,0.1140633076429367
federated fedavg,eICU_Hospital_256,0.9358108108108107,0.5776315789473684,0.28571428571428575,0.25,0.972972972972973,0.3333333333333333,0.96,0.9358974358974359,0.6114864864864865,0.03372404759494612,0.23781676590442657,78,4,0.05128205128205128,0.4,2.5800772498172235,1.3690134783183878,0.0349752448963698,validation,0.8378378378378377,1.0,0.23805720899470897,1.0,0.0,0.6666666666666666,0.0,0.75,0.9324324324324325,1.0,0.0,1.0,0.9459459459459459,0.9863013698630136,0.021026282118485957,0.046191802077532276,0.8974358974358975,0.9743589743589743,0.47297297297297297,0.8614864864864865,0.75,0.046677086502313614,0.25,0.2602573037147522,0.25,0.2602573037147522
local-only (lower bound),eICU_Hospital_256,0.5439189189189189,0.06802297165200391,0.0,0.0,0.9594594594594594,0.0,0.9466666666666667,0.9102564102564102,0.4797297297297297,0.05143700730434956,0.15194201469421387,78,4,0.05128205128205128,0.0,0.7487688717503471,-0.22785430737993928,0.0435794917627787,validation,0.34121621621621623,0.7364864864864865,0.05497309251431895,0.15732142857142842,0.0,0.0,0.0,0.0,0.9054054054054054,1.0,0.0,0.0,0.9436619718309859,0.9487179487179487,0.049944343532236174,0.05313828087221309,0.8589743589743589,0.9487179487179487,0.4527027027027027,0.5,0.0,0.04134707152843475,0.0,0.18472076952457428,0.0,0.18472076952457428
federated fedavg,eICU_Hospital_452,0.7620192307692308,0.4128835895710005,0.43243243243243246,0.6153846153846154,0.75,0.3333333333333333,0.9056603773584906,0.7272727272727273,0.6826923076923077,0.12308071591189973,0.23781676590442657,77,13,0.16883116883116883,0.13333333333333333,0.23172522421648845,1.054421413546249,0.05042936599680355,validation,0.6262019230769231,0.876231971153846,0.25425803560702415,0.6567847289197318,0.2701801801801802,0.5945945945945945,0.38461538461538464,0.8461538461538461,0.640625,0.84375,0.20829741379310346,0.47619047619047616,0.8484683794466403,0.9622641509433962,0.10145899168772488,0.14534575377123982,0.6233766233766234,0.8181818181818182,0.5438551682692307,0.8215144230769231,0.5384615384615384,0.2754126489162445,0.23076923076923078,0.37231239676475525,0.07692307692307693,0.39915674924850464
local-only (lower bound),eICU_Hospital_452,0.7379807692307692,0.44877118721723064,0.33333333333333337,0.38461538461538464,0.8125,0.29411764705882354,0.8666666666666667,0.7402597402597403,0.5985576923076923,0.12654012905045117,0.30026960372924805,77,13,0.16883116883116883,0.3333333333333333,0.2044191115697096,0.7356191120366078,0.09255225397646429,validation,0.5697115384615385,0.8822716346153844,0.2685028712382791,0.704904111885709,0.13333333333333333,0.5384615384615384,0.15384615384615385,0.6153846153846154,0.71875,0.90625,0.11764705882352941,0.5,0.8181818181818182,0.9180327868852459,0.0961058693610734,0.15924265287902706,0.6493506493506493,0.8311688311688312,0.46033653846153844,0.7373798076923077,0.38461538461538464,0.30924198031425476,0.3076923076923077,0.4049045443534851,0.23076923076923078,0.4880930781364441
federated fedavg,eICU_Hospital_392,0.7375366568914955,0.2914581333698981,0.2608695652173913,0.2727272727272727,0.8548387096774194,0.25,0.8688524590163934,0.7671232876712328,0.563782991202346,0.13113238804317995,0.23781676590442657,73,11,0.1506849315068493,0.0,0.540922346874499,0.5148454358248027,0.06669895947681204,validation,0.5747800586510263,0.8739002932551319,0.20648192697387538,0.520056434829162,0.0,0.4999999999999999,0.0,0.5454545454545454,0.7580645161290323,0.9354838709677419,0.0,0.5,0.8281115301724138,0.9166666666666666,0.10701291649966692,0.15796418141468846,0.6712328767123288,0.8493150684931506,0.43255131964809385,0.7111986803519059,0.5454545454545454,0.20425108075141907,0.09090909090909091,0.36718884110450745,0.0,0.4757315218448639
local-only (lower bound),eICU_Hospital_392,0.6759530791788856,0.22350355077627804,0.2608695652173913,0.2727272727272727,0.8548387096774194,0.25,0.8688524590163934,0.7671232876712328,0.563782991202346,0.1224552349623236,0.22728049755096436,73,11,0.1506849315068493,0.0,0.10990119181475877,1.560482104498617,0.050207213281768644,validation,0.5454545454545454,0.7991568914956009,0.17418691086852245,0.38460112890908454,0.0,0.4799999999999999,0.0,0.5454545454545454,0.7580645161290323,0.9354838709677419,0.0,0.5,0.8305084745762712,0.9137931034482759,0.1157075032785995,0.12891201874296598,0.684931506849315,0.8493150684931506,0.43548387096774194,0.7082111436950147,0.2727272727272727,0.20149362087249756,0.0,0.23673264682292938,0.0,0.2781197130680084
federated fedavg,eICU_Hospital_66,0.958904109589041,0.40277777777777773,0.0,0.0,0.9726027397260274,0.0,0.9594594594594594,0.9342105263157895,0.4863013698630137,0.03436742461498375,0.23781676590442657,76,3,0.039473684210526314,0.0,0.867033191899016,1.3173767471729327,0.05816633347479326,validation,0.904109589041096,1.0,0.24437590187590189,1.0,0.0,0.0,0.0,0.0,0.9315068493150684,1.0,0.0,0.0,0.9577464788732394,0.9605263157894737,0.027891168087322206,0.04291277208915834,0.8947368421052632,0.9605263157894737,0.4657534246575342,0.5,0.6666666666666666,0.11185204237699509,0.6666666666666666,0.11185204237699509,0.6666666666666666,0.11185204237699509
local-only (lower bound),eICU_Hospital_66,0.8904109589041096,0.7037037037037037,0.3333333333333333,0.6666666666666666,0.9041095890410958,0.2222222222222222,0.9850746268656716,0.8947368421052632,0.7853881278538812,0.03791629110271843,0.040532372891902924,76,3,0.039473684210526314,0.0,-0.027205447470834088,0.9171724234393727,0.0010538092863402876,validation,0.7077625570776256,1.0,0.13621541501976284,1.0,0.0,0.6,0.0,1.0,0.8356164383561644,0.958904109589041,0.0,0.5,0.9583333333333334,1.0,0.03791611010579735,0.03791655654569539,0.8289473684210527,0.9605263157894737,0.4726027397260274,0.9726027397260274,0.6666666666666666,0.04052821174263954,0.0,inf,0.0,inf
