method,scope,auroc,auprc,f1,sensitivity,specificity,ppv,npv,accuracy,balanced_accuracy,brier,threshold,n,n_pos,prevalence,f1_at_0.5,calib_intercept,calib_slope,ece,threshold_source,auroc_lo,auroc_hi,auprc_lo,auprc_hi,f1_lo,f1_hi,sensitivity_lo,sensitivity_hi,specificity_lo,specificity_hi,ppv_lo,ppv_hi,npv_lo,npv_hi,brier_lo,brier_hi,accuracy_lo,accuracy_hi,balanced_accuracy_lo,balanced_accuracy_hi,sens_at_spec_80,thresh_at_spec_80,sens_at_spec_90,thresh_at_spec_90,sens_at_spec_95,thresh_at_spec_95
centralized (upper bound),global,0.8717611481754467,0.4953561575385363,0.4747174301011303,0.5468250342622202,0.9181607151676792,0.41941135248773653,0.9493412317434379,0.8819308254590836,0.7324928747149497,0.06546483054089547,0.21647578477859497,22436,2189,0.09756641112497771,0.3630296963630297,1.2294010927658001,1.0191241659869557,0.006326707072948897,validation,0.8640869895890368,0.8793504781390666,0.47413004284244836,0.5159610962815098,0.4583737065766118,0.4907317770223519,0.5262562814070352,0.566925536774783,0.914308292586556,0.9218649676495283,0.40425904362165904,0.43442962606358826,0.9470944640756583,0.9514783231600941,0.06407756573560305,0.06686376833337884,0.8777411303262613,0.8859422356926369,0.7216949519369997,0.742858507505401,0.7743261763362266,0.11450961232185364,0.5961626313385108,0.19007763266563416,0.4582000913659205,0.2877754867076874
federated fedadam,global,0.8425101097832812,0.43106853289357183,0.4424428030985408,0.5609867519415258,0.8946016693831185,0.3652587745389649,0.9496172800671071,0.8620520591905866,0.7277942106623221,0.0698207010583575,0.18531103432178497,22436,2189,0.09756641112497771,0.2702898550724638,0.8989382698994417,1.0030592981402533,0.005145949122641569,validation,0.8341381040427559,0.8510546898611647,0.411127677498954,0.45198541860631053,0.4273878336884847,0.4574421329112695,0.5399611694837825,0.5820009136592051,0.8904504371017928,0.8988010569467081,0.35222904205785527,0.37874284435680994,0.9472853139282655,0.9519334048834703,0.06854200409073309,0.0711495306717817,0.8576829648778749,0.8664657247281156,0.7169385092734243,0.7386185829988225,0.7208771128369118,0.12490033358335495,0.5477386934673367,0.19051885604858398,0.403380539058931,0.27064040303230286
federated fedadam,Medical Intensive Care Unit (MICU),0.8930321074263416,0.6601895781024265,0.6067961165048543,0.764525993883792,0.8564787914003487,0.5030181086519114,0.950354609929078,0.841796875,0.8105023926420704,0.08556270929380128,0.22641536593437195,2048,327,0.15966796875,0.4896265560165975,0.8906914548541984,1.2674107369103738,0.034441475551744816,validation,0.8744951285345445,0.9105990134460621,0.614023579812505,0.7095742485895267,0.5717820276553203,0.6393290294717717,0.7186544342507645,0.8103975535168195,0.8384660081348053,0.873329459616502,0.4676514663952644,0.5361452191745706,0.9410613034357227,0.9596091205211726,0.08022378146047791,0.09076003746936627,0.82373046875,0.8569458007812499,0.785467786846066,0.8344709933240577,0.8256880733944955,0.18180245161056519,0.7003058103975535,0.27723532915115356,0.5474006116207951,0.371640682220459
local-only (lower bound),Medical Intensive Care Unit (MICU),0.8368347824232765,0.5274865378558428,0.5302325581395348,0.5229357798165137,0.9145845438698431,0.5377358490566038,0.9098265895953758,0.85205078125,0.7187601618431785,0.10267893148906204,0.3248071074485779,2048,327,0.15966796875,0.28921568627450983,0.69516034630174,1.1661706853761167,0.026815636772226988,validation,0.8141912638800783,0.8598850412337611,0.4800611887564403,0.5791634103735038,0.48725910501388214,0.574084741423451,0.4709480122324159,0.5749235474006116,0.901205694363742,0.9273678094131319,0.4930998057309373,0.5856832097969705,0.9009542418002718,0.9191869378016674,0.09823568326133017,0.10712087638121513,0.83836669921875,0.8662109375,0.6923512306158677,0.7468532492132623,0.7033639143730887,0.22480937838554382,0.5596330275229358,0.3100280463695526,0.3669724770642202,0.3823780119419098
federated fedadam,Cardiac Vascular Intensive Care Unit (CVICU),0.9019333799208012,0.4406872626189985,0.4247787610619469,0.4444444444444444,0.9799885648942253,0.4067796610169492,0.9827981651376146,0.963948973932335,0.7122165046693348,0.022064538299496703,0.16083396971225739,1803,54,0.029950083194675542,0.25396825396825395,1.5525897631975396,1.1440434661356342,0.0067379739646209,validation,0.852619486267285,0.9430703788408191,0.3153275996333992,0.5655939272009485,0.30769230769230765,0.5309734513274337,0.3148148148148148,0.5740740740740741,0.9731132075471698,0.9857061177815895,0.2968605324074074,0.5178571428571429,0.9787844036697247,0.9867663981588032,0.01979143618579433,0.024515012382511067,0.9561841375485303,0.971159179145868,0.6454005463439426,0.7773171971285179,0.8148148148148148,0.03515824303030968,0.7407407407407407,0.06385114043951035,0.6111111111111112,0.10298715531826019
local-only (lower bound),Cardiac Vascular Intensive Care Unit (CVICU),0.8904241577197552,0.3337194014049582,0.35937499999999994,0.42592592592592593,0.9708404802744426,0.3108108108108108,0.9820705610179294,0.954520244037715,0.6983832031001842,0.02401420430964415,0.18006063997745514,1803,54,0.029950083194675542,0.0,1.0537022441405965,1.1415429469467127,0.005022416809182232,validation,0.8404270694365034,0.9331726595091375,0.229811141538578,0.46517955894063173,0.25594920634920637,0.45283755896226413,0.2962962962962963,0.5555555555555556,0.9628359062321327,0.978273299028016,0.2236842105263158,0.4,0.9780337281730823,0.986006034781545,0.022247899784520436,0.025804847074540487,0.9456461453133667,0.9628397115917915,0.6318316815958325,0.7612040213455307,0.8333333333333334,0.02888169139623642,0.7037037037037037,0.07331091910600662,0.5925925925925926,0.128696009516716
federated fedadam,Medical/Surgical Intensive Care Unit (MICU/SICU),0.8693932254651895,0.5715253300570279,0.5546875,0.6147186147186147,0.8958020989505248,0.505338078291815,0.9306853582554517,0.8543130990415335,0.7552603568345697,0.08883335101858701,0.2524212598800659,1565,231,0.1476038338658147,0.42388059701492536,1.0115631315886215,1.0268716832031555,0.017352392731071527,validation,0.8455646365129125,0.8931475820531292,0.5106150140428971,0.6335878087549031,0.5080522971652004,0.6026884547629688,0.5541125541125541,0.6753246753246753,0.8800412293853073,0.9107946026986506,0.4617988782051282,0.5539568345323741,0.9199694973894669,0.9411787737804597,0.08245557737757306,0.09542395648716774,0.8383386581469648,0.8715654952076677,0.7228657181149684,0.7876061969015492,0.7705627705627706,0.16681204736232758,0.6017316017316018,0.2600953280925751,0.46320346320346323,0.3807627260684967
local-only (lower bound),Medical/Surgical Intensive Care Unit (MICU/SICU),0.8336026791798905,0.4985242738540128,0.514161220043573,0.5108225108225108,0.9175412293853074,0.5175438596491229,0.9154824233358265,0.8575079872204473,0.7141818701039091,0.09659396227663958,0.3538980484008789,1565,231,0.1476038338658147,0.38095238095238093,0.8650751181916023,0.8922078815597521,0.014243429642134965,validation,0.8054852443907916,0.8609136989946584,0.44244237914909507,0.563884369047446,0.4611872146118722,0.5695931477516061,0.4458874458874459,0.5757575757575758,0.9025487256371814,0.9310344827586207,0.462882096069869,0.5732804584082366,0.9054645456335219,0.9262062074483033,0.09033569943900344,0.10273886707851382,0.8415335463258786,0.873482428115016,0.6815455908409431,0.7492730907273636,0.696969696969697,0.19603677093982697,0.5497835497835498,0.3219521939754486,0.38095238095238093,0.4223635792732239
federated fedadam,Surgical Intensive Care Unit (SICU),0.8866306764052081,0.5291453648950147,0.5181058495821727,0.6595744680851063,0.896351575456053,0.42660550458715596,0.9574844995571302,0.8715664439495174,0.7779630217705797,0.06719801589522964,0.20045103132724762,1347,141,0.10467706013363029,0.4507042253521127,1.4395052396850274,0.9576422363472803,0.011672595386392417,validation,0.8598254295896405,0.9121950825070863,0.4584156397655936,0.6118003421417364,0.465905199252802,0.574528798809115,0.5815602836879432,0.7375886524822695,0.87893864013267,0.9129353233830846,0.3797439052977028,0.4790697674418605,0.9480633802816901,0.9669657578940667,0.06082423598317645,0.07325611294670319,0.8544914625092799,0.888641425389755,0.7387265798666244,0.8184478758688826,0.7730496453900709,0.11307127773761749,0.6312056737588653,0.2099098265171051,0.49645390070921985,0.3237689137458801
local-only (lower bound),Surgical Intensive Care Unit (SICU),0.850058219540595,0.46954153535704746,0.5,0.5886524822695035,0.9104477611940298,0.43455497382198954,0.9498269896193772,0.8767631774313289,0.7495501217317666,0.07134626609013864,0.21178968250751495,1347,141,0.10467706013363029,0.23391812865497075,0.6939460265527293,1.1786444244987473,0.015710785777917177,validation,0.8138616903661362,0.8846481246251013,0.3971417764425793,0.564741696591703,0.4417910447761194,0.5611992668237759,0.5106382978723404,0.6737588652482269,0.8946932006633499,0.9262023217247097,0.3811822253653937,0.4918032786885246,0.9406777839310958,0.959756788043416,0.06602246715865664,0.07625622159717063,0.8596881959910914,0.8930957683741648,0.710171438904767,0.7925225380191243,0.7304964539007093,0.12258317321538925,0.5957446808510638,0.21014802157878876,0.46808510638297873,0.2950953543186188
federated fedadam,Coronary Care Unit (CCU),0.8652830267471238,0.5434506516848805,0.5043478260869566,0.6170212765957447,0.8851815505397449,0.4264705882352941,0.9435146443514645,0.8525862068965517,0.7511014135677447,0.07727463430707539,0.21810586750507355,1160,141,0.12155172413793103,0.4236453201970443,0.9362543121723175,1.0465774073015317,0.01477645267985846,validation,0.8346080498889886,0.8949956152256071,0.4664836161004572,0.6233288560441046,0.4438202247191011,0.5614035087719299,0.5319148936170213,0.7021276595744681,0.8645731108930323,0.9038272816486752,0.37442868272414465,0.47980798079807974,0.9320728840125392,0.9551151571115037,0.07032736696515068,0.08450575913965712,0.8318965517241379,0.871551724137931,0.7085454380946415,0.7939253474759708,0.7588652482269503,0.14444580674171448,0.6028368794326241,0.2355792373418808,0.3971631205673759,0.3507266938686371
local-only (lower bound),Coronary Care Unit (CCU),0.8246786238768365,0.40598464374647697,0.4452054794520548,0.46099290780141844,0.915603532875368,0.4304635761589404,0.9246778989098117,0.8603448275862069,0.6882982203383932,0.08761016401800222,0.252052366733551,1160,141,0.12155172413793103,0.1696969696969697,0.5987805446722769,1.0879811863565565,0.012473698800975645,validation,0.7859610659873747,0.8581885661787734,0.33878527931835234,0.4866157384664843,0.37499999999999994,0.5102076002814919,0.375886524822695,0.5391843971631196,0.8989205103042198,0.9322865554465162,0.3647675202156334,0.5,0.9138070023553005,0.9352914348448473,0.08243221322004207,0.0932499170894146,0.8422413793103448,0.878448275862069,0.645632538505975,0.7291594457088371,0.6879432624113475,0.16571371257305145,0.48936170212765956,0.2349928617477417,0.3617021276595745,0.3116769790649414
federated fedadam,Trauma SICU (TSICU),0.8780849561093734,0.5400348723974415,0.5271317829457365,0.6415094339622641,0.9101604278074866,0.4473684210526316,0.9572553430821147,0.882804995196926,0.7758349308848753,0.06512070230172963,0.21262407302856445,1041,106,0.10182516810758886,0.3916083916083916,1.109559427878942,1.0998488708658871,0.015496247109628703,validation,0.8444445565533246,0.9081762687922511,0.45671336105748106,0.6291250644280632,0.46212052838857887,0.5905814090654398,0.5471698113207547,0.7264150943396226,0.8909090909090909,0.9272727272727272,0.3885350318471338,0.5111152882205513,0.946725860155383,0.9673091936526734,0.058996762889050466,0.07118202101763643,0.8635926993275697,0.9010566762728146,0.7286651195641207,0.8205288316012511,0.7830188679245284,0.11910305172204971,0.660377358490566,0.20339344441890717,0.5,0.28028401732444763
local-only (lower bound),Trauma SICU (TSICU),0.8486832812027041,0.4708775493081426,0.39999999999999997,0.4811320754716981,0.895187165775401,0.3422818791946309,0.9383408071748879,0.8530259365994236,0.6881596206235496,0.0713926308780053,0.2248283177614212,1041,106,0.10182516810758886,0.31343283582089554,0.9903536953867746,1.03326519237529,0.014747199679923485,validation,0.813247654121683,0.879917768136414,0.3890431186742742,0.5570124334851133,0.32950191570881227,0.46341463414634143,0.3867924528301887,0.5754716981132075,0.8759358288770054,0.9133957219251335,0.2847195512820513,0.40151664280601285,0.927935916239901,0.9485728962818004,0.06613902809494562,0.07697735954450396,0.8328530259365994,0.8713016330451487,0.6403482241953384,0.7338295832912926,0.7075471698113207,0.13695445656776428,0.4811320754716981,0.22336959838867188,0.39622641509433965,0.29855501651763916
federated fedadam,Neuro Intermediate,0.8592074592074592,0.11804710920672978,0.0,0.0,0.9893939393939394,0.0,0.9804804804804805,0.9702823179791976,0.4946969696969697,0.018283718240331398,0.18531103432178497,673,13,0.019316493313521546,0.0,0.784914256930545,1.0389414129604653,0.002707022809426792,validation,0.7707459207459209,0.9373047785547785,0.06954882255651716,0.23603805918688478,0.0,0.0,0.0,0.0,0.9803030303030303,0.996969696969697,0.0,0.0,0.9803030303030303,0.9806259314456036,0.01709581331904348,0.01948127271813949,0.9613670133729569,0.9777117384843982,0.49015151515151517,0.4984848484848485,0.6923076923076923,0.021165188401937485,0.6153846153846154,0.045694444328546524,0.3076923076923077,0.09705620259046555
local-only (lower bound),Neuro Intermediate,0.8156177156177156,0.07032356519318031,0.1111111111111111,0.15384615384615385,0.9681818181818181,0.08695652173913043,0.9830769230769231,0.9524517087667161,0.561013986013986,0.018621677917868826,0.10071048885583878,673,13,0.019316493313521546,0.0,0.5875579751681554,0.9648634676636428,0.0019688535430489387,validation,0.7418385780885781,0.888595571095571,0.04369013607076673,0.17218296721402754,0.0,0.2632456140350872,0.0,0.38461538461538464,0.953030303030303,0.9803030303030303,0.0,0.21052631578947367,0.98,0.9876543209876543,0.01785571096168451,0.019333118220939086,0.937592867756315,0.9658246656760773,0.4825757575757576,0.6771561771561772,0.5384615384615384,0.023035138845443726,0.3076923076923077,0.06271899491548538,0.15384615384615385,0.08237335085868835
federated fedadam,eICU_Hospital_73,0.799387384661927,0.33329458369132453,0.125,0.06818181818181818,0.9983361064891847,0.75,0.9360374414976599,0.9348837209302325,0.5332589623355014,0.05581269254420071,0.35417115688323975,645,44,0.06821705426356589,0.044444444444444446,0.8242916416929686,1.154537260087985,0.009705582089169862,validation,0.7332012932990469,0.8602405082438359,0.22315916870539657,0.47159837964745166,0.0,0.24000000000000002,0.0,0.13636363636363635,0.9950083194675541,1.0,0.0,1.0,0.9316770186335404,0.9405320813771518,0.05201823964137019,0.059550169465182934,0.9286821705426357,0.9410852713178295,0.49916805324459235,0.5681818181818181,0.5681818181818182,0.08635390549898148,0.45454545454545453,0.12318068742752075,0.36363636363636365,0.16583232581615448
local-only (lower bound),eICU_Hospital_73,0.7568824686129179,0.18460683882854867,0.21333333333333335,0.18181818181818182,0.961730449251248,0.25806451612903225,0.9413680781758957,0.9085271317829458,0.5717743155347149,0.060317936054927385,0.23327556252479553,645,44,0.06821705426356589,0.0,0.6512909422876034,0.8205119021065134,0.01736052773113168,validation,0.6903985781273635,0.8151990999848737,0.13219691712797835,0.28476951725806376,0.08823529411764705,0.3376623376623376,0.06818181818181818,0.29545454545454547,0.9450915141430949,0.9767054908485857,0.11538461538461539,0.4090909090909091,0.9339774557165862,0.9494290375203915,0.056732612190257534,0.06395316122942084,0.8914728682170543,0.924031007751938,0.5166200272273483,0.6319202843745273,0.4772727272727273,0.09974059462547302,0.3409090909090909,0.13869327306747437,0.22727272727272727,0.20701509714126587
federated fedadam,eICU_Hospital_264,0.7541010232255968,0.2493585796634343,0.22784810126582278,0.19148936170212766,0.9561068702290076,0.28125,0.9294990723562152,0.8931698774080561,0.5737981159655676,0.0701260940059129,0.21846234798431396,571,47,0.08231173380035026,0.11320754716981132,0.5334955292600014,0.8882899183620987,0.009346328528545753,validation,0.6842942991716745,0.8185926587623842,0.16922382771746863,0.3640731292587799,0.1066315789473684,0.3488662790697673,0.0851063829787234,0.2978723404255319,0.9370229007633588,0.9713740458015268,0.13886494252873563,0.42424242424242425,0.9208066604146704,0.9391156188177852,0.06470420299556486,0.07514615675907342,0.8739054290718039,0.9106830122591943,0.519628573168751,0.6327183490336202,0.5106382978723404,0.1231984794139862,0.3829787234042553,0.15054842829704285,0.2127659574468085,0.19714674353599548
local-only (lower bound),eICU_Hospital_264,0.7619376319636187,0.27635974554979237,0.3469387755102041,0.3617021276595745,0.9351145038167938,0.3333333333333333,0.9423076923076923,0.8879159369527145,0.6484083157381841,0.06782363197380584,0.2306363433599472,571,47,0.08231173380035026,0.07272727272727272,0.5609913560530027,0.8291607808041513,0.025073798074046128,validation,0.6841389881435763,0.8309271966866979,0.195490254164454,0.4169443974074748,0.22499297752808986,0.4583333333333333,0.23404255319148937,0.48936170212765956,0.9122137404580153,0.9561068702290076,0.2222222222222222,0.44829345531315967,0.9305019305019305,0.9539347408829175,0.06148497614916756,0.07431336892116233,0.8651050788091069,0.9089316987740805,0.5769449407178822,0.7170365031671267,0.5531914893617021,0.11937552690505981,0.40425531914893614,0.17874601483345032,0.3191489361702128,0.2469174712896347
federated fedadam,eICU_Hospital_420,0.8393564556552671,0.562529080994915,0.46846846846846846,0.45614035087719296,0.9354838709677419,0.48148148148148145,0.9290617848970252,0.879837067209776,0.6958121109224674,0.07536699525195177,0.34955263137817383,491,57,0.11608961303462322,0.49411764705882355,0.8936597026944306,0.8410563446241353,0.03128849237605663,validation,0.7806502142452907,0.8933634489449429,0.457109797455705,0.6756516952047974,0.35789473684210527,0.5766249720795172,0.3333333333333333,0.5793859649122783,0.9101382488479263,0.956221198156682,0.3728813559322034,0.5965789473684205,0.9140222755768974,0.9453312429999081,0.06438151942991688,0.08628886814579108,0.8533604887983707,0.9042769857433809,0.6316597946479101,0.7618239146252729,0.7017543859649122,0.20723652839660645,0.5614035087719298,0.28594502806663513,0.38596491228070173,0.3782884180545807
local-only (lower bound),eICU_Hospital_420,0.8357991753577492,0.5007975661829481,0.49586776859504134,0.5263157894736842,0.9216589861751152,0.46875,0.936768149882904,0.8757637474541752,0.7239873878243996,0.07967747898850501,0.31131136417388916,491,57,0.11608961303462322,0.35135135135135137,0.4888687293790017,1.1474798614108295,0.03147562941471817,validation,0.7780337941628265,0.8900588163958283,0.39032366038058636,0.6215439453449374,0.39654784094439266,0.5937499999999999,0.40350877192982454,0.6491228070175439,0.8963133640552995,0.9470046082949308,0.37681159420289856,0.5814437984496121,0.9212962962962963,0.9527214639368393,0.07127919775751403,0.08817768382749713,0.8492871690427699,0.9042769857433809,0.6607243916242218,0.7888471177944862,0.7017543859649122,0.1903688758611679,0.543859649122807,0.2994260787963867,0.43859649122807015,0.3714594841003418
federated fedadam,eICU_Hospital_458,0.7906976744186046,0.35447614941168304,0.3846153846153846,0.46511627906976744,0.8765060240963856,0.32786885245901637,0.9267515923566879,0.8293333333333334,0.6708111515830765,0.08998040301986418,0.19661396741867065,375,43,0.11466666666666667,0.21428571428571427,0.7092070126131627,0.7581687612164953,0.02819327696412802,validation,0.7182666713365089,0.86193786775007,0.25777187221662573,0.5039072103252841,0.27722772277227725,0.4946291985367476,0.32558139534883723,0.6052325581395317,0.8403614457831325,0.9096385542168675,0.24,0.42857142857142855,0.9085108384221341,0.9463087248322147,0.07830012856505768,0.10176663457814367,0.7946666666666666,0.864,0.5965256374334548,0.7476989352759875,0.6511627906976745,0.14913766086101532,0.37209302325581395,0.2178322821855545,0.20930232558139536,0.3130621612071991
local-only (lower bound),eICU_Hospital_458,0.7987531521434575,0.3888832046685882,0.39694656488549623,0.6046511627906976,0.8132530120481928,0.29545454545454547,0.9407665505226481,0.7893333333333333,0.7089520874194453,0.0864424097456487,0.1663823127746582,375,43,0.11466666666666667,0.125,0.4184365018317182,1.1456779125338856,0.02362935937941074,validation,0.7232347996637712,0.8690126786214626,0.28112908166772305,0.5322485527286462,0.3076923076923077,0.4873949579831933,0.46511627906976744,0.7441860465116279,0.7710843373493976,0.8554216867469879,0.2282505503577325,0.36843671679197987,0.9201388888888888,0.961271003212256,0.07820149304794938,0.09427549658685884,0.7466666666666667,0.8293333333333334,0.6320748108713925,0.7847602619781451,0.6046511627906976,0.1617165356874466,0.46511627906976744,0.22768059372901917,0.27906976744186046,0.2981507480144501
federated fedadam,eICU_Hospital_443,0.7447840531561462,0.30943890573475913,0.3518518518518519,0.4418604651162791,0.8685714285714285,0.2923076923076923,0.926829268292683,0.821882951653944,0.6552159468438539,0.09383351946775936,0.21563152968883514,393,43,0.10941475826972011,0.2711864406779661,1.308846590399571,0.4428471762830367,0.05343359843287548,validation,0.6675730897009967,0.8169003322259135,0.2120641898481281,0.4432641897913849,0.24528301886792447,0.45161290322580644,0.3023255813953488,0.5813953488372093,0.8342857142857143,0.9028571428571428,0.20588235294117646,0.38336538461538444,0.9088143507101757,0.9442724458204335,0.08083027313984605,0.10837751584984065,0.7862595419847328,0.8575063613231552,0.5795141196013289,0.7278405315614618,0.4883720930232558,0.14851237833499908,0.37209302325581395,0.25196710228919983,0.27906976744186046,0.3811682164669037
local-only (lower bound),eICU_Hospital_443,0.6826578073089701,0.2892212996703085,0.25396825396825395,0.18604651162790697,0.9657142857142857,0.4,0.9061662198391421,0.8804071246819338,0.5758803986710963,0.09970851467361576,0.5071738958358765,393,43,0.10941475826972011,0.25,0.7686009933392626,0.41620452516450396,0.0641512548895766,validation,0.5916943521594684,0.7676528239202657,0.19235681899435175,0.41727703992555687,0.11538461538461539,0.39393939393939387,0.06976744186046512,0.3023255813953488,0.9457142857142857,0.9828571428571429,0.21419172932330827,0.6,0.8954423592493298,0.918918918918919,0.08640585332183068,0.11288300596348379,0.8600508905852418,0.9007633587786259,0.5236544850498339,0.6368770764119601,0.4883720930232558,0.1913464367389679,0.3023255813953488,0.30543652176856995,0.18604651162790697,0.3993467092514038
federated fedadam,eICU_Hospital_243,0.7954320654617391,0.3628373961780589,0.27906976744186046,0.5454545454545454,0.7685459940652819,0.1875,0.9452554744525548,0.7486486486486487,0.6570002697599137,0.06962886124430949,0.11160268634557724,370,33,0.0891891891891892,0.16666666666666666,0.6395202915646525,1.1524541503264212,0.01807468063135103,validation,0.7306806941821778,0.8594550849743727,0.23806792054879805,0.519075459179567,0.1946902654867257,0.3597358179030545,0.36363636363636365,0.696969696969697,0.7240356083086054,0.8130563798219584,0.13251875426233237,0.24468085106382978,0.925260231316726,0.9640320002062865,0.061997784618007465,0.07642225625474636,0.7054054054054054,0.7918918918918919,0.5663980307526302,0.7431436021940474,0.48484848484848486,0.12257140129804611,0.30303030303030304,0.16678184270858765,0.2727272727272727,0.21925567090511322
local-only (lower bound),eICU_Hospital_243,0.7428288822947577,0.23398633510921124,0.3137254901960784,0.48484848484848486,0.8427299703264095,0.2318840579710145,0.9435215946843853,0.8108108108108109,0.6637892275874472,0.07569492704826372,0.14070497453212738,370,33,0.0891891891891892,0.0,0.2740896160491313,0.9995384551842721,0.009181999994089477,validation,0.6570339897491233,0.8222304648862512,0.1643635700874947,0.3836240971052534,0.21153846153846154,0.41122869708631116,0.3333333333333333,0.6363636363636364,0.8041543026706232,0.8813056379821959,0.15492957746478872,0.31035647716682196,0.9261744966442953,0.9609152248403062,0.07004608848094672,0.08124836138286663,0.7702702702702703,0.8486486486486486,0.5776458951533135,0.7481420285945508,0.48484848484848486,0.1129264160990715,0.3333333333333333,0.1723618507385254,0.24242424242424243,0.23596902191638947
federated fedadam,eICU_Hospital_338,0.7923322683706071,0.33126844643155845,0.2790697674418604,0.2727272727272727,0.952076677316294,0.2857142857142857,0.9490445859872612,0.9074626865671642,0.6124019750217833,0.05324464366148743,0.17507030069828033,335,22,0.06567164179104477,0.08695652173913043,0.7144438597501561,1.0573434932340753,0.012781956593971695,validation,0.6834011036886437,0.881952512343886,0.1876366930458442,0.5343986141520242,0.10256410256410256,0.44455782312925113,0.09090909090909091,0.45454545454545453,0.9297124600638977,0.9744408945686901,0.11764705882352941,0.47368421052631576,0.9371069182389937,0.9615384615384616,0.046530648977481666,0.0591919319949211,0.8835074626865672,0.9313432835820895,0.5214928841126925,0.706505954109788,0.6363636363636364,0.07021087408065796,0.36363636363636365,0.121458500623703,0.2727272727272727,0.15118849277496338
local-only (lower bound),eICU_Hospital_338,0.726982282892826,0.2349073041591019,0.22727272727272727,0.45454545454545453,0.8210862619808307,0.15151515151515152,0.9553903345724907,0.7970149253731343,0.6378158582631426,0.060272798899253376,0.09559408575296402,335,22,0.06567164179104477,0.08333333333333333,0.7413890678055854,0.5838765060968233,0.0316687268701924,validation,0.6151212605286088,0.8251633749636944,0.12117253280790416,0.4231756906864604,0.1219512195121951,0.3250145348837208,0.22727272727272727,0.6363636363636364,0.7763578274760383,0.8626198083067093,0.08196721311475409,0.21819602272727265,0.9381818181818182,0.9712230215827338,0.05191431129085285,0.06798443811067038,0.7522388059701492,0.835820895522388,0.5257769387162359,0.7446993900668022,0.45454545454545453,0.08637234568595886,0.22727272727272727,0.21347087621688843,0.18181818181818182,0.35987454652786255
federated fedadam,eICU_Hospital_252,0.8249721293199554,0.4597277542765935,0.43609022556390975,0.6904761904761905,0.7926421404682275,0.31868131868131866,0.948,0.7800586510263929,0.7415591654722089,0.0859215392679338,0.1705140769481659,341,42,0.12316715542521994,0.1702127659574468,0.6378896388978317,1.1924546244126835,0.030019930170581313,validation,0.7580785156872113,0.8839026915113872,0.3409403527644093,0.5911800263478333,0.3552631578947368,0.5151633522727272,0.5476190476190477,0.8101190476190444,0.745819397993311,0.8394648829431438,0.25662367796244334,0.3875,0.9259259259259259,0.9692424242424241,0.07677438597191623,0.09529949916441813,0.7360703812316716,0.8211876832844571,0.668458353240962,0.8111164198120719,0.6428571428571429,0.17668883502483368,0.5,0.24528168141841888,0.38095238095238093,0.30806538462638855
local-only (lower bound),eICU_Hospital_252,0.780060519190954,0.3878675224257727,0.411214953271028,0.5238095238095238,0.8561872909698997,0.3384615384615385,0.927536231884058,0.8152492668621701,0.6899984073897117,0.09453370041778628,0.20841675996780396,341,42,0.12316715542521994,0.22641509433962265,0.4985486307202709,0.891538592960817,0.04323783135615137,validation,0.7078893932154802,0.8446468386685778,0.2768628514925854,0.5196015175181294,0.3090909090909091,0.5185185185185185,0.38095238095238093,0.6666666666666666,0.8160535117056856,0.8929765886287625,0.2571428571428571,0.4328482587064676,0.9065743944636678,0.9490909090909091,0.08370701012255326,0.10542863072727743,0.7770527859237536,0.8533724340175953,0.6135481366459627,0.7666427775123428,0.6428571428571429,0.17404791712760925,0.3333333333333333,0.27832645177841187,0.19047619047619047,0.37819135189056396
federated fedadam,eICU_Hospital_208,0.7808030803080308,0.3494434834895498,0.30769230769230765,0.2222222222222222,0.9735973597359736,0.5,0.913312693498452,0.8938053097345132,0.5979097909790979,0.08355534094309047,0.38032859563827515,339,36,0.10619469026548672,0.19047619047619047,0.8619617534142408,0.775512881949593,0.025716467981400506,validation,0.694249633296663,0.8518587275394206,0.23824849579831148,0.5015700444837317,0.1394556025369979,0.45283018867924524,0.08333333333333333,0.3611111111111111,0.9537953795379538,0.9900990099009901,0.26666666666666666,0.75,0.9003021148036254,0.9274447949526814,0.0740488160775514,0.09439156670509843,0.8702064896755162,0.9144542772861357,0.5334158415841584,0.6657040704070407,0.5833333333333334,0.13628815114498138,0.4444444444444444,0.21777451038360596,0.25,0.2909777760505676
local-only (lower bound),eICU_Hospital_208,0.7327649431609827,0.21490777921636334,0.27272727272727276,0.3333333333333333,0.8679867986798679,0.23076923076923078,0.9163763066202091,0.8112094395280236,0.6006600660066006,0.09100951712918763,0.2150084525346756,339,36,0.10619469026548672,0.0,0.13400708017543295,0.9133852316113213,0.026580059373405133,validation,0.6498624862486247,0.8056586908690868,0.16380016573293146,0.32506705620162424,0.15730337078651685,0.386381964809384,0.19444444444444445,0.5,0.8283828382838284,0.9042904290429042,0.13636363636363635,0.3333333333333333,0.8989537604246595,0.9345454545454546,0.08457434578527331,0.0978592055576967,0.7728613569321534,0.8495575221238938,0.5229476072607261,0.6800226897689767,0.5277777777777778,0.16919265687465668,0.2222222222222222,0.2444208562374115,0.08333333333333333,0.2995700538158417
federated fedadam,eICU_Hospital_122,0.8245339881683224,0.5439135866482324,0.40384615384615385,0.6774193548387096,0.8200692041522492,0.2876712328767123,0.9595141700404858,0.80625,0.7487442794954794,0.06252123944530286,0.1286771446466446,320,31,0.096875,0.4186046511627907,0.8363932231402562,0.9708008680270933,0.031759002344915646,validation,0.7353499274472598,0.9011189864940284,0.38223150650150445,0.7026877334110112,0.30608843537414965,0.4952424639580602,0.5161290322580645,0.8387096774193549,0.7750865051903114,0.8615916955017301,0.21621621621621623,0.3620752123938031,0.9387755102040817,0.9793388429752066,0.05000703179389588,0.07568505932813813,0.7625,0.846875,0.6577184953677866,0.8311195445920303,0.6774193548387096,0.10654743015766144,0.5161290322580645,0.18084560334682465,0.4838709677419355,0.19229058921337128
local-only (lower bound),eICU_Hospital_122,0.8532202254715928,0.5211714467993531,0.4615384615384615,0.7741935483870968,0.8304498269896193,0.3287671232876712,0.97165991902834,0.825,0.8023216876883581,0.06873196766854797,0.1413831263780594,320,31,0.096875,0.12121212121212122,0.3526815426073915,1.7232797162762707,0.03435406231146772,validation,0.768721397477397,0.9254408974215873,0.3774713912951401,0.6829209131333621,0.3711149293623521,0.5490303813833224,0.6129032258064516,0.9032258064516129,0.7854671280276817,0.8719723183391004,0.2602739726027397,0.40298507462686567,0.9529365446966187,0.9879530120481927,0.06109040138605611,0.07604174007771176,0.78125,0.865625,0.7199464225918071,0.8737582319455296,0.7741935483870968,0.1406857818365097,0.5161290322580645,0.1884009838104248,0.41935483870967744,0.2220527082681656
federated fedadam,eICU_Hospital_167,0.9016927083333334,0.603665136406122,0.5671641791044775,0.6333333333333333,0.9296875,0.5135135135135135,0.9558232931726908,0.8986013986013986,0.7815104166666667,0.0679321390861663,0.20538440346717834,286,30,0.1048951048951049,0.18181818181818182,0.6097423240236961,1.8918122773958792,0.04234659090358114,validation,0.8401009114583333,0.9492252604166667,0.45593002858261894,0.7614498876984421,0.4323908523908524,0.6885528547201806,0.43333333333333335,0.8,0.8984375,0.95703125,0.3877203153988868,0.65625,0.9348659003831418,0.975609756097561,0.059255505529032776,0.07605467875843837,0.8636363636363636,0.9300699300699301,0.6921647135416666,0.86875,0.8333333333333334,0.14623697102069855,0.7,0.17795106768608093,0.4666666666666667,0.25419190526008606
local-only (lower bound),eICU_Hospital_167,0.846875,0.48344495461045356,0.4666666666666667,0.4666666666666667,0.9375,0.4666666666666667,0.9375,0.8881118881118881,0.7020833333333334,0.07521678993318241,0.21900033950805664,286,30,0.1048951048951049,0.06451612903225806,0.37888828629730975,1.6469895887571422,0.026835071440734024,validation,0.7749967447916668,0.9118684895833332,0.33014790948572176,0.6681977291168864,0.3076271186440678,0.6153846153846153,0.3,0.6666666666666666,0.90625,0.96484375,0.32142857142857145,0.631578947368421,0.9176389532190828,0.9591878214700513,0.06675865679904228,0.08348659019656421,0.8531468531468531,0.9195804195804196,0.6079427083333333,0.7962239583333333,0.6666666666666666,0.1307726949453354,0.5666666666666667,0.17575512826442719,0.43333333333333335,0.24400974810123444
federated fedadam,eICU_Hospital_199,0.8265873015873016,0.5952779847529015,0.5507246376811593,0.6333333333333333,0.9206349206349206,0.48717948717948717,0.9547325102880658,0.8900709219858156,0.7769841269841269,0.06920350693568589,0.21388311684131622,282,30,0.10638297872340426,0.23529411764705882,0.5823974774328913,1.2476147915402418,0.041229033164831924,validation,0.728835978835979,0.9117791005291005,0.45011752808627686,0.7581087438365933,0.4266557377049181,0.676470588235294,0.4666666666666667,0.8,0.8887896825396825,0.9523809523809523,0.37138198757763974,0.6250892857142852,0.9354838709677419,0.9748953974895398,0.05881032369152399,0.07984676431603083,0.8546099290780141,0.9219858156028369,0.6936507936507936,0.8623015873015873,0.7,0.13346251845359802,0.6666666666666666,0.2051570564508438,0.5666666666666667,0.2616216242313385
local-only (lower bound),eICU_Hospital_199,0.7825396825396825,0.35427925136122707,0.4,0.4666666666666667,0.8968253968253969,0.35,0.9338842975206612,0.851063829787234,0.6817460317460318,0.08225143789460192,0.20015443861484528,282,30,0.10638297872340426,0.0,0.4711216196065897,1.0583327264913298,0.010961073440836465,validation,0.6895337301587302,0.8669378306878307,0.24318792290081284,0.5441228724532695,0.2647058823529412,0.5405984555984552,0.3,0.6333333333333333,0.8571428571428571,0.9325396825396826,0.22916666666666666,0.47834138486312355,0.9145207439198855,0.9547325102880658,0.07409629662531232,0.09034773557889073,0.8085106382978723,0.8866134751773044,0.593640873015873,0.7757936507936507,0.6,0.15350301563739777,0.4666666666666667,0.1995317041873932,0.3,0.30214762687683105
federated fedadam,eICU_Hospital_281,0.8386768447837151,0.2841106411512873,0.38095238095238093,0.5333333333333333,0.9274809160305344,0.2962962962962963,0.972,0.9061371841155235,0.7304071246819339,0.04612645816396889,0.1095990538597107,277,15,0.05415162454873646,0.0,0.5692952062508776,1.5601807717373994,0.015836086003563704,validation,0.7248854961832061,0.9341094147582696,0.16938259006808923,0.5489575075740338,0.2173619271445358,0.5455681818181811,0.26666666666666666,0.8,0.8969465648854962,0.9580152671755725,0.17130952380952383,0.4445402298850569,0.95703125,0.9877049180327869,0.042774605650645656,0.049160082772737285,0.8736462093862816,0.9386281588447654,0.6008905852417302,0.8599236641221375,0.8,0.08012126386165619,0.4666666666666667,0.11272972077131271,0.4,0.11783739179372787
local-only (lower bound),eICU_Hospital_281,0.7559796437659034,0.19975564506630616,0.27586206896551724,0.5333333333333333,0.8664122137404581,0.18604651162790697,0.9700854700854701,0.8483754512635379,0.6998727735368957,0.04878936974148041,0.08983876556158066,277,15,0.05415162454873646,0.0,0.09711937498275658,1.8017102079547582,0.01770121717845705,validation,0.6096692111959288,0.8806933842239185,0.11089116654695622,0.42243213915398914,0.15625,0.4,0.26666666666666666,0.8,0.8244274809160306,0.9045801526717557,0.10416666666666667,0.2765957446808511,0.9543568464730291,0.9868995633187773,0.04696082411687052,0.05070841553961357,0.8050541516245487,0.8880866425992779,0.572264631043257,0.8312977099236641,0.6,0.08135469257831573,0.3333333333333333,0.10180549323558807,0.2,0.12076923996210098
federated fedadam,eICU_Hospital_449,0.8718847352024922,0.4298445928986294,0.4230769230769231,0.4583333333333333,0.9205607476635514,0.39285714285714285,0.9380952380952381,0.8739495798319328,0.6894470404984424,0.07289649970985496,0.2564736604690552,238,24,0.10084033613445378,0.30303030303030304,1.3284169978965954,0.7720434865757424,0.03491208532505582,validation,0.8066345404984424,0.926791277258567,0.3050948069313531,0.643315324969766,0.260829307568438,0.576923076923077,0.25,0.6666666666666666,0.883177570093458,0.9532710280373832,0.25,0.5652173913043478,0.9170506912442397,0.9604009169389844,0.05669130534335385,0.0894625784333439,0.8361344537815126,0.9117647058823529,0.5899532710280374,0.7891355140186915,0.7916666666666666,0.11217494308948517,0.4583333333333333,0.20566879212856293,0.4166666666666667,0.37511351704597473
local-only (lower bound),eICU_Hospital_449,0.7702492211838007,0.34543485000748636,0.30927835051546393,0.625,0.7289719626168224,0.2054794520547945,0.9454545454545454,0.7184873949579832,0.6769859813084111,0.08039615147859022,0.13907340168952942,238,24,0.10084033613445378,0.0,0.4673835740592449,0.9074913150445455,0.01997454208517525,validation,0.6629526869158878,0.8691734813084111,0.21542776847733153,0.5384190134864802,0.21999999999999997,0.39999999999999997,0.4166666666666667,0.7916666666666666,0.6727803738317757,0.7897196261682243,0.14665853658536585,0.27119249394673123,0.919538301319139,0.9714406099518458,0.071050003291012,0.09035861837539533,0.6638655462184874,0.773109243697479,0.577297507788162,0.7764846183800622,0.5416666666666666,0.16924983263015747,0.4166666666666667,0.2462746798992157,0.25,0.31968459486961365
federated fedadam,eICU_Hospital_176,0.8003159557661927,0.5780566124809858,0.44,0.7333333333333333,0.8862559241706162,0.3142857142857143,0.9790575916230366,0.8761061946902655,0.8097946287519747,0.045640632505923304,0.11978820711374283,226,15,0.06637168141592921,0.23529411764705882,0.5510865051886791,1.158970045020708,0.029549552910431674,validation,0.6347156398104263,0.9456635071090047,0.3577296975539259,0.8074903042417197,0.3076923076923077,0.5714285714285714,0.5333333333333333,0.9333333333333333,0.8436018957345972,0.9241706161137441,0.21621621621621623,0.42857142857142855,0.9625567278508455,0.9947368421052631,0.03600183171678588,0.05484261251800675,0.831858407079646,0.915929203539823,0.6932069510268563,0.9145339652448657,0.6666666666666666,0.1260850876569748,0.6666666666666666,0.1260850876569748,0.4666666666666667,0.19814805686473846
local-only (lower bound),eICU_Hospital_176,0.8211690363349131,0.3578970988930637,0.3829787234042553,0.6,0.8909952606635071,0.28125,0.9690721649484536,0.8716814159292036,0.7454976303317535,0.05174620742296614,0.11789784580469131,226,15,0.06637168141592921,0.0,0.5474510918071585,1.2492716161568869,0.03390198756025824,validation,0.674565560821485,0.9365007898894154,0.21077306640564897,0.6512559325232632,0.24380487804878045,0.5306122448979592,0.3333333333333333,0.8666666666666667,0.8483412322274881,0.9289099526066351,0.17497282608695652,0.4074074074074074,0.9507389162561576,0.9893617021276596,0.04421026276231841,0.05898779210192715,0.827433628318584,0.911504424778761,0.6240126382306477,0.8740916271721959,0.6666666666666666,0.07810799777507782,0.5333333333333333,0.12275509536266327,0.4,0.2073441743850708
federated fedadam,eICU_Hospital_188,0.8305966064586754,0.40927719353277414,0.3870967741935484,0.3333333333333333,0.9655172413793104,0.46153846153846156,0.9423076923076923,0.9140271493212669,0.6494252873563219,0.06375339079686163,0.33445727825164795,221,18,0.08144796380090498,0.24,0.784990235979901,0.8964829438658,0.033953833540852026,validation,0.7358990147783251,0.9110700602079912,0.24925623837565297,0.6171832275134735,0.1764066496163683,0.6,0.1111111111111111,0.5555555555555556,0.9359605911330049,0.9852216748768473,0.23076923076923078,0.7272727272727273,0.9262587472264892,0.9611650485436893,0.05062263645281873,0.0762555423249803,0.8868778280542986,0.9411764705882353,0.5505678708264915,0.7654625068418173,0.5555555555555556,0.1659071147441864,0.4444444444444444,0.21466894447803497,0.3333333333333333,0.34729689359664917
local-only (lower bound),eICU_Hospital_188,0.7791461412151068,0.24434971670267408,0.13333333333333333,0.1111111111111111,0.9507389162561576,0.16666666666666666,0.9234449760765551,0.8823529411764706,0.5309250136836343,0.0689246196531706,0.2693358361721039,221,18,0.08144796380090498,0.0,0.40043653710304383,0.9697904739265947,0.028609512942712505,validation,0.6507936507936508,0.8878078817733991,0.16917774592887636,0.42481926179710156,0.0,0.30314685314685247,0.0,0.2777777777777778,0.9211822660098522,0.9802955665024631,0.0,0.4,0.9134615384615384,0.9368932038834952,0.06167907116139955,0.07623291996548802,0.8506787330316742,0.9095022624434389,0.46798029556650245,0.6142583470169677,0.6111111111111112,0.12929481267929077,0.3888888888888889,0.187929168343544,0.1111111111111111,0.26780250668525696
federated fedadam,eICU_Hospital_416,0.8280689160086145,0.2996337198032174,0.30769230769230765,0.2857142857142857,0.9597989949748744,0.3333333333333333,0.9502487562189055,0.9154929577464789,0.6227566403445801,0.05566140471826106,0.18531103432178497,213,14,0.06572769953051644,0.125,0.4852459757447072,1.0793417358634996,0.015309585583015853,validation,0.7318557071069635,0.9077530509691314,0.16031370624038835,0.5394251330118836,0.08695652173913043,0.5384615384615384,0.07142857142857142,0.5714285714285714,0.9296482412060302,0.9849246231155779,0.1111111111111111,0.625,0.9362745098039216,0.9690721649484536,0.04656497956778216,0.06336139345784073,0.8873239436619719,0.9436619718309859,0.5156137832017229,0.7580760947595118,0.5714285714285714,0.09426654130220413,0.35714285714285715,0.12157806009054184,0.2857142857142857,0.167756125330925
local-only (lower bound),eICU_Hospital_416,0.8463747307968414,0.3179952019806668,0.4117647058823529,0.5,0.9346733668341709,0.35,0.9637305699481865,0.9061032863849765,0.7173366834170855,0.05321472186678538,0.24909253418445587,213,14,0.06572769953051644,0.0,0.5380217043986169,1.0167225071199086,0.033711819644982405,validation,0.7573492462311557,0.9289303661162958,0.19070915390503504,0.5881166902534203,0.21428571428571427,0.6000000000000001,0.21428571428571427,0.7857142857142857,0.8994974874371859,0.964824120603015,0.18744212962962964,0.5334615384615378,0.9447236180904522,0.983957219251337,0.045030188367908404,0.06180419244025309,0.8685446009389671,0.9389671361502347,0.5795046661880833,0.8551687006460875,0.6428571428571429,0.05581441894173622,0.5714285714285714,0.23652641475200653,0.42857142857142855,0.2508634030818939
federated fedadam,Neuro Surgical Intensive Care Unit (Neuro SICU),0.8707508878741755,0.7249444348813179,0.72,0.8333333333333334,0.821917808219178,0.6338028169014085,0.9302325581395349,0.825,0.8276255707762556,0.12454035391791284,0.3275162875652313,200,54,0.27,0.5833333333333334,1.0346805526378695,0.8460197959362747,0.08351029676749021,validation,0.812525367833587,0.9204718417047184,0.6205806668287288,0.8262734575441522,0.64,0.7933949888495342,0.7222222222222222,0.9259259259259259,0.7602739726027398,0.8835616438356164,0.5542127971344839,0.7272727272727273,0.8897623320981936,0.9682539682539683,0.1002735198331353,0.15102044328821776,0.77,0.875,0.7656012176560122,0.883196981227803,0.8333333333333334,0.3181450068950653,0.5185185185185185,0.4806583821773529,0.3888888888888889,0.6087290048599243
local-only (lower bound),Neuro Surgical Intensive Care Unit (Neuro SICU),0.8458904109589042,0.6769192137242926,0.6363636363636364,0.7777777777777778,0.7534246575342466,0.5384615384615384,0.9016393442622951,0.76,0.7656012176560122,0.13474598715034272,0.2540809214115143,200,54,0.27,0.6486486486486487,0.5626112856497076,0.8654802396780543,0.07204296269454062,validation,0.7824676560121766,0.90576166920345,0.5631002486419006,0.8047556566558446,0.5581395348837209,0.7166666666666667,0.6666666666666666,0.8888888888888888,0.678082191780822,0.8287671232876712,0.4634146341463415,0.6282142857142856,0.8571428571428571,0.9482758620689655,0.10616336277078242,0.16350172148526554,0.7,0.82,0.6997716894977168,0.8300608828006086,0.7222222222222222,0.37902072072029114,0.5925925925925926,0.5541620254516602,0.2962962962962963,0.7193354368209839
federated fedadam,eICU_Hospital_283,0.8654301499605368,0.3120673715729546,0.43750000000000006,0.5,0.9392265193370166,0.3888888888888889,0.96045197740113,0.9076923076923077,0.7196132596685083,0.06141627042461512,0.18531103432178497,195,14,0.07179487179487179,0.0,0.5227739326070187,0.9632597146872128,0.024642085694731804,validation,0.7924230465666929,0.9329321231254932,0.19648722873671173,0.5887542706498797,0.22857142857142854,0.6428571428571429,0.21428571428571427,0.7857142857142857,0.9005524861878453,0.9723756906077348,0.21052631578947367,0.6,0.9402173913043478,0.9825581395348837,0.04939596452457821,0.07499513749114421,0.8666666666666667,0.9435897435897436,0.585043409629045,0.8597079715864246,0.6428571428571429,0.12241896986961365,0.35714285714285715,0.20408029854297638,0.2857142857142857,0.253147155046463
local-only (lower bound),eICU_Hospital_283,0.755327545382794,0.2673360487827514,0.25,0.21428571428571427,0.9613259668508287,0.3,0.9405405405405406,0.9076923076923077,0.5878058405682715,0.06117647123266541,0.18416373431682587,195,14,0.07179487179487179,0.0,0.39712811407129145,1.1563129755424313,0.010671109195129994,validation,0.6203531965272298,0.8835832675611681,0.13972069437433884,0.5385942041666308,0.0,0.4799999999999999,0.0,0.42857142857142855,0.9337016574585635,0.988950276243094,0.0,0.625,0.9270833333333334,0.9565276145710928,0.05552859897472465,0.06635831824087819,0.8769230769230769,0.9384615384615385,0.49171270718232046,0.7005426203630619,0.5,0.11780256778001785,0.35714285714285715,0.14424251019954681,0.2857142857142857,0.18327870965003967
federated fedadam,eICU_Hospital_394,0.8679536679536679,0.39662169910290207,0.3703703703703704,0.35714285714285715,0.9567567567567568,0.38461538461538464,0.9516129032258065,0.914572864321608,0.656949806949807,0.055373289614870806,0.18531103432178497,199,14,0.07035175879396985,0.13333333333333333,0.1977630188684789,1.7061655422083637,0.04965641755311184,validation,0.7571235521235522,0.9463416988416988,0.22998735768697012,0.6515114040241402,0.14814814814814817,0.5925925925925927,0.14285714285714285,0.6428571428571429,0.9243243243243243,0.9837837837837838,0.15384615384615385,0.6363636363636364,0.9354838709677419,0.9720709186840472,0.047559695189837214,0.06193583895511116,0.8793969849246231,0.9447236180904522,0.5416988416988417,0.791766409266409,0.7857142857142857,0.12467958778142929,0.42857142857142855,0.15890009701251984,0.2857142857142857,0.2048114836215973
local-only (lower bound),eICU_Hospital_394,0.7911196911196912,0.20002549572308131,0.20512820512820512,0.2857142857142857,0.8864864864864865,0.16,0.9425287356321839,0.8442211055276382,0.5861003861003862,0.06184429695062277,0.1739356964826584,199,14,0.07035175879396985,0.0,0.16487109959250734,1.1758808144127328,0.007122454032227023,validation,0.6922779922779922,0.8725868725868726,0.1332302463629584,0.39550085099736565,0.052631578947368425,0.3684210526315789,0.07142857142857142,0.5,0.8324324324324325,0.9297297297297298,0.041666666666666664,0.2916666666666667,0.9257142857142857,0.9606741573033708,0.057120583578494005,0.06644402316552682,0.7939698492462312,0.8844221105527639,0.47355212355212356,0.7094594594594594,0.42857142857142855,0.11585407704114914,0.21428571428571427,0.2134522944688797,0.21428571428571427,0.2134522944688797
federated fedadam,eICU_Hospital_417,0.8421052631578947,0.36745956074506736,0.3448275862068966,0.29411764705882354,0.9590643274853801,0.4166666666666667,0.9318181818181818,0.898936170212766,0.6265909872721018,0.07188297953878414,0.17920628190040588,188,17,0.09042553191489362,0.0,0.9287168499686707,1.345716312903372,0.030857992846459313,validation,0.7409614723082216,0.9236326109391125,0.23894149674128431,0.6119078636833949,0.137816091954023,0.5714285714285714,0.11764705882352941,0.5294117647058824,0.9298245614035088,0.9824561403508771,0.16666666666666666,0.6924999999999989,0.914760551948052,0.953757225433526,0.06440513240740195,0.07881493571620203,0.8670212765957447,0.9308510638297872,0.5295106639146886,0.7471620227038184,0.7058823529411765,0.0862404927611351,0.5294117647058824,0.1220584437251091,0.29411764705882354,0.154103085398674
local-only (lower bound),eICU_Hospital_417,0.6563467492260062,0.199735549757739,0.16666666666666666,0.11764705882352941,0.9707602339181286,0.2857142857142857,0.9171270718232044,0.8936170212765957,0.544203646370829,0.08003259163184494,0.19565995037555695,188,17,0.09042553191489362,0.0,0.5534374006640568,0.6481696911908903,0.021954656912984837,validation,0.5025369797041624,0.8001461988304093,0.11890924097415398,0.40660939874540686,0.0,0.37037037037037035,0.0,0.29411764705882354,0.9415204678362573,0.9941520467836257,0.0,0.6666666666666666,0.9060773480662984,0.9325842696629213,0.07462933458077399,0.08497689667909977,0.8670212765957447,0.9202127659574468,0.47953216374269003,0.632438940488476,0.29411764705882354,0.12460029125213623,0.23529411764705882,0.16000352799892426,0.17647058823529413,0.17054323852062225
federated fedadam,eICU_Hospital_411,0.8567630442007311,0.46698655368936975,0.5199999999999999,0.7647058823529411,0.8870056497175142,0.3939393939393939,0.9751552795031055,0.8762886597938144,0.8258557660352277,0.06657801692774269,0.13460692763328552,194,17,0.08762886597938144,0.0,0.2487650723978092,2.0135182769632767,0.043909806462926505,validation,0.7314722499169158,0.9524759056164839,0.2952517593608485,0.7002968650207562,0.3846153846153846,0.6530612244897959,0.5294117647058824,0.9411764705882353,0.8361581920903954,0.9322033898305084,0.2857142857142857,0.5333333333333333,0.9529411764705882,0.99375,0.059753393039015654,0.07338158324338306,0.8247422680412371,0.9226804123711341,0.7166417414423396,0.919740777666999,0.7647058823529411,0.12515152990818024,0.7058823529411765,0.1401778906583786,0.4117647058823529,0.18257053196430206
local-only (lower bound),eICU_Hospital_411,0.7620471917580591,0.24412516842680032,0.26229508196721313,0.47058823529411764,0.7966101694915254,0.18181818181818182,0.94,0.7680412371134021,0.6335992023928215,0.0740099801094503,0.14065977931022644,194,17,0.08762886597938144,0.0,0.35234424287880106,1.0854129764767464,0.023187051752831825,validation,0.650041542040545,0.8604353605849118,0.15481566775874,0.44932768933575556,0.13333333333333333,0.3859649122807018,0.23529411764705882,0.7058823529411765,0.7344632768361582,0.8531073446327684,0.09302325581395349,0.27502155172413784,0.9139072847682119,0.9666666666666667,0.06798427015179226,0.08024846646211435,0.7061855670103093,0.8247422680412371,0.5074775672981057,0.7608964772349617,0.4117647058823529,0.15092918276786804,0.35294117647058826,0.19017179310321808,0.23529411764705882,0.23920202255249023
federated fedadam,eICU_Hospital_197,0.7351190476190477,0.24156654795038554,0.18181818181818182,0.14285714285714285,0.9642857142857143,0.25,0.9310344827586207,0.9010989010989011,0.5535714285714286,0.06715558354403871,0.18531103432178497,182,14,0.07692307692307693,0.125,0.749600595095576,0.744454597977356,0.017730991371426277,validation,0.6003295068027211,0.8507759353741495,0.11917563161721662,0.4540650156858076,0.0,0.4138649425287353,0.0,0.35714285714285715,0.9345238095238095,0.9880952380952381,0.0,0.6,0.9195286027506477,0.947376070991432,0.05692805185000966,0.07559275506491599,0.8736263736263736,0.9285714285714286,0.47611607142857143,0.66078869047619,0.35714285714285715,0.11996681988239288,0.21428571428571427,0.15006983280181885,0.14285714285714285,0.20700742304325104
local-only (lower bound),eICU_Hospital_197,0.6679421768707483,0.16197027215250379,0.14814814814814817,0.14285714285714285,0.9345238095238095,0.15384615384615385,0.9289940828402367,0.8736263736263736,0.5386904761904762,0.0692617087573122,0.1296381652355194,182,14,0.07692307692307693,0.0,0.13758521623610465,1.1139195309041185,0.018417645389070876,validation,0.5072172619047619,0.8150829081632652,0.1019324895904987,0.33877348574275706,0.0,0.3333333333333333,0.0,0.35714285714285715,0.8928571428571429,0.9702380952380952,0.0,0.363920454545453,0.9171597633136095,0.9454545454545454,0.06604138365387566,0.07240031841422176,0.8351648351648352,0.9065934065934066,0.46130952380952384,0.6428571428571429,0.42857142857142855,0.11402743309736252,0.2857142857142857,0.12283254414796829,0.07142857142857142,0.14072665572166443
federated fedadam,eICU_Hospital_110,0.8060631229235881,0.2192916043440919,0.09523809523809523,0.07142857142857142,0.9651162790697675,0.14285714285714285,0.9273743016759777,0.8978494623655914,0.5182724252491695,0.06625291580570225,0.18531103432178497,186,14,0.07526881720430108,0.0,0.4032407396137856,1.0893740751242753,0.022788793772398945,validation,0.7014015780730898,0.8978405315614617,0.14869461373190726,0.4174844896742268,0.0,0.2857142857142857,0.0,0.21428571428571427,0.936046511627907,0.9883720930232558,0.0,0.5,0.9204545454545454,0.9385474860335196,0.05990012614597349,0.07229684305468542,0.8655913978494624,0.9247311827956989,0.47093023255813954,0.5955149501661129,0.5714285714285714,0.09383511543273926,0.35714285714285715,0.12963208556175232,0.07142857142857142,0.1773817241191864
local-only (lower bound),eICU_Hospital_110,0.8019102990033223,0.34757624807712073,0.26666666666666666,0.2857142857142857,0.9302325581395349,0.25,0.9411764705882353,0.8817204301075269,0.6079734219269103,0.06194978745591982,0.20150144398212433,186,14,0.07526881720430108,0.0,0.6978406615850368,1.0323785599106048,0.009634823076457022,validation,0.6893376245847176,0.8987022425249167,0.17004419321258196,0.5810990862592331,0.07142857142857142,0.4738421052631571,0.07142857142857142,0.5,0.8895348837209303,0.9651162790697675,0.07142857142857142,0.45454545454545453,0.9244186046511628,0.9593023255813954,0.0545304621598855,0.06934412632964412,0.8387096774193549,0.9193548387096774,0.4979235880398671,0.7267649501661128,0.5714285714285714,0.1088024154305458,0.35714285714285715,0.18976259231567383,0.21428571428571427,0.2692946791648865
federated fedadam,eICU_Hospital_248,0.8297604035308954,0.37799776378153954,0.26666666666666666,0.3076923076923077,0.9289617486338798,0.23529411764705882,0.9497206703910615,0.8877551020408163,0.6183270281630937,0.05639436938545096,0.18531103432178497,196,13,0.0663265306122449,0.3157894736842105,2.2048550910514138,0.5622828679328993,0.0403826731854848,validation,0.6994115174443043,0.9298129466162253,0.19193051191663188,0.6167637769945515,0.06896551724137931,0.4666666666666667,0.07692307692307693,0.5384615384615384,0.8907103825136612,0.9617486338797814,0.0625,0.4375,0.9333333333333333,0.967221976074435,0.04155264595113644,0.0714924837600146,0.8469387755102041,0.923469387755102,0.49747793190416145,0.7501103404791929,0.7692307692307693,0.056557636708021164,0.3076923076923077,0.15484412014484406,0.23076923076923078,0.4875238239765167
local-only (lower bound),eICU_Hospital_248,0.8549810844892812,0.267446665632367,0.20000000000000004,0.23076923076923078,0.9234972677595629,0.17647058823529413,0.9441340782122905,0.8775510204081632,0.5771332492643968,0.058739619506521665,0.2500901222229004,196,13,0.0663265306122449,0.13333333333333333,1.29203304060142,0.8108748697738118,0.036870535515734035,validation,0.7940311055065153,0.9104665825977302,0.15928764770278422,0.45962697644548656,0.0,0.38461538461538464,0.0,0.46153846153846156,0.8797814207650273,0.9617486338797814,0.0,0.35714285714285715,0.9289617486338798,0.96045197740113,0.04994341545505167,0.06721262002021766,0.8367346938775511,0.9132653061224489,0.4644808743169399,0.6952501050861707,0.6923076923076923,0.09178420901298523,0.23076923076923078,0.19744524359703064,0.07692307692307693,0.28411293029785156
federated fedadam,eICU_Hospital_300,0.8235294117647058,0.2625679307394733,0.10526315789473685,0.1,0.9529411764705882,0.1111111111111111,0.9473684210526315,0.9055555555555556,0.5264705882352941,0.04731840173982627,0.18531103432178497,180,10,0.05555555555555555,0.18181818181818182,1.0460895376340091,0.7976092196447162,0.02437814848146647,validation,0.7146911764705882,0.9117794117647058,0.12023071507004555,0.5107916509793881,0.0,0.3157894736842105,0.0,0.3,0.9176470588235294,0.9823529411764705,0.0,0.375,0.9404761904761905,0.9590643274853801,0.036851858614878004,0.055511003493273314,0.8722222222222222,0.9388888888888889,0.4647058823529412,0.6323529411764706,0.6,0.06908228993415833,0.4,0.11819058656692505,0.1,0.18598167598247528
local-only (lower bound),eICU_Hospital_300,0.7558823529411764,0.2158390090787148,0.18749999999999997,0.3,0.888235294117647,0.13636363636363635,0.9556962025316456,0.8555555555555555,0.5941176470588235,0.05096142199192391,0.14316818118095398,180,10,0.05555555555555555,0.0,0.16687964472909966,0.9719437834851724,0.010039601195603605,validation,0.6305735294117646,0.8647058823529412,0.08980815631292605,0.4463524761161799,0.0,0.37037037037037035,0.0,0.6,0.8411764705882353,0.9352941176470588,0.0,0.2777777777777778,0.9404761904761905,0.9743589743589743,0.046876393496068564,0.05484343555858135,0.8055555555555556,0.9,0.4675735294117647,0.7470588235294118,0.4,0.0803774893283844,0.2,0.15096692740917206,0.1,0.1722826510667801
federated fedadam,eICU_Hospital_413,0.6857429718875502,0.1505129513249194,0.16666666666666666,0.16666666666666666,0.9397590361445783,0.16666666666666666,0.9397590361445783,0.8876404494382022,0.5532128514056225,0.06401152956726841,0.18531103432178497,178,12,0.06741573033707865,0.0,1.040212924139384,0.47880229278423214,0.05074027216430162,validation,0.5547063253012048,0.8052208835341365,0.08550740440808187,0.37300861631406845,0.0,0.380952380952381,0.0,0.4166666666666667,0.9036144578313253,0.9759036144578314,0.0,0.4,0.927710843373494,0.9570552147239264,0.056721384203632604,0.06995920648004032,0.848314606741573,0.9213483146067416,0.463855421686747,0.6782128514056225,0.16666666666666666,0.08379583805799484,0.08333333333333333,0.22225947678089142,0.08333333333333333,0.22225947678089142
local-only (lower bound),eICU_Hospital_413,0.6556224899598394,0.2499740118822206,0.2962962962962963,0.3333333333333333,0.9337349397590361,0.26666666666666666,0.950920245398773,0.8932584269662921,0.6335341365461847,0.05936219217918848,0.2117120772600174,178,12,0.06741573033707865,0.14285714285714285,0.7945467369750254,0.5144917780018475,0.03840187062990716,validation,0.45732931726907633,0.8423694779116466,0.1120113133037702,0.5422710285850887,0.08333333333333333,0.500357142857141,0.08333333333333333,0.5833333333333334,0.891566265060241,0.9698795180722891,0.08333333333333333,0.5,0.9337349397590361,0.9695168144863267,0.04628612081163289,0.07262719523141177,0.8539325842696629,0.9325842696629213,0.5085341365461847,0.770657630522088,0.4166666666666667,0.1072990745306015,0.3333333333333333,0.16735219955444336,0.25,0.3338330388069153
federated fedadam,eICU_Hospital_183,0.72599451303155,0.23148913792151593,0.3125,0.5555555555555556,0.7777777777777778,0.21739130434782608,0.9402985074626866,0.7555555555555555,0.6666666666666667,0.09360328339488698,0.16853301227092743,180,18,0.1,0.14814814814814814,0.7586499580042569,0.49356620286694486,0.06387752757727867,validation,0.5946502057613169,0.8395061728395061,0.15153644246975065,0.4168395868053007,0.1851851851851852,0.4363636363636364,0.3333333333333333,0.7777777777777778,0.7160493827160493,0.8395061728395061,0.12962962962962962,0.3076923076923077,0.9097744360902256,0.9697026657552973,0.07511343196278782,0.11359538115197675,0.6944444444444444,0.8166666666666667,0.5432098765432098,0.7839506172839505,0.5,0.17249369621276855,0.3888888888888889,0.24297165870666504,0.05555555555555555,0.5873121023178101
local-only (lower bound),eICU_Hospital_183,0.6292866941015091,0.15711670398915378,0.2105263157894737,0.2222222222222222,0.9012345679012346,0.2,0.9125,0.8333333333333334,0.5617283950617284,0.09396647233279849,0.22993138432502747,180,18,0.1,0.0,0.36601656133641214,0.3929574779061742,0.06458196124941523,validation,0.4838820301783265,0.760656721536351,0.11029550151571824,0.2877274338301197,0.05405405405405406,0.3888888888888889,0.05555555555555555,0.4444444444444444,0.8518518518518519,0.9444444444444444,0.05263157894736842,0.38461538461538464,0.8944099378881988,0.9337857267340536,0.08343124587001817,0.1045807791777018,0.78875,0.8777777777777778,0.4722222222222222,0.6636574074074071,0.3333333333333333,0.1606520265340805,0.16666666666666666,0.2860162854194641,0.0,0.41941380500793457
federated fedadam,eICU_Hospital_148,0.764033264033264,0.5220067076900763,0.3888888888888889,0.5384615384615384,0.8918918918918919,0.30434782608695654,0.9565217391304348,0.8633540372670807,0.7151767151767152,0.056399034004180774,0.18531103432178497,161,13,0.08074534161490683,0.5714285714285714,0.8060399892070307,0.725509465418419,0.043221723116205445,validation,0.6023908523908523,0.9059381496881497,0.28278640914731684,0.77519520043881,0.21621621621621623,0.5642857142857133,0.3076923076923077,0.7692307692307693,0.8378378378378378,0.9391891891891891,0.1724137931034483,0.4666666666666667,0.9328846539116498,0.9790246212121212,0.03699519781225746,0.07522464300951304,0.8136645962732919,0.9130434782608695,0.5794893451143451,0.8521829521829518,0.5384615384615384,0.12094645202159882,0.46153846153846156,0.3115219175815582,0.46153846153846156,0.3115219175815582
local-only (lower bound),eICU_Hospital_148,0.7141372141372142,0.40007369665358206,0.4242424242424242,0.5384615384615384,0.9121621621621622,0.35,0.9574468085106383,0.8819875776397516,0.7253118503118503,0.06298783205712452,0.2515254020690918,161,13,0.08074534161490683,0.14285714285714285,0.46966228980380986,0.8218214274284534,0.024892985739785694,validation,0.526481288981289,0.8841346153846152,0.19653256863893748,0.6944469180405317,0.23518099547511312,0.6153846153846154,0.3076923076923077,0.7692307692307693,0.8648648648648649,0.9527027027027027,0.19230769230769232,0.5384615384615384,0.9347826086956522,0.9794555493430249,0.04832672016495339,0.07691201668016043,0.8322981366459627,0.9254658385093167,0.5917359667359667,0.8643775987525987,0.5384615384615384,0.12844158709049225,0.46153846153846156,0.2805953323841095,0.38461538461538464,0.3442786931991577
federated fedadam,eICU_Hospital_400,0.8259976525821596,0.5306020754625662,0.4918032786885246,0.625,0.8450704225352113,0.40540540540540543,0.9302325581395349,0.8132530120481928,0.7350352112676056,0.09511630345921009,0.23533184826374054,166,24,0.14457831325301204,0.42424242424242425,0.296743898747047,1.3256473342233714,0.05510652452954148,validation,0.715368251173709,0.9152288732394366,0.37069731060279193,0.7393600771240796,0.351339497392129,0.6229508196721311,0.4166666666666667,0.8333333333333334,0.7816901408450704,0.9014084507042254,0.28888888888888886,0.5405405405405406,0.8962962962962963,0.9658119658119658,0.07919444780022375,0.11130330261097403,0.7530120481927711,0.8674698795180723,0.6311473004694836,0.8359741784037559,0.7083333333333334,0.20819802582263947,0.5416666666666666,0.26856011152267456,0.3333333333333333,0.3641068935394287
local-only (lower bound),eICU_Hospital_400,0.7634976525821596,0.40317949830734434,0.3636363636363636,0.4166666666666667,0.852112676056338,0.3225806451612903,0.8962962962962963,0.7891566265060241,0.6343896713615024,0.10958589315319954,0.2576388120651245,166,24,0.14457831325301204,0.0,0.1238462139336991,1.3150332727285141,0.028447955252086536,validation,0.661656396713615,0.8553403755868545,0.2739156407286958,0.6001965499639006,0.2105263157894737,0.5246333045729075,0.20833333333333334,0.625,0.7887323943661971,0.9084507042253521,0.18914695945945947,0.47225877192982435,0.8650740025740026,0.9318181818181818,0.09889684764807542,0.12037475973934447,0.7289156626506024,0.8435240963855414,0.5333700117370892,0.7455985915492958,0.5833333333333334,0.2320508360862732,0.2916666666666667,0.30274876952171326,0.25,0.33181074261665344
federated fedadam,eICU_Hospital_365,0.7034013605442178,0.08857952598959794,0.0,0.0,0.9795918367346939,0.0,0.9664429530201343,0.9473684210526315,0.4897959183673469,0.03215881978498323,0.18531103432178497,152,5,0.03289473684210526,0.0,0.2206683614793712,0.539997696361209,0.011145244197809679,validation,0.3945578231292517,0.9006802721088436,0.04937318272258769,0.21254468847708377,0.0,0.0,0.0,0.0,0.9523809523809523,1.0,0.0,0.0,0.9655172413793104,0.9671052631578947,0.030537950210625175,0.03405207758112978,0.9210526315789473,0.9671052631578947,0.47619047619047616,0.5,0.6,0.05488036572933197,0.0,0.08752384036779404,0.0,0.08752384036779404
local-only (lower bound),eICU_Hospital_365,0.6965986394557823,0.13631020320291895,0.12500000000000003,0.2,0.9319727891156463,0.09090909090909091,0.9716312056737588,0.9078947368421053,0.5659863945578232,0.03154891779540009,0.043634459376335144,152,5,0.03289473684210526,0.0,0.002135001602107778,4.366363671757448,0.0004071325161739414,validation,0.3891156462585034,0.9306122448979592,0.04439443467463122,0.4988243990450578,0.0,0.37499999999999994,0.0,0.6,0.891156462585034,0.9727891156462585,0.0,0.3,0.9635036496350365,0.9858156028368794,0.031200070932555335,0.03192674824770074,0.868421052631579,0.9473684210526315,0.4489795918367347,0.7727891156462585,0.4,0.04032626003026962,0.2,0.04164959117770195,0.0,0.04636082053184509
federated fedadam,eICU_Hospital_142,0.8234126984126985,0.523063072098893,0.4918032786885246,0.625,0.8253968253968254,0.40540540540540543,0.9203539823008849,0.7933333333333333,0.7251984126984127,0.10478789177412282,0.25140199065208435,150,24,0.16,0.3125,0.6825009493637879,0.9375660325893239,0.04985957433780034,validation,0.7288029100529101,0.9074156746031745,0.36128316299612195,0.7244808574633321,0.3528895768833849,0.6206896551724139,0.4166666666666667,0.7916666666666666,0.753968253968254,0.8888888888888888,0.29411764705882354,0.5333333333333333,0.8818066255778121,0.9557522123893806,0.08429132420167498,0.1259309287652473,0.7266666666666667,0.8533333333333334,0.620014880952381,0.8214533730158728,0.625,0.21439339220523834,0.5416666666666666,0.3409503400325775,0.375,0.43938204646110535
local-only (lower bound),eICU_Hospital_142,0.7261904761904762,0.3895482291709915,0.37735849056603776,0.4166666666666667,0.8492063492063492,0.3448275862068966,0.8842975206611571,0.78,0.6329365079365079,0.12085403011372653,0.24124151468276978,150,24,0.16,0.08,0.2279297729910139,1.072550500025638,0.04443777328977984,validation,0.603505291005291,0.8323412698412698,0.25315488732779706,0.5800948003033493,0.2127659574468085,0.5263654419066531,0.20833333333333334,0.625,0.7777777777777778,0.9126984126984127,0.2068711967545639,0.5,0.8492063492063492,0.9210526315789473,0.10778705132936012,0.134650085013953,0.72,0.84,0.5287698412698413,0.7361111111111112,0.5416666666666666,0.20664560794830322,0.25,0.2931904196739197,0.16666666666666666,0.37515023350715637
federated fedadam,Neuro Stepdown,0.8445945945945946,0.133402995471961,0.2222222222222222,0.3333333333333333,0.9662162162162162,0.16666666666666666,0.9862068965517241,0.9536423841059603,0.6497747747747747,0.023286190168381276,0.18531103432178497,151,3,0.019867549668874173,0.0,1.7887971202212398,0.5709101191079301,0.024863410269141326,validation,0.6486486486486486,0.9752252252252253,0.05252525252525253,0.4444574551131928,0.0,0.5714285714285715,0.0,1.0,0.9391891891891891,0.9932432432432432,0.0,0.5,0.9790209790209791,1.0,0.016839830639709757,0.03097304617606287,0.9205298013245033,0.9801324503311258,0.47297297297297297,0.9763513513513513,0.3333333333333333,0.09644543379545212,0.3333333333333333,0.09644543379545212,0.3333333333333333,0.09644543379545212
local-only (lower bound),Neuro Stepdown,0.7162162162162162,0.05739538239538239,0.0,0.0,1.0,,0.9801324503311258,0.9801324503311258,0.5,0.01974350902372785,0.25194454193115234,151,3,0.019867549668874173,0.0,1.3261384600760016,0.49610809380831106,0.010660717429574702,validation,0.4570945945945946,0.9121621621621622,0.03160587732160313,0.1785768398268398,0.0,0.0,0.0,0.0,1.0,1.0,,,0.9801324503311258,0.9801324503311258,0.019306840638196973,0.020191743680297455,0.9801324503311258,0.9801324503311258,0.5,0.5,0.3333333333333333,0.01179362554103136,0.0,0.029425812885165215,0.0,0.029425812885165215
federated fedadam,eICU_Hospital_165,0.8007518796992481,0.3732852789875198,0.3243243243243243,0.42857142857142855,0.8721804511278195,0.2608695652173913,0.9354838709677419,0.8299319727891157,0.650375939849624,0.07585609993633978,0.18531103432178497,147,14,0.09523809523809523,0.3157894736842105,0.7289072727037325,0.8682525291328009,0.029845440572168872,validation,0.694938238453276,0.8984962406015037,0.20376983856365785,0.6237295809897576,0.14285714285714285,0.5000000000000001,0.14285714285714285,0.7142857142857143,0.8120300751879699,0.924812030075188,0.11759049773755656,0.42857142857142855,0.9083953562340966,0.9663865546218487,0.05945049220086265,0.09169248041886587,0.7687074829931972,0.8843537414965986,0.51875,0.7894736842105263,0.5714285714285714,0.15099018812179565,0.35714285714285715,0.1870564967393875,0.2857142857142857,0.34602227807044983
local-only (lower bound),eICU_Hospital_165,0.6901181525241675,0.2865813755444773,0.3529411764705882,0.42857142857142855,0.8947368421052632,0.3,0.937007874015748,0.8503401360544217,0.6616541353383458,0.08438267743306353,0.26710012555122375,147,14,0.09523809523809523,0.125,0.5689303953919116,0.4911410943811445,0.06478647027183704,validation,0.5284371643394199,0.8399570354457572,0.14644997119643263,0.5224606145154945,0.16666666666666663,0.5334615384615378,0.21428571428571427,0.7142857142857143,0.8421052631578947,0.9473684210526315,0.14814814814814814,0.4737468671679194,0.912,0.9663865546218487,0.06865633553216843,0.0991503672641733,0.7959183673469388,0.8979591836734694,0.537546992481203,0.7913533834586466,0.42857142857142855,0.23888050019741058,0.35714285714285715,0.27368777990341187,0.2857142857142857,0.33563482761383057
federated fedadam,eICU_Hospital_141,0.8585271317829457,0.39200635058478195,0.42857142857142855,0.5,0.9224806201550387,0.375,0.952,0.8865248226950354,0.7112403100775193,0.06630656599124575,0.18531103432178497,141,12,0.0851063829787234,0.0,0.7987305214113349,1.232012164995868,0.0565151894058048,validation,0.751921834625323,0.9379844961240309,0.233000785236422,0.6838193633249634,0.21428571428571427,0.6428571428571429,0.25,0.75,0.875968992248062,0.9612403100775194,0.2,0.5833333333333334,0.928,0.976,0.05585098096768665,0.07701202117715401,0.8368794326241135,0.9290780141843972,0.5746124031007752,0.8478682170542635,0.75,0.1297936588525772,0.4166666666666667,0.18661651015281677,0.25,0.22709693014621735
local-only (lower bound),eICU_Hospital_141,0.6892764857881137,0.18856207078726875,0.30769230769230765,0.3333333333333333,0.9224806201550387,0.2857142857142857,0.937007874015748,0.8723404255319149,0.627906976744186,0.07567412384783845,0.16747157275676727,141,12,0.0851063829787234,0.0,0.2763316338488524,0.8216843919237246,0.020775333522482124,validation,0.520671834625323,0.8443313953488372,0.11627929431206688,0.40417612042722045,0.08333333333333333,0.5384615384615384,0.08333333333333333,0.5833333333333334,0.875968992248062,0.9612403100775194,0.08333333333333333,0.5294117647058824,0.9147286821705426,0.9606299212598425,0.06905199636383169,0.08200381257267414,0.8226950354609929,0.9219858156028369,0.499031007751938,0.7645348837209303,0.5,0.11097566783428192,0.3333333333333333,0.1453360915184021,0.08333333333333333,0.20052333176136017
federated fedadam,eICU_Hospital_277,0.9267489711934157,0.4486346219592999,0.46153846153846156,0.6666666666666666,0.9185185185185185,0.35294117647058826,0.9763779527559056,0.9027777777777778,0.7925925925925925,0.04844335289574838,0.18531103432178497,144,9,0.0625,0.3076923076923077,0.8454439064867194,0.9566148617725877,0.05127405107406149,validation,0.8699588477366255,0.9720164609053499,0.2572776991526991,0.7370477351511833,0.25,0.6666666666666666,0.3333333333333333,0.8888888888888888,0.8666666666666667,0.9629629629629629,0.2,0.5384615384615384,0.9534883720930233,0.9923664122137404,0.03206472934015952,0.06704509882505605,0.8541666666666666,0.9444444444444444,0.6222222222222222,0.9259259259259258,0.8888888888888888,0.10767403990030289,0.6666666666666666,0.18153047561645508,0.3333333333333333,0.24520069360733032
local-only (lower bound),eICU_Hospital_277,0.9341563786008231,0.5238633094425056,0.631578947368421,0.6666666666666666,0.9703703703703703,0.6,0.9776119402985075,0.9513888888888888,0.8185185185185184,0.04311461428980669,0.23256921768188477,144,9,0.0625,0.0,0.8385690663006016,1.8938001536060527,0.03397315608082054,validation,0.8650205761316873,0.9843621399176954,0.3133978888180926,0.8348264389931057,0.3747159090909091,0.8421052631578948,0.3333333333333333,0.8888888888888888,0.9407407407407408,0.9925925925925926,0.36363636363636365,0.8888888888888888,0.9562043795620438,0.9925925925925926,0.035582145574127214,0.05106630725232376,0.9166666666666666,0.9791666666666666,0.6518518518518518,0.9407407407407407,0.7777777777777778,0.11181263625621796,0.7777777777777778,0.11181263625621796,0.6666666666666666,0.18725331127643585
federated fedadam,eICU_Hospital_217,0.7825854700854701,0.2869674565206262,0.380952380952381,0.5,0.8461538461538461,0.3076923076923077,0.9252336448598131,0.8045112781954887,0.6730769230769231,0.10617747400138389,0.20832844078540802,133,16,0.12030075187969924,0.18181818181818182,1.0400496872192833,0.547587597833056,0.06622131515648372,validation,0.6762820512820513,0.8739449786324786,0.20279897837916486,0.5131278186981238,0.2127659574468085,0.5454545454545454,0.25,0.75,0.7777777777777778,0.905982905982906,0.17391304347826086,0.45464015151515097,0.8921568627450981,0.9611650485436893,0.08322673838169246,0.13115434206258114,0.7368421052631579,0.8646616541353384,0.5480769230769231,0.7967414529914529,0.5,0.1640244722366333,0.1875,0.3414391577243805,0.125,0.46083199977874756
local-only (lower bound),eICU_Hospital_217,0.704594017094017,0.26090077564475916,0.23529411764705882,0.25,0.8803418803418803,0.2222222222222222,0.8956521739130435,0.8045112781954887,0.5651709401709402,0.10914683323797313,0.36779552698135376,133,16,0.12030075187969924,0.11764705882352941,0.8106945403406136,0.47765541224078173,0.09074109000910101,validation,0.5982638888888889,0.8087740384615384,0.15885907450011402,0.4454175236474563,0.06060606060606061,0.41379310344827586,0.0625,0.5,0.8205128205128205,0.9316239316239316,0.058823529411764705,0.4117647058823529,0.8706703812727783,0.9252336448598131,0.09218594536303767,0.12673563762336437,0.7443609022556391,0.8571428571428571,0.4628004807692308,0.6802884615384616,0.25,0.3733446002006531,0.125,0.3847760856151581,0.0625,0.4589310586452484
federated fedadam,eICU_Hospital_435,0.6841794569067297,0.206867315810304,0.24390243902439024,0.35714285714285715,0.8181818181818182,0.18518518518518517,0.9166666666666666,0.7703703703703704,0.5876623376623377,0.09227091032903058,0.18531103432178497,135,14,0.1037037037037037,0.0,0.69003170572589,0.5425667741467392,0.046849614451639356,validation,0.5489964580873672,0.8022579693034239,0.12978480247097032,0.43294604511422974,0.09297040169133193,0.4,0.14285714285714285,0.5714285714285714,0.7520661157024794,0.8842975206611571,0.0689080459770115,0.3181818181818182,0.8879290203029327,0.9473684210526315,0.08005972645773572,0.10409416512571608,0.7037037037037037,0.837037037037037,0.4639905548996458,0.7195985832349469,0.42857142857142855,0.16336031258106232,0.14285714285714285,0.24117620289325714,0.0,0.43989455699920654
local-only (lower bound),eICU_Hospital_435,0.6062573789846516,0.147577434539115,0.06666666666666667,0.07142857142857142,0.8760330578512396,0.0625,0.8907563025210085,0.7925925925925926,0.4737308146399055,0.09762889087035195,0.24707657098770142,135,14,0.1037037037037037,0.0,0.27328823516212397,0.39699174212354604,0.07753514334283493,validation,0.4574822904368359,0.7473435655253836,0.10733278446321166,0.2957585954822945,0.0,0.20689655172413796,0.0,0.21428571428571427,0.8099173553719008,0.9338842975206612,0.0,0.2,0.8782608695652174,0.9083333333333333,0.08704819398519835,0.10798694445691535,0.7333333333333333,0.8444444444444444,0.41735537190082644,0.557556080283353,0.14285714285714285,0.19212502241134644,0.07142857142857142,0.2528778612613678,0.0,0.3942035734653473
federated fedadam,eICU_Hospital_382,0.8161592505854801,0.5315835169972616,0.6153846153846153,0.5714285714285714,0.9836065573770492,0.6666666666666666,0.975609756097561,0.9612403100775194,0.7775175644028103,0.03929789545302708,0.18531103432178497,129,7,0.05426356589147287,0.25,1.5500226386796525,0.8405270311555816,0.015125570276187184,validation,0.566715456674473,0.976610070257611,0.22387024661632315,0.8785455736348584,0.26666666666666666,0.8750000000000001,0.2857142857142857,0.8571428571428571,0.9590163934426229,1.0,0.3333333333333333,1.0,0.9586776859504132,0.991869918699187,0.0258045834681713,0.04968073666365364,0.9302325581395349,0.9844961240310077,0.6182669789227166,0.9285714285714286,0.7142857142857143,0.04595929756760597,0.5714285714285714,0.07536253333091736,0.2857142857142857,0.19211997091770172
local-only (lower bound),eICU_Hospital_382,0.7950819672131146,0.24991493366323883,0.16666666666666666,0.14285714285714285,0.9672131147540983,0.2,0.9516129032258065,0.9224806201550387,0.5550351288056206,0.0479060159198085,0.25676828622817993,129,7,0.05426356589147287,0.0,1.2181353342230699,0.6637745913826547,0.0319344780747165,validation,0.6592505854800936,0.9239168618266977,0.10959256165137564,0.6272236712866965,0.0,0.4615384615384615,0.0,0.42857142857142855,0.9344262295081968,0.9918032786885246,0.0,0.6666666666666666,0.9426229508196722,0.967479674796748,0.037253318891010835,0.05801740204475761,0.8837209302325582,0.9534883720930233,0.4713114754098361,0.7019906323185011,0.42857142857142855,0.051328301429748535,0.14285714285714285,0.26164740324020386,0.14285714285714285,0.26164740324020386
federated fedadam,eICU_Hospital_390,0.8218457943925235,0.5996297108835583,0.48780487804878053,0.625,0.8598130841121495,0.4,0.9387755102040817,0.8292682926829268,0.7424065420560748,0.0837528557709085,0.2369844764471054,123,16,0.13008130081300814,0.4444444444444444,1.2281719414501668,0.6840189879047679,0.06396950897405765,validation,0.6752336448598131,0.9363463785046728,0.378401635649749,0.8019278499843897,0.3124652777777778,0.6511627906976744,0.375,0.875,0.7850467289719626,0.9252336448598131,0.25806451612903225,0.5652173913043478,0.900990099009901,0.978021978021978,0.058191540001546,0.11145625414672648,0.7640243902439025,0.8943089430894309,0.6080607476635513,0.8641939252336448,0.6875,0.15697912871837616,0.5625,0.30492156744003296,0.375,0.4070223271846771
local-only (lower bound),eICU_Hospital_390,0.7978971962616823,0.5825103667756593,0.43902439024390244,0.5625,0.8504672897196262,0.36,0.9285714285714286,0.8130081300813008,0.7064836448598131,0.090856532831144,0.2594967782497406,123,16,0.13008130081300814,0.48,0.879426697580147,0.7507661987432992,0.062496014569727025,validation,0.6536068925233646,0.9123977803738317,0.362424851270414,0.7867749012230967,0.2564102564102564,0.6046511627906976,0.3125,0.8125,0.7850467289719626,0.9158878504672897,0.21428571428571427,0.5238095238095238,0.89,0.9674000701262271,0.0679830948492086,0.11596316580986202,0.7398373983739838,0.8780487804878049,0.5721378504672897,0.8282710280373832,0.625,0.1753731518983841,0.4375,0.45572060346603394,0.4375,0.45572060346603394
federated fedadam,eICU_Hospital_195,0.8169398907103825,0.38852206273258905,0.2727272727272727,0.5,0.8934426229508197,0.1875,0.9732142857142857,0.875,0.6967213114754098,0.048331896955579184,0.18531103432178497,128,6,0.046875,0.3076923076923077,0.6808496221713476,0.6387176944706368,0.046789200661578434,validation,0.5737704918032787,0.9740437158469945,0.1315526883551922,0.7633466206995616,0.08333333333333333,0.5,0.16666666666666666,0.8333333333333334,0.8360655737704918,0.9426229508196722,0.05555555555555555,0.36363636363636365,0.9545454545454546,0.9912280701754386,0.02825568369515496,0.07010901219560875,0.8203125,0.9296875,0.5136612021857924,0.8797814207650274,0.6666666666666666,0.1447247862815857,0.5,0.15201641619205475,0.3333333333333333,0.4513891935348511
local-only (lower bound),eICU_Hospital_195,0.5997267759562841,0.08056868513834951,0.07692307692307691,0.16666666666666666,0.8442622950819673,0.05,0.9537037037037037,0.8125,0.505464480874317,0.0457479159287881,0.10664767026901245,128,6,0.046875,0.0,0.06734020115384665,0.4103299529288271,0.022038025068468414,validation,0.35645491803278684,0.8142076502732241,0.04756750896567758,0.2230738126714819,0.0,0.23076923076923075,0.0,0.5,0.7786885245901639,0.9098360655737705,0.0,0.15384615384615385,0.941747572815534,0.9719691069574247,0.04218896714578254,0.04893908799485966,0.75,0.875,0.3975409836065574,0.6763319672131142,0.16666666666666666,0.06987372785806656,0.0,0.16421087086200714,0.0,0.16421087086200714
federated fedadam,eICU_Hospital_227,0.8155270655270656,0.26306142724698545,0.33333333333333337,0.4166666666666667,0.8888888888888888,0.2777777777777778,0.9369369369369369,0.8449612403100775,0.6527777777777778,0.0820333448787802,0.18531103432178497,129,12,0.09302325581395349,0.0,1.4066046152324772,0.6486673564870197,0.04595397949533928,validation,0.7072471509971511,0.9074252136752136,0.18331649528214092,0.48647157568322624,0.13793103448275862,0.5333333333333333,0.16666666666666666,0.6666666666666666,0.8376068376068376,0.9401709401709402,0.11764705882352941,0.4666666666666667,0.9107142857142857,0.9649199084668192,0.06716303004216215,0.09805345898988692,0.7906976744186046,0.8992248062015504,0.5192307692307693,0.7991452991452992,0.6666666666666666,0.11874648928642273,0.25,0.26519712805747986,0.08333333333333333,0.39189037680625916
local-only (lower bound),eICU_Hospital_227,0.6780626780626781,0.18354403991164742,0.0909090909090909,0.08333333333333333,0.9230769230769231,0.1,0.907563025210084,0.8449612403100775,0.5032051282051282,0.08661210410787946,0.2811797559261322,129,12,0.09302325581395349,0.0,0.5070071618302272,0.48870581508898814,0.044816678018099805,validation,0.5412927350427351,0.8034366096866095,0.11309626538297059,0.3984610999852164,0.0,0.2727272727272727,0.0,0.25,0.8717948717948718,0.9658119658119658,0.0,0.3333333333333333,0.896551724137931,0.9243697478991597,0.07560923015991174,0.09720939564594924,0.7984496124031008,0.8914728682170543,0.4444444444444444,0.5950854700854701,0.25,0.1675390899181366,0.16666666666666666,0.2335345596075058,0.08333333333333333,0.2806301712989807
federated fedadam,eICU_Hospital_79,0.7931480284421462,0.4687278900162506,0.41379310344827586,0.46153846153846156,0.9159663865546218,0.375,0.9396551724137931,0.8712121212121212,0.6887524240465417,0.07092404139560675,0.18531103432178497,132,13,0.09848484848484848,0.35294117647058826,0.5940773778195876,1.1015272572200197,0.041927455174807234,validation,0.6663865546218488,0.9062863606981253,0.2537414848590359,0.7216656767255802,0.1934715821812596,0.64,0.23076923076923078,0.7692307692307693,0.865546218487395,0.9663865546218487,0.18181818181818182,0.6153846153846154,0.9119876106194691,0.9724770642201835,0.05312736881295067,0.08618162827357376,0.8181818181818182,0.9242424242424242,0.5523432449903038,0.8307126696832574,0.5384615384615384,0.15179461240768433,0.46153846153846156,0.16680440306663513,0.3076923076923077,0.24728845059871674
local-only (lower bound),eICU_Hospital_79,0.726567550096962,0.2223583904727431,0.2,0.15384615384615385,0.957983193277311,0.2857142857142857,0.912,0.8787878787878788,0.5559146735617324,0.08503018486978255,0.21061040461063385,132,13,0.09848484848484848,0.0,0.3064150419725471,1.1838223621181345,0.014297872047984238,validation,0.590142210730446,0.8519715578539108,0.1456863198822198,0.43854257545592523,0.0,0.4347826086956522,0.0,0.38461538461538464,0.9159663865546218,0.9915966386554622,0.0,0.6666666666666666,0.896,0.9344262295081968,0.0792397362387982,0.0906138442966343,0.8409090909090909,0.9166666666666666,0.47058823529411764,0.6712992889463478,0.38461538461538464,0.12554049491882324,0.23076923076923078,0.14895428717136383,0.07692307692307693,0.2283465415239334
federated fedadam,eICU_Hospital_444,0.8957115009746589,0.48899672240633335,0.380952380952381,0.4444444444444444,0.9298245614035088,0.3333333333333333,0.954954954954955,0.8943089430894309,0.6871345029239766,0.0530790865077952,0.18531103432178497,123,9,0.07317073170731707,0.3333333333333333,1.2476696537518732,1.1262698052339286,0.04871052759448119,validation,0.8001705653021444,0.9688109161793372,0.2618960756730868,0.767333437761069,0.1111111111111111,0.6250000000000001,0.1111111111111111,0.7777777777777778,0.8771929824561403,0.9736842105263158,0.1111111111111111,0.6,0.9298245614035088,0.9814814814814815,0.03870169412694012,0.06632684018961774,0.8455284552845529,0.943089430894309,0.52046783625731,0.8538011695906433,0.6666666666666666,0.11285725980997086,0.4444444444444444,0.185921311378479,0.3333333333333333,0.22307859361171722
local-only (lower bound),eICU_Hospital_444,0.6676413255360624,0.4050594861726692,0.42857142857142855,0.3333333333333333,0.9824561403508771,0.6,0.9491525423728814,0.9349593495934959,0.6578947368421052,0.055642129541233445,0.20659896731376648,123,9,0.07317073170731707,0.36363636363636365,0.4186584246380076,1.0262585465705032,0.037416365716939536,validation,0.4824561403508772,0.8479775828460038,0.1767641459143395,0.7108376836263554,0.125,0.7142857142857143,0.1111111111111111,0.6666666666666666,0.956140350877193,1.0,0.16666666666666666,1.0,0.9310344827586207,0.9739130434782609,0.03987978871112674,0.0693509758457814,0.9024390243902439,0.967479674796748,0.5292397660818713,0.8245614035087718,0.3333333333333333,0.07178067415952682,0.0,inf,0.0,inf
federated fedadam,eICU_Hospital_244,0.8371161548731643,0.3180383022774327,0.375,0.42857142857142855,0.9439252336448598,0.3333333333333333,0.9619047619047619,0.9122807017543859,0.6862483311081442,0.049619332355754955,0.18531103432178497,114,7,0.06140350877192982,0.0,0.9782881135914545,1.0739508254561105,0.022272690128566437,validation,0.6888851802403205,0.9599465954606141,0.1556069744230109,0.7030513038548754,0.1,0.6666666666666665,0.14285714285714285,0.7178571428571234,0.897196261682243,0.9813084112149533,0.07692307692307693,0.6666666666666666,0.9405940594059405,0.9818523597843553,0.03958449657058788,0.059200445092919926,0.8596491228070176,0.956140350877193,0.5153538050734312,0.8576435246995968,0.42857142857142855,0.11893268674612045,0.42857142857142855,0.11893268674612045,0.14285714285714285,0.2993313670158386
local-only (lower bound),eICU_Hospital_244,0.7917222963951935,0.23359682298301224,0.26666666666666666,0.2857142857142857,0.9439252336448598,0.25,0.9528301886792453,0.9035087719298246,0.6148197596795728,0.05367632537855563,0.25108546018600464,114,7,0.06140350877192982,0.0,0.9370787620202496,0.7221284992132543,0.026230100581112,validation,0.6328437917222964,0.9345794392523364,0.12014432589015517,0.5930394657863144,0.0,0.5454545454545454,0.0,0.5714285714285714,0.897196261682243,0.9813084112149533,0.0,0.6,0.9345794392523364,0.9719626168224299,0.043780784572753896,0.06313437991641888,0.8596491228070176,0.9473684210526315,0.4672897196261682,0.7716955941255006,0.42857142857142855,0.154159814119339,0.42857142857142855,0.154159814119339,0.2857142857142857,0.2592191994190216
federated fedadam,eICU_Hospital_272,0.8348214285714285,0.33086419753086416,0.28571428571428575,0.3333333333333333,0.9464285714285714,0.25,0.9636363636363636,0.9152542372881356,0.6398809523809523,0.04228473335872008,0.18531103432178497,118,6,0.05084745762711865,0.2857142857142857,2.0355396977729363,0.7093346318197142,0.01601170832945773,validation,0.6815476190476191,0.9508928571428572,0.11581529476908199,0.6836318663058443,0.0,0.5882352941176471,0.0,0.6666666666666666,0.9017857142857143,0.9821428571428571,0.0,0.5714285714285714,0.9459459459459459,0.9819819819819819,0.028753279066305454,0.05313331366041923,0.8728813559322034,0.9576271186440678,0.46875,0.8199404761904762,0.6666666666666666,0.06632217764854431,0.3333333333333333,0.12554524838924408,0.16666666666666666,0.27342110872268677
local-only (lower bound),eICU_Hospital_272,0.699404761904762,0.3298861351939897,0.2727272727272727,0.5,0.8839285714285714,0.1875,0.9705882352941176,0.864406779661017,0.6919642857142857,0.0461081478903238,0.15428166091442108,118,6,0.05084745762711865,0.0,0.7089882490691073,0.5302498761618735,0.027638134751291316,validation,0.44043898809523807,0.9270833333333334,0.0678298831812469,0.6998403306186439,0.08,0.5,0.16666666666666666,0.8333333333333334,0.8214285714285714,0.9375,0.05263157894736842,0.36363636363636365,0.9494949494949495,0.9903846153846154,0.034961182272877436,0.056950454841654605,0.8050847457627118,0.923728813559322,0.5029761904761905,0.8764880952380952,0.3333333333333333,0.1845756620168686,0.3333333333333333,0.1845756620168686,0.3333333333333333,0.1845756620168686
federated fedadam,eICU_Hospital_280,0.8644859813084111,0.41861111111111104,0.4615384615384615,0.5,0.9626168224299065,0.42857142857142855,0.9716981132075472,0.9380530973451328,0.7313084112149533,0.04129822404079262,0.18531103432178497,113,6,0.05309734513274336,0.0,1.7963081204671392,0.8479253631822521,0.022158845630197516,validation,0.7149143302180686,0.9890965732087227,0.18126644597232833,0.858974358974359,0.15384615384615383,0.7692307692307692,0.16666666666666666,0.8333333333333334,0.9252336448598131,0.9906542056074766,0.14285714285714285,0.8,0.9528301886792453,0.9905660377358491,0.025720180485902515,0.059369590714989866,0.8938053097345132,0.9734513274336283,0.5552959501557633,0.9073208722741433,0.6666666666666666,0.02438001148402691,0.5,0.19636163115501404,0.5,0.19636163115501404
local-only (lower bound),eICU_Hospital_280,0.881619937694704,0.20522921522921522,0.0,0.0,0.9252336448598131,0.0,0.9428571428571428,0.8761061946902655,0.46261682242990654,0.04839305209518913,0.19570592045783997,113,6,0.05309734513274336,0.0,0.5760323717386813,1.0968864860881995,0.050371410246872535,validation,0.8192757009345795,0.9392912772585668,0.15660893844717375,0.38068222286972286,0.0,0.0,0.0,0.0,0.8785046728971962,0.9719626168224299,0.0,0.0,0.94,0.9454545454545454,0.04409030077211053,0.05292023471666213,0.831858407079646,0.9203539823008849,0.4392523364485981,0.48598130841121495,0.8333333333333334,0.06622518599033356,0.5,0.12105810642242432,0.0,0.19125449657440186
federated fedadam,eICU_Hospital_440,0.8761904761904763,0.723017479596427,0.6363636363636364,0.6363636363636364,0.9619047619047619,0.6363636363636364,0.9619047619047619,0.9310344827586207,0.7991341991341991,0.04936006993210864,0.18531103432178497,116,11,0.09482758620689655,0.625,0.7065007774867942,1.5418274226263424,0.045604277737358395,validation,0.7402597402597403,0.9844372294372294,0.49440813869035966,0.9257646379044684,0.39999999999999997,0.8571428571428572,0.36363636363636365,0.9090909090909091,0.9238095238095239,0.9904761904761905,0.41147058823529414,0.9,0.9345794392523364,0.9901960784313726,0.031836402572156884,0.06732043658250998,0.8879310344827587,0.9741379310344828,0.6580086580086579,0.9354978354978355,0.7272727272727273,0.11218210309743881,0.6363636363636364,0.1733798235654831,0.6363636363636364,0.1733798235654831
local-only (lower bound),eICU_Hospital_440,0.7627705627705628,0.3894016731426467,0.45454545454545453,0.45454545454545453,0.9428571428571428,0.45454545454545453,0.9428571428571428,0.896551724137931,0.6987012987012987,0.07627257202731802,0.22558751702308655,116,11,0.09482758620689655,0.0,0.15157201992387037,1.2733463171245936,0.04777631253517907,validation,0.6000000000000001,0.9082467532467532,0.20308240099166874,0.7174720132555721,0.19999999999999998,0.6956521739130435,0.18181818181818182,0.7272727272727273,0.8952380952380953,0.9809523809523809,0.21392857142857144,0.75,0.9158878504672897,0.9711538461538461,0.06639427395753039,0.08683837230848217,0.8448275862068966,0.9396551724137931,0.5575757575757576,0.8445887445887446,0.5454545454545454,0.19834007322788239,0.45454545454545453,0.2154945433139801,0.36363636363636365,0.2324172556400299
federated fedadam,eICU_Hospital_307,0.8691489361702127,0.4398019006083522,0.47058823529411764,0.4,0.9680851063829787,0.5714285714285714,0.9381443298969072,0.9134615384615384,0.6840425531914893,0.07579413209228757,0.18531103432178497,104,10,0.09615384615384616,0.0,0.3644659529671479,2.288706896647602,0.04423036000046593,validation,0.7680585106382979,0.9553191489361702,0.26735337729574166,0.7752809684531318,0.14285714285714288,0.7368421052631577,0.1,0.7,0.925531914893617,1.0,0.25,1.0,0.91,0.968421052631579,0.06946072034165746,0.08232009142668269,0.875,0.9519230769230769,0.5340425531914894,0.8393617021276596,0.7,0.10675688832998276,0.4,0.1570807248353958,0.2,0.21836023032665253
local-only (lower bound),eICU_Hospital_307,0.7404255319148937,0.3748782179423109,0.1904761904761905,0.2,0.9042553191489362,0.18181818181818182,0.9139784946236559,0.8365384615384616,0.5521276595744681,0.07913955401874179,0.20739835500717163,104,10,0.09615384615384616,0.0,0.4021404961199728,0.9561302032774701,0.039312656968832016,validation,0.5680851063829787,0.8946808510638297,0.15615196791327984,0.6461023296052743,0.0,0.4000000000000001,0.0,0.5,0.8404255319148937,0.9574468085106383,0.0,0.4169642857142841,0.8924731182795699,0.9431818181818182,0.06598736687283716,0.09108366513715885,0.7788461538461539,0.8942307692307693,0.44148936170212766,0.6915691489361697,0.5,0.12943921983242035,0.2,0.24567589163780212,0.2,0.24567589163780212
federated fedadam,eICU_Hospital_388,0.8424908424908425,0.5213149034201666,0.4666666666666666,0.5833333333333334,0.8791208791208791,0.3888888888888889,0.9411764705882353,0.8446601941747572,0.7312271062271063,0.08721301718803927,0.18531103432178497,103,12,0.11650485436893204,0.3157894736842105,3.2223710547878492,0.419501988308399,0.09093050811769539,validation,0.7307692307692307,0.9395833333333333,0.31261384329562614,0.7791219042513797,0.26666666666666666,0.6666666666666665,0.3333333333333333,0.8333333333333334,0.8021978021978022,0.945054945054945,0.2222222222222222,0.5834558823529405,0.9058668730650155,0.9764705882352941,0.05394478716050386,0.12295290303618422,0.7669902912621359,0.9029126213592233,0.5897435897435898,0.8727106227106227,0.6666666666666666,0.06861895322799683,0.4166666666666667,0.3331434726715088,0.4166666666666667,0.3331434726715088
local-only (lower bound),eICU_Hospital_388,0.7371794871794872,0.2873698358801247,0.2222222222222222,0.16666666666666666,0.9560439560439561,0.3333333333333333,0.8969072164948454,0.8640776699029126,0.5613553113553114,0.09895839990390258,0.3629663586616516,103,12,0.11650485436893204,0.13333333333333333,1.604762444282029,0.4379196977939158,0.05823684113724067,validation,0.5851648351648352,0.8700091575091573,0.17670458929008406,0.5486564185165269,0.0,0.47058823529411764,0.0,0.4166666666666667,0.9120879120879121,0.989010989010989,0.0,0.75,0.8762886597938144,0.9247311827956989,0.07772001048196706,0.12018063550841634,0.8155339805825242,0.9029126213592233,0.46703296703296704,0.6808608058608059,0.5,0.11457177251577377,0.25,0.27872467041015625,0.16666666666666666,0.3299955725669861
federated fedadam,eICU_Hospital_157,0.7885431400282885,0.49973672570330496,0.42857142857142855,0.42857142857142855,0.9207920792079208,0.42857142857142855,0.9207920792079208,0.8608695652173913,0.6746817538896747,0.0902828927789987,0.18531103432178497,115,14,0.12173913043478261,0.13333333333333333,0.18438783504932288,1.739492351194574,0.03870680664220582,validation,0.625848656294201,0.9215169731258839,0.30597174443326525,0.7482879725350877,0.21428571428571427,0.6428571428571429,0.21428571428571427,0.7142857142857143,0.8712871287128713,0.9702970297029703,0.2222222222222222,0.7,0.8910891089108911,0.9583333333333334,0.07720138791799588,0.10177277170753858,0.8,0.9130434782608695,0.5526874115983027,0.8125884016973126,0.5714285714285714,0.15967875719070435,0.42857142857142855,0.1828821748495102,0.2857142857142857,0.26833921670913696
local-only (lower bound),eICU_Hospital_157,0.7588401697312588,0.454277555111954,0.35714285714285715,0.35714285714285715,0.9108910891089109,0.35714285714285715,0.9108910891089109,0.8434782608695652,0.634016973125884,0.09274456862315533,0.25330889225006104,115,14,0.12173913043478261,0.0,0.2190109444436279,1.1704858540322431,0.03110768075870431,validation,0.5975247524752475,0.8889851485148514,0.2663295953608579,0.6755670384268271,0.14285714285714285,0.5625000000000001,0.14285714285714285,0.6428571428571429,0.8514851485148515,0.9603960396039604,0.14285714285714285,0.6,0.8811881188118812,0.9462508579272477,0.08029918829974902,0.10570244202368648,0.782608695652174,0.8956521739130435,0.512022630834512,0.762022630834512,0.5714285714285714,0.22202806174755096,0.35714285714285715,0.24953125417232513,0.21428571428571427,0.3107612133026123
federated fedadam,eICU_Hospital_318,0.7279352226720648,0.23199198812242733,0.3125,0.38461538461538464,0.8526315789473684,0.2631578947368421,0.9101123595505618,0.7962962962962963,0.6186234817813765,0.10249195746675295,0.18531103432178497,108,13,0.12037037037037036,0.0,0.624256161116955,0.7339230633549806,0.056325432273162605,validation,0.5845951417004049,0.8534615384615384,0.16996028540508584,0.4108659087203729,0.125,0.5142857142857142,0.15384615384615385,0.6153846153846154,0.7789473684210526,0.9157894736842105,0.10526315789473684,0.4444444444444444,0.8764044943820225,0.9468085106382979,0.09229477846434653,0.1126082859711924,0.7312500000000001,0.8611111111111112,0.4874493927125506,0.7603238866396762,0.46153846153846156,0.16884444653987885,0.07692307692307693,0.23965927958488464,0.0,0.3317736089229584
local-only (lower bound),eICU_Hospital_318,0.6866396761133603,0.21313867790292135,0.09090909090909093,0.07692307692307693,0.9157894736842105,0.1111111111111111,0.8787878787878788,0.8148148148148148,0.4963562753036437,0.10217446287047366,0.23298279941082,108,13,0.12037037037037036,0.0,0.24061512467614832,0.8461299336190323,0.03242062530652793,validation,0.5287449392712551,0.8259311740890688,0.15360989518718432,0.37228301811032544,0.0,0.266818181818181,0.0,0.23076923076923078,0.8631578947368421,0.968421052631579,0.0,0.3333333333333333,0.8645833333333334,0.898989898989899,0.0942595903270348,0.11036845545560067,0.7592592592592593,0.8611111111111112,0.4368421052631579,0.5838056680161944,0.3076923076923077,0.18113069236278534,0.0,0.24772962927818298,0.0,0.24772962927818298
federated fedadam,eICU_Hospital_403,0.8490338164251208,0.5169881571780306,0.5,0.5555555555555556,0.9347826086956522,0.45454545454545453,0.9555555555555556,0.900990099009901,0.7451690821256038,0.06303587445011498,0.18531103432178497,101,9,0.0891089108910891,0.2,1.0747955819055615,1.2315223788567564,0.038480182250934,validation,0.678683574879227,0.967391304347826,0.28067125503400014,0.8300194931773878,0.23529411764705882,0.7368421052631577,0.2222222222222222,0.8888888888888888,0.8804347826086957,0.9782608695652174,0.23076923076923078,0.75,0.9247311827956989,0.9885057471264368,0.048500629339943264,0.07598295482192208,0.8415841584158416,0.9504950495049505,0.5785024154589372,0.9118357487922706,0.7777777777777778,0.10465823858976364,0.5555555555555556,0.1333562433719635,0.3333333333333333,0.2588668465614319
local-only (lower bound),eICU_Hospital_403,0.8128019323671498,0.29505897410126264,0.25,0.2222222222222222,0.9456521739130435,0.2857142857142857,0.925531914893617,0.8811881188118812,0.5839371980676329,0.07315714700377439,0.2040642499923706,101,9,0.0891089108910891,0.0,0.5088627778191097,1.279803375827839,0.013318617514675796,validation,0.6787137681159421,0.9251207729468599,0.18382574495174692,0.6146036335452805,0.0,0.5263157894736842,0.0,0.5555555555555556,0.8913043478260869,0.9891304347826086,0.0,0.6666666666666666,0.9052379619260918,0.9535017375033413,0.06423156057213546,0.08223316335618985,0.8316831683168316,0.9306930693069307,0.4672554347826087,0.7235658212560379,0.5555555555555556,0.13987325131893158,0.3333333333333333,0.1475219577550888,0.2222222222222222,0.16725969314575195
federated fedadam,eICU_Hospital_391,0.9001831501831502,0.49169356571358347,0.6111111111111112,0.8461538461538461,0.8571428571428571,0.4782608695652174,0.972972972972973,0.8556701030927835,0.8516483516483516,0.09034246003180235,0.18531103432178497,97,13,0.13402061855670103,0.25,1.0529548148429055,1.0485420567975756,0.0831992425667794,validation,0.8305860805860806,0.9551282051282052,0.3447142260555117,0.7600011936069628,0.4651162790697674,0.7586206896551724,0.6153846153846154,1.0,0.7738095238095238,0.9285714285714286,0.34782608695652173,0.6470588235294118,0.9358974358974359,1.0,0.06882422612914266,0.11633311800820607,0.7835051546391752,0.9175257731958762,0.7416895604395605,0.9464285714285714,0.9230769230769231,0.10204939544200897,0.38461538461538464,0.28262901306152344,0.23076923076923078,0.4378446638584137
local-only (lower bound),eICU_Hospital_391,0.8168498168498168,0.44637009946877465,0.38461538461538464,0.38461538461538464,0.9047619047619048,0.38461538461538464,0.9047619047619048,0.8350515463917526,0.6446886446886447,0.09971740795976576,0.347660630941391,97,13,0.13402061855670103,0.4,0.714062205439044,0.8261465817282231,0.0486422122369722,validation,0.7069368131868131,0.913919413919414,0.2702630954437984,0.7059171203060396,0.16,0.5999999999999999,0.15384615384615385,0.6923076923076923,0.8333333333333334,0.9642857142857143,0.16666666666666666,0.6363636363636364,0.8705882352941177,0.9473684210526315,0.07650945962373153,0.12374895093404663,0.7731958762886598,0.8969072164948454,0.5173992673992673,0.7866300366300366,0.6153846153846154,0.15380404889583588,0.38461538461538464,0.2965424954891205,0.3076923076923077,0.4913458526134491
federated fedadam,eICU_Hospital_171,0.7253787878787878,0.2877864846646444,0.2,0.16666666666666666,0.9659090909090909,0.25,0.9444444444444444,0.9148936170212766,0.5662878787878788,0.05510459329317603,0.18531103432178497,94,6,0.06382978723404255,0.0,0.9283315550654527,0.8081360683077983,0.03145677093020145,validation,0.5586647727272728,0.8901515151515151,0.09252803928841741,0.6250102124183006,0.0,0.5454545454545454,0.0,0.5,0.9204545454545454,1.0,0.0,0.7924999999999955,0.9325842696629213,0.9662921348314607,0.04072909265744601,0.06495350092143387,0.8723404255319149,0.9468085106382979,0.4715909090909091,0.7386363636363636,0.3333333333333333,0.0717807188630104,0.16666666666666666,0.11693936586380005,0.16666666666666666,0.11693936586380005
local-only (lower bound),eICU_Hospital_171,0.7784090909090908,0.18561438561438562,0.125,0.16666666666666666,0.8977272727272727,0.1,0.9404761904761905,0.851063829787234,0.5321969696969697,0.05638206182217122,0.163022980093956,94,6,0.06382978723404255,0.0,0.22533442244574076,1.214989873034371,0.03612555605062145,validation,0.6117424242424242,0.9261363636363636,0.11038569572536963,0.44110191637630636,0.0,0.3636363636363636,0.0,0.5,0.8295454545454546,0.9545454545454546,0.0,0.3,0.9259259259259259,0.963855421686747,0.050801488998627714,0.06217549681402625,0.7872340425531915,0.9042553191489362,0.42613636363636365,0.7045454545454546,0.5,0.1359572410583496,0.16666666666666666,0.16752998530864716,0.0,0.2014915645122528
federated fedadam,eICU_Hospital_152,0.9160206718346253,0.5806385622175096,0.5263157894736842,0.5555555555555556,0.9418604651162791,0.5,0.9529411764705882,0.9052631578947369,0.7487080103359174,0.06517427684275585,0.18531103432178497,95,9,0.09473684210526316,0.2,0.516860693233518,2.3285956879601275,0.06821102655590758,validation,0.8410852713178294,0.9728682170542635,0.34998742576867575,0.8396826693640418,0.25,0.7777777777777778,0.2222222222222222,0.8888888888888888,0.8953488372093024,0.9883720930232558,0.25,0.800454545454543,0.9204545454545454,0.9878048780487805,0.05220497517908872,0.07615318060936384,0.8526315789473684,0.9578947368421052,0.5820413436692506,0.9153746770025839,0.7777777777777778,0.1155569776892662,0.5555555555555556,0.17159120738506317,0.4444444444444444,0.19753840565681458
local-only (lower bound),eICU_Hospital_152,0.8152454780361758,0.38955697503663167,0.35294117647058826,0.3333333333333333,0.9418604651162791,0.375,0.9310344827586207,0.8842105263157894,0.6375968992248062,0.0747627061686222,0.36182767152786255,95,9,0.09473684210526316,0.26666666666666666,1.4653754464768287,0.6053370418760095,0.05281750547430037,validation,0.5981912144702842,0.9612403100775193,0.2256704275897453,0.736468804100383,0.0,0.6251644736842097,0.0,0.6666666666666666,0.8837209302325582,0.9883720930232558,0.0,0.75,0.9021739130434783,0.9642857142857143,0.0476172139084714,0.1035359831424172,0.8315789473684211,0.9368421052631579,0.48255813953488375,0.8042635658914729,0.7777777777777778,0.06902579218149185,0.5555555555555556,0.19476865231990814,0.2222222222222222,0.5140084624290466
federated fedadam,eICU_Hospital_184,0.839632277834525,0.43475199785360213,0.5925925925925926,0.7272727272727273,0.9101123595505618,0.5,0.9642857142857143,0.89,0.8186925434116445,0.08198834436608868,0.18531103432178497,100,11,0.11,0.0,0.3869630649255633,1.5747278852187807,0.09078977075638249,validation,0.6905005107252298,0.958120531154239,0.27688638348626377,0.7477286449595061,0.4,0.7692307692307692,0.45454545454545453,1.0,0.8426966292134831,0.9662921348314607,0.3333333333333333,0.7142857142857143,0.9310344827586207,1.0,0.0716726310863053,0.0934754533532362,0.83,0.94,0.6823289070480082,0.9433222676200204,0.7272727272727273,0.13217200338840485,0.6363636363636364,0.24674223363399506,0.09090909090909091,0.32008397579193115
local-only (lower bound),eICU_Hospital_184,0.8610827374872319,0.39703581592126486,0.43478260869565216,0.45454545454545453,0.9213483146067416,0.4166666666666667,0.9318181818181818,0.87,0.6879468845760981,0.0841537841216227,0.2109038233757019,100,11,0.11,0.0,0.19114772312368444,2.4453004420938735,0.05167284447699785,validation,0.7538304392236976,0.9468845760980592,0.26611471318126856,0.6880752021021906,0.18181818181818182,0.6666666666666666,0.18181818181818182,0.7272727272727273,0.8651685393258427,0.9662921348314607,0.18181818181818182,0.6666666666666666,0.898876404494382,0.9659090909090909,0.07842641594622385,0.09071427001876528,0.81,0.92,0.5403472931562819,0.8411644535240042,0.8181818181818182,0.1605852246284485,0.45454545454545453,0.19851374626159668,0.09090909090909091,0.23666703701019287
federated fedadam,eICU_Hospital_226,0.8639846743295019,0.642966245333355,0.5925925925925926,0.6666666666666666,0.9195402298850575,0.5333333333333333,0.9523809523809523,0.8888888888888888,0.7931034482758621,0.07070222639395386,0.18531103432178497,99,12,0.12121212121212122,0.375,1.1174665384952593,1.161722700475404,0.04014131207621158,validation,0.7471264367816092,0.9588362068965516,0.4201965605571577,0.8691449029771398,0.380952380952381,0.7826086956521738,0.4166666666666667,0.9166666666666666,0.8620689655172413,0.9770114942528736,0.35,0.7857142857142857,0.9166666666666666,0.9876543209876543,0.0478145061956165,0.0931141796631093,0.8282828282828283,0.9494949494949495,0.6508620689655172,0.9181034482758621,0.6666666666666666,0.12969541549682617,0.5833333333333334,0.19949080049991608,0.4166666666666667,0.39644792675971985
local-only (lower bound),eICU_Hospital_226,0.6733716475095786,0.4447725444549401,0.3636363636363636,0.3333333333333333,0.9310344827586207,0.4,0.9101123595505618,0.8585858585858586,0.632183908045977,0.1032836006661714,0.1378381848335266,99,12,0.12121212121212122,0.0,0.058327845172232884,4.977363509388277,0.022686931144709536,validation,0.4990181992337165,0.8409961685823755,0.2192066512702445,0.6970162830536561,0.1,0.6153846153846153,0.08333333333333333,0.5833333333333334,0.8735632183908046,0.9770114942528736,0.125,0.7142857142857143,0.8791208791208791,0.9444444444444444,0.10024789932526479,0.10606218792449108,0.797979797979798,0.9191919191919192,0.5014367816091954,0.7759698275862063,0.3333333333333333,0.13612347841262817,0.3333333333333333,0.13612347841262817,0.25,0.1586291790008545
federated fedadam,eICU_Hospital_384,0.7756788665879575,0.3588854852965188,0.358974358974359,0.6363636363636364,0.7272727272727273,0.25,0.9333333333333333,0.7159090909090909,0.6818181818181819,0.09522329084130353,0.18531103432178497,88,11,0.125,0.16666666666666666,0.3852349605838299,1.0232798518643236,0.05319483705468222,validation,0.6564344746162928,0.880785123966942,0.20308135851245385,0.6114521710006957,0.21047149122807016,0.5,0.36363636363636365,0.9090909090909091,0.6233766233766234,0.8181818181818182,0.14705882352941177,0.36363636363636365,0.8846014492753623,0.9824561403508771,0.07464456182779024,0.11251771137189676,0.625,0.8068181818181818,0.5323051948051949,0.8181818181818181,0.36363636363636365,0.2570585608482361,0.2727272727272727,0.2637729346752167,0.18181818181818182,0.34755250811576843
local-only (lower bound),eICU_Hospital_384,0.6741440377804014,0.21723924888046642,0.27586206896551724,0.36363636363636365,0.8181818181818182,0.2222222222222222,0.9,0.7613636363636364,0.5909090909090909,0.11017347017989915,0.24061264097690582,88,11,0.125,0.0,0.14502855773574375,0.6103267418242575,0.04062492013062266,validation,0.525383707201889,0.8122786304604486,0.14999889022700746,0.41773863617661383,0.07692307692307691,0.4706656346749221,0.09090909090909091,0.6363636363636364,0.7402597402597403,0.8961038961038961,0.06666666666666667,0.3888888888888889,0.863013698630137,0.9420289855072463,0.09291570179764617,0.1282071905038235,0.6818181818181818,0.8409090909090909,0.4545454545454546,0.7402597402597402,0.36363636363636365,0.2282353639602661,0.18181818181818182,0.315349817276001,0.0,0.43647265434265137
federated fedadam,eICU_Hospital_301,0.8275862068965518,0.32673021777881117,0.3636363636363636,0.4,0.9540229885057471,0.3333333333333333,0.9651162790697675,0.9239130434782609,0.6770114942528735,0.045036514341425506,0.18531103432178497,92,5,0.05434782608695652,0.2857142857142857,0.8090018257052316,0.9836827654865694,0.010909833147193041,validation,0.6620114942528735,0.9632183908045977,0.1263325464824853,0.8212881591119333,0.0,0.7142857142857143,0.0,0.8,0.9080459770114943,0.9885057471264368,0.0,0.75,0.9431654911180773,0.9883720930232558,0.031292786820869174,0.05790431585288453,0.8695652173913043,0.967391304347826,0.476867816091954,0.8885057471264368,0.6,0.10104328393936157,0.4,0.11349499970674515,0.0,0.5907760858535767
local-only (lower bound),eICU_Hospital_301,0.7839080459770115,0.3227806137417122,0.22222222222222224,0.2,0.9655172413793104,0.25,0.9545454545454546,0.9239130434782609,0.5827586206896552,0.04761477075010938,0.1821891814470291,92,5,0.05434782608695652,0.0,0.3616212044712239,1.1052426398258401,0.008209285974178627,validation,0.6298850574712643,0.9310919540229883,0.09494949494949495,0.7073201846046667,0.0,0.6,0.0,0.6,0.9195402298850575,1.0,0.0,0.975,0.9425120288692862,0.9770114942528736,0.03875847355216715,0.05442076363579117,0.8804347826086957,0.9565217391304348,0.4711206896551724,0.7885057471264367,0.4,0.06750673055648804,0.2,0.1499495655298233,0.2,0.1499495655298233
federated fedadam,eICU_Hospital_181,0.8,0.5948225645132558,0.5161290322580645,0.8,0.8470588235294118,0.38095238095238093,0.972972972972973,0.8421052631578947,0.8235294117647058,0.07537767865232857,0.18531103432178497,95,10,0.10526315789473684,0.18181818181818182,0.09633660072813521,1.3797189949770943,0.060694108521075624,validation,0.583529411764706,0.9729411764705882,0.3567558086985216,0.8529608147606867,0.36363636363636365,0.6923076923076923,0.5,1.0,0.7647058823529411,0.9176470588235294,0.25925925925925924,0.5625,0.9382716049382716,1.0,0.05946656075765331,0.09056730409845706,0.7684210526315789,0.9157894736842105,0.6881617647058823,0.9354411764705874,0.7,0.19026228785514832,0.6,0.1945333480834961,0.4,0.27039793133735657
local-only (lower bound),eICU_Hospital_181,0.7258823529411764,0.28695985670315266,0.32,0.4,0.8705882352941177,0.26666666666666666,0.925,0.8210526315789474,0.6352941176470588,0.09191480907413162,0.22499492764472961,95,10,0.10526315789473684,0.375,0.5797289161879702,0.5781471857753724,0.08435043446523578,validation,0.5435294117647059,0.8847058823529411,0.16411662106299482,0.5963273859397126,0.09523809523809525,0.5454545454545454,0.1,0.7,0.8,0.9411764705882353,0.09090909090909091,0.5,0.8928571428571429,0.9620253164556962,0.06433375024823984,0.11830813347917316,0.7473684210526316,0.8947368421052632,0.49117647058823527,0.7970588235294118,0.4,0.21421456336975098,0.3,0.2584989666938782,0.1,0.6084378361701965
federated fedadam,eICU_Hospital_154,0.7197368421052631,0.34095448530909334,0.25,0.2,0.9473684210526315,0.3333333333333333,0.9,0.8604651162790697,0.5736842105263158,0.10362506818156611,0.18531103432178497,86,10,0.11627906976744186,0.16666666666666666,3.340621069942417,0.32426261905209697,0.09089757079676886,validation,0.5657894736842105,0.8710526315789473,0.1676230543547854,0.6305856758373204,0.0,0.5333333333333333,0.0,0.5,0.8947368421052632,0.9868421052631579,0.0,0.75,0.875,0.9342105263157895,0.07563509705809346,0.1305116797025509,0.8023255813953488,0.9069767441860465,0.4605263157894737,0.7171052631578947,0.4,0.045728057622909546,0.3,0.14629819989204407,0.2,0.18840639293193817
local-only (lower bound),eICU_Hospital_154,0.6236842105263157,0.16655112764873448,0.0909090909090909,0.1,0.8552631578947368,0.08333333333333333,0.8783783783783784,0.7674418604651163,0.4776315789473684,0.10951001031489992,0.23006968200206757,86,10,0.11627906976744186,0.0,0.4099794663932528,0.35386015081819233,0.07862496536311715,validation,0.44999999999999996,0.7829605263157892,0.1232156663349695,0.3110918533958044,0.0,0.2727272727272727,0.0,0.3,0.7763157894736842,0.9342105263157895,0.0,0.266818181818181,0.8571428571428571,0.9054054054054054,0.09698943297121064,0.12169141973529658,0.6976744186046512,0.8372093023255814,0.39473684210526316,0.5907894736842105,0.1,0.18061621487140656,0.0,0.32250577211380005,0.0,0.32250577211380005
federated fedadam,eICU_Hospital_271,0.8789473684210526,0.42803708439897703,0.3333333333333333,0.4,0.9342105263157895,0.2857142857142857,0.9594594594594594,0.9012345679012346,0.6671052631578948,0.04616828384234069,0.18531103432178497,81,5,0.06172839506172839,0.3333333333333333,1.9415846579868528,0.9473662379432768,0.042923232555758764,validation,0.7736184210526316,0.968421052631579,0.16877560960281549,0.8226041666666661,0.0,0.6666666666666666,0.0,0.8,0.868421052631579,0.9868421052631579,0.0,0.6666666666666666,0.9333333333333333,0.9864864864864865,0.026489085464786392,0.0606462467883489,0.8395061728395061,0.9506172839506173,0.4605263157894737,0.8802631578947369,0.4,0.07003884762525558,0.4,0.07003884762525558,0.2,0.27237728238105774
local-only (lower bound),eICU_Hospital_271,0.8578947368421053,0.2993162393162393,0.0,0.0,0.9868421052631579,0.0,0.9375,0.9259259259259259,0.4934210526315789,0.05381500803504232,0.1565244197845459,81,5,0.06172839506172839,0.0,0.3642768792094837,1.9096545484699285,0.015369383135327586,validation,0.6973684210526316,0.9657894736842105,0.15076131221719458,0.7257051282051278,0.0,0.0,0.0,0.0,0.9473684210526315,1.0,0.0,0.0,0.935064935064935,0.9382716049382716,0.0502456330912945,0.05798378988260338,0.8888888888888888,0.9382716049382716,0.47368421052631576,0.5,0.6,0.09421427547931671,0.4,0.11047983914613724,0.2,0.11810515075922012
federated fedadam,eICU_Hospital_63,0.6337209302325582,0.11108872693127736,0.0,0.0,0.9069767441860465,0.0,0.9285714285714286,0.8478260869565217,0.45348837209302323,0.0658153728815616,0.18531103432178497,92,6,0.06521739130434782,0.0,0.14310458725476716,0.4153740296375305,0.02979748442505851,validation,0.43992248062015504,0.82562984496124,0.07546611040032092,0.2697259966688155,0.0,0.0,0.0,0.0,0.8372093023255814,0.9651162790697675,0.0,0.0,0.9230769230769231,0.9325842696629213,0.05878558904833194,0.07366508228018102,0.782608695652174,0.9021739130434783,0.4186046511627907,0.48255813953488375,0.3333333333333333,0.10921166092157364,0.0,0.1739586740732193,0.0,0.4347391426563263
local-only (lower bound),eICU_Hospital_63,0.5290697674418604,0.10835716372246051,0.15384615384615383,0.16666666666666666,0.9302325581395349,0.14285714285714285,0.9411764705882353,0.8804347826086957,0.5484496124031008,0.06394682834443927,0.16786125302314758,92,6,0.06521739130434782,0.0,0.37931864867397236,0.19150556382073228,0.03754205104854443,validation,0.2868217054263566,0.7635658914728681,0.05808184842044241,0.3792989118365534,0.0,0.4444444444444444,0.0,0.5,0.872093023255814,0.9767441860465116,0.0,0.5,0.926829268292683,0.9642857142857143,0.0531190502938524,0.07341698324389476,0.8260869565217391,0.9347826086956522,0.4418604651162791,0.7209302325581395,0.16666666666666666,0.07244663685560226,0.0,0.3687874674797058,0.0,0.3687874674797058
federated fedadam,eICU_Hospital_206,0.6697722567287784,0.28394850378272807,0.38095238095238093,0.5714285714285714,0.7101449275362319,0.2857142857142857,0.8909090909090909,0.6867469879518072,0.6407867494824017,0.1367686239778024,0.18531103432178497,83,14,0.1686746987951807,0.0,0.7421283658318623,0.44028629454887525,0.05431446596048772,validation,0.5072463768115942,0.8261128364389233,0.20364112361466338,0.5059063366376787,0.2222222222222222,0.5365853658536585,0.2857142857142857,0.8571428571428571,0.5942028985507246,0.8115942028985508,0.1724137931034483,0.4118154158215007,0.8333333333333334,0.952408637873754,0.11432359514700355,0.1598609723801343,0.5903614457831325,0.7831325301204819,0.5046583850931677,0.7769151138716356,0.35714285714285715,0.2647090256214142,0.07142857142857142,0.41069748997688293,0.0,0.4613005220890045
local-only (lower bound),eICU_Hospital_206,0.5848861283643892,0.240737465379729,0.20689655172413796,0.21428571428571427,0.8260869565217391,0.2,0.8382352941176471,0.7228915662650602,0.5201863354037267,0.14617693423940406,0.2651210129261017,83,14,0.1686746987951807,0.0,0.22720937451413392,0.33573950805044017,0.049562233982675036,validation,0.4192546583850931,0.7422360248447205,0.16647278545818212,0.4499780259549642,0.0,0.39999999999999997,0.0,0.42857142857142855,0.7246376811594203,0.9130434782608695,0.0,0.4,0.8,0.8805970149253731,0.12594483496497436,0.16568707894516566,0.6385542168674698,0.7954819277108417,0.41252587991718426,0.6418219461697723,0.35714285714285715,0.21358081698417664,0.14285714285714285,0.3448229134082794,0.0,0.4855210781097412
federated fedadam,eICU_Hospital_282,0.19551282051282054,0.03655496022615212,0.0,0.0,1.0,,0.9512195121951219,0.9512195121951219,0.5,0.047141593432902286,0.18531103432178497,82,4,0.04878048780487805,0.0,0.11953617366728775,-8.453205716618399,0.004790971055626869,validation,0.05769230769230771,0.33974358974358976,0.03540932811480756,0.05820106256992546,0.0,0.0,0.0,0.0,1.0,1.0,,,0.9512195121951219,0.9512195121951219,0.046727378578795775,0.04774253545602294,0.9512195121951219,0.9512195121951219,0.5,0.5,0.0,0.06721949577331543,0.0,0.06721949577331543,0.0,0.06721949577331543
local-only (lower bound),eICU_Hospital_282,0.23076923076923075,0.03809312153890994,0.0,0.0,0.9230769230769231,0.0,0.9473684210526315,0.8780487804878049,0.46153846153846156,0.048094355913085446,0.06322923302650452,82,4,0.04878048780487805,0.0,0.1707563306573845,-1.2607872987214432,0.0032779007423214823,validation,0.057612179487179456,0.4166666666666667,0.036265432098765434,0.06538815526210483,0.0,0.0,0.0,0.0,0.8589743589743589,0.9743589743589743,0.0,0.0,0.9436619718309859,0.95,0.04655262037090538,0.049641087549883826,0.8170731707317073,0.926829268292683,0.42948717948717946,0.48717948717948717,0.0,0.06925135105848312,0.0,0.06925135105848312,0.0,0.06925135105848312
federated fedadam,eICU_Hospital_331,0.647887323943662,0.1689068100358423,0.0,0.0,1.0,,0.9594594594594594,0.9594594594594594,0.5,0.03843358743329818,0.18531103432178497,74,3,0.04054054054054054,0.0,0.13269661554626122,0.7354700375845024,0.005809277459677005,validation,0.22535211267605637,0.9625586854460088,0.04882154882154882,0.7255821078431367,0.0,0.0,0.0,0.0,1.0,1.0,,,0.9594594594594594,0.9594594594594594,0.03570222399371413,0.04114833213911713,0.9594594594594594,0.9594594594594594,0.5,0.5,0.3333333333333333,0.0589749738574028,0.0,0.11819290369749069,0.0,0.11819290369749069
local-only (lower bound),eICU_Hospital_331,0.6948356807511737,0.25028248587570623,0.2222222222222222,0.3333333333333333,0.9295774647887324,0.16666666666666666,0.9705882352941176,0.9054054054054054,0.6314553990610329,0.03707215253285187,0.10137736052274704,74,3,0.04054054054054054,0.0,0.2424708700022027,1.328578194206036,0.004668386275502475,validation,0.2676056338028169,0.9813380281690135,0.054151785714285715,0.7777777777777778,0.0,0.5714285714285715,0.0,1.0,0.8732394366197183,0.9859154929577465,0.0,0.5,0.9545454545454546,1.0,0.03334405464740592,0.04060145637031731,0.8378378378378378,0.9594594594594594,0.44366197183098594,0.9577464788732395,0.3333333333333333,0.07716656476259232,0.3333333333333333,0.07716656476259232,0.0,0.15982526540756226
federated fedadam,eICU_Hospital_256,0.9256756756756758,0.31101190476190477,0.4,0.5,0.9459459459459459,0.3333333333333333,0.9722222222222222,0.9230769230769231,0.722972972972973,0.042749776975829955,0.18531103432178497,78,4,0.05128205128205128,0.0,1.9559732231062958,1.061273652991223,0.0339033569434599,validation,0.8513513513513514,0.9797297297297298,0.20445261437908496,0.7292708333333328,0.0,0.75,0.0,1.0,0.8918918918918919,0.9864864864864865,0.0,0.75,0.9459459459459459,1.0,0.03490392909875697,0.05139234525323367,0.8589743589743589,0.9743589743589743,0.47297297297297297,0.972972972972973,0.75,0.05085495486855507,0.5,0.12178733199834824,0.25,0.21321365237236023
local-only (lower bound),eICU_Hospital_256,0.5979729729729729,0.0766544443459766,0.0,0.0,0.9459459459459459,0.0,0.9459459459459459,0.8974358974358975,0.47297297297297297,0.051292770097308184,0.1671278029680252,78,4,0.05128205128205128,0.0,0.7451028750116953,0.07165916364354075,0.038698111553318225,validation,0.4086993243243243,0.7804054054054054,0.06069976997982597,0.17396543560606056,0.0,0.0,0.0,0.0,0.8918918918918919,0.9864864864864865,0.0,0.0,0.9428571428571428,0.948051948051948,0.04934897931963148,0.05346450273514021,0.8461538461538461,0.9358974358974359,0.44594594594594594,0.49324324324324326,0.0,0.04600993171334267,0.0,0.04600993171334267,0.0,0.2053871601819992
federated fedadam,eICU_Hospital_452,0.7163461538461539,0.3674343204527511,0.34782608695652173,0.6153846153846154,0.609375,0.24242424242424243,0.8863636363636364,0.6103896103896104,0.6123798076923077,0.1258842507554842,0.18531103432178497,77,13,0.16883116883116883,0.14285714285714285,0.20304445901123502,1.0484234393899572,0.06782481885914293,validation,0.5684795673076923,0.844951923076923,0.2210098655050815,0.6028783135915488,0.21276595744680854,0.48016216216216123,0.38461538461538464,0.8461538461538461,0.484375,0.71875,0.14814814814814814,0.34375,0.8163265306122449,0.9555555555555556,0.10560588020086294,0.14641974391810358,0.4935064935064935,0.7142857142857143,0.4728064903846154,0.7512169471153846,0.38461538461538464,0.3296959400177002,0.07692307692307693,0.37712180614471436,0.07692307692307693,0.37712180614471436
local-only (lower bound),eICU_Hospital_452,0.703125,0.3812859585957555,0.4000000000000001,0.46153846153846156,0.828125,0.35294117647058826,0.8833333333333333,0.7662337662337663,0.6448317307692308,0.1330776205827457,0.27289360761642456,77,13,0.16883116883116883,0.2222222222222222,0.07127491573976075,0.7756162313165611,0.05413288405382788,validation,0.5504807692307693,0.844981971153846,0.22404176087377656,0.6169717796280292,0.18735795454545454,0.5999999999999999,0.23076923076923078,0.6923076923076923,0.734375,0.921875,0.17647058823529413,0.5625,0.8333333333333334,0.9354838709677419,0.10650332158195037,0.159289661531956,0.6753246753246753,0.8571428571428571,0.5060096153846154,0.7836688701923076,0.46153846153846156,0.21953879296779633,0.23076923076923078,0.4079306721687317,0.15384615384615385,0.4499724209308624
federated fedadam,eICU_Hospital_392,0.7785923753665689,0.3257255472425751,0.4848484848484849,0.7272727272727273,0.7741935483870968,0.36363636363636365,0.9411764705882353,0.7671232876712328,0.750733137829912,0.12927031543219686,0.18531103432178497,73,11,0.1506849315068493,0.13333333333333333,0.6265320216258963,0.5606749535399521,0.0708388289443077,validation,0.6334310850439883,0.9002932551319648,0.23452760667620556,0.583566959944911,0.3157072368421053,0.6666666666666666,0.45454545454545453,1.0,0.6612903225806451,0.8709677419354839,0.23076923076923078,0.5263157894736842,0.8846153846153846,1.0,0.10123102480242749,0.16228412196475708,0.6575342465753424,0.863013698630137,0.601099706744868,0.8819648093841642,0.6363636363636364,0.19649267196655273,0.18181818181818182,0.3083319664001465,0.0,0.8198948502540588
local-only (lower bound),eICU_Hospital_392,0.658357771260997,0.23909101161448149,0.09999999999999999,0.09090909090909091,0.8709677419354839,0.1111111111111111,0.84375,0.7534246575342466,0.4809384164222874,0.12323963765147455,0.23985053598880768,73,11,0.1506849315068493,0.0,0.06619125318885688,1.3047344594175556,0.033214349248637885,validation,0.5087609970674487,0.8064516129032258,0.17145949070343963,0.4599445693195692,0.0,0.28571428571428564,0.0,0.2727272727272727,0.7741935483870968,0.9516129032258065,0.0,0.3333333333333333,0.819672131147541,0.873015873015873,0.11508713422326788,0.13100859334383094,0.6712328767123288,0.821917808219178,0.4032258064516129,0.5799120234604105,0.36363636363636365,0.19776466488838196,0.09090909090909091,0.23798298835754395,0.0,0.2855297923088074
federated fedadam,eICU_Hospital_66,0.9726027397260274,0.4777777777777778,0.5714285714285715,0.6666666666666666,0.9726027397260274,0.5,0.9861111111111112,0.9605263157894737,0.819634703196347,0.0325634181721539,0.18531103432178497,76,3,0.039473684210526314,0.0,0.877825113780335,1.4211901351612595,0.05187600184466359,validation,0.9315068493150684,1.0,0.2777777777777778,1.0,0.0,1.0,0.0,1.0,0.9315068493150684,1.0,0.0,1.0,0.96,1.0,0.025438509615986482,0.043320175587651305,0.9078947368421053,1.0,0.4931506849315068,1.0,0.0,0.38773804903030396,0.0,0.38773804903030396,0.0,0.38773804903030396
local-only (lower bound),eICU_Hospital_66,0.1506849315068493,0.03007936507936508,0.0,0.0,0.9452054794520548,0.0,0.9583333333333334,0.9078947368421053,0.4726027397260274,0.03887343296673174,0.0502326637506485,76,3,0.039473684210526314,0.0,0.014680960193545367,-4.7847130193364755,0.00046645516627713546,validation,0.0273972602739726,0.31506849315068497,0.02890956110912818,0.05263157894736842,0.0,0.0,0.0,0.0,0.8904109589041096,0.9863013698630136,0.0,0.0,0.9558823529411765,0.96,0.038243281310710794,0.03932900205193907,0.8552631578947368,0.9473684210526315,0.4452054794520548,0.4931506849315068,0.0,0.053858768194913864,0.0,0.053858768194913864,0.0,0.053858768194913864
